Warning: Unable to use numba in PP-Tracking, please install numba, for example(python3.7): `pip install numba==0.56.4`
Warning: Unable to use numba in PP-Tracking, please install numba, for example(python3.7): `pip install numba==0.56.4`
loading annotations into memory...
Done (t=0.00s)
creating index...
index created!
[09/21 09:44:37] ppdet.data.source.coco INFO: Load [355 samples valid, 0 samples invalid] in file dataset/banknotes_obb\annotations/train.json.
[09/21 09:44:40] ppdet.utils.checkpoint INFO: The shape [15] in pretrained weight yolo_head.pred_cls.0.bias is unmatched with the shape [1] in model yolo_head.pred_cls.0.bias. And the weight yolo_head.pred_cls.0.bias will not be loaded
[09/21 09:44:40] ppdet.utils.checkpoint INFO: The shape [15, 384, 3, 3] in pretrained weight yolo_head.pred_cls.0.weight is unmatched with the shape [1, 384, 3, 3] in model yolo_head.pred_cls.0.weight. And the weight yolo_head.pred_cls.0.weight will not be loaded
[09/21 09:44:40] ppdet.utils.checkpoint INFO: The shape [15] in pretrained weight yolo_head.pred_cls.1.bias is unmatched with the shape [1] in model yolo_head.pred_cls.1.bias. And the weight yolo_head.pred_cls.1.bias will not be loaded
[09/21 09:44:40] ppdet.utils.checkpoint INFO: The shape [15, 192, 3, 3] in pretrained weight yolo_head.pred_cls.1.weight is unmatched with the shape [1, 192, 3, 3] in model yolo_head.pred_cls.1.weight. And the weight yolo_head.pred_cls.1.weight will not be loaded
[09/21 09:44:40] ppdet.utils.checkpoint INFO: The shape [15] in pretrained weight yolo_head.pred_cls.2.bias is unmatched with the shape [1] in model yolo_head.pred_cls.2.bias. And the weight yolo_head.pred_cls.2.bias will not be loaded
[09/21 09:44:40] ppdet.utils.checkpoint INFO: The shape [15, 96, 3, 3] in pretrained weight yolo_head.pred_cls.2.weight is unmatched with the shape [1, 96, 3, 3] in model yolo_head.pred_cls.2.weight. And the weight yolo_head.pred_cls.2.weight will not be loaded
[09/21 09:44:40] ppdet.utils.checkpoint INFO: Finish loading model weights: C:\Users\Clara/.cache/paddle/weights\ppyoloe_r_crn_s_3x_dota.pdparams
[09/21 09:44:43] ppdet.engine.callbacks INFO: Epoch: [0] [ 0/88] learning_rate: 0.000000 loss: 2.441063 loss_cls: 1.220345 loss_iou: 0.425554 loss_dfl: 3.136645 eta: 5:37:01 batch_cost: 2.8723 data_cost: 0.0132 ips: 1.3926 images/s, max_mem_reserved: 1935 MB, max_mem_allocated: 1606 MB
[09/21 09:44:47] ppdet.engine.callbacks INFO: Epoch: [0] [10/88] learning_rate: 0.000200 loss: 2.383814 loss_cls: 1.243620 loss_iou: 0.313174 loss_dfl: 3.384000 eta: 1:06:48 batch_cost: 0.3400 data_cost: 0.0029 ips: 11.7655 images/s, max_mem_reserved: 1935 MB, max_mem_allocated: 1751 MB
[09/21 09:44:51] ppdet.engine.callbacks INFO: Epoch: [0] [20/88] learning_rate: 0.000400 loss: 1.829430 loss_cls: 0.970461 loss_iou: 0.236765 loss_dfl: 3.596250 eta: 0:54:04 batch_cost: 0.3434 data_cost: 0.0024 ips: 11.6497 images/s, max_mem_reserved: 1935 MB, max_mem_allocated: 1751 MB
[09/21 09:44:54] ppdet.engine.callbacks INFO: Epoch: [0] [30/88] learning_rate: 0.000600 loss: 1.715880 loss_cls: 1.029336 loss_iou: 0.209338 loss_dfl: 2.986772 eta: 0:49:21 batch_cost: 0.3389 data_cost: 0.0022 ips: 11.8021 images/s, max_mem_reserved: 1935 MB, max_mem_allocated: 1751 MB
[09/21 09:44:58] ppdet.engine.callbacks INFO: Epoch: [0] [40/88] learning_rate: 0.000800 loss: 1.641102 loss_cls: 0.992587 loss_iou: 0.209569 loss_dfl: 3.005954 eta: 0:47:44 batch_cost: 0.3681 data_cost: 0.0028 ips: 10.8653 images/s, max_mem_reserved: 1935 MB, max_mem_allocated: 1751 MB
[09/21 09:45:02] ppdet.engine.callbacks INFO: Epoch: [0] [50/88] learning_rate: 0.001000 loss: 1.655757 loss_cls: 0.954001 loss_iou: 0.209935 loss_dfl: 2.776706 eta: 0:46:30 batch_cost: 0.3585 data_cost: 0.0026 ips: 11.1582 images/s, max_mem_reserved: 1935 MB, max_mem_allocated: 1789 MB
[09/21 09:45:06] ppdet.engine.callbacks INFO: Epoch: [0] [60/88] learning_rate: 0.001200 loss: 1.600221 loss_cls: 0.944422 loss_iou: 0.209154 loss_dfl: 2.409873 eta: 0:45:37 batch_cost: 0.3558 data_cost: 0.0024 ips: 11.2416 images/s, max_mem_reserved: 1935 MB, max_mem_allocated: 1789 MB
[09/21 09:45:10] ppdet.engine.callbacks INFO: Epoch: [0] [70/88] learning_rate: 0.001400 loss: 1.572267 loss_cls: 0.944679 loss_iou: 0.177034 loss_dfl: 2.949266 eta: 0:45:12 batch_cost: 0.3714 data_cost: 0.0029 ips: 10.7695 images/s, max_mem_reserved: 1935 MB, max_mem_allocated: 1827 MB
[09/21 09:45:14] ppdet.engine.callbacks INFO: Epoch: [0] [80/88] learning_rate: 0.001600 loss: 1.600058 loss_cls: 1.010913 loss_iou: 0.178687 loss_dfl: 3.122535 eta: 0:44:40 batch_cost: 0.3567 data_cost: 0.0021 ips: 11.2133 images/s, max_mem_reserved: 1935 MB, max_mem_allocated: 1827 MB
[09/21 09:45:18] ppdet.engine.callbacks INFO: Epoch: [1] [ 0/88] learning_rate: 0.001760 loss: 1.607293 loss_cls: 1.038870 loss_iou: 0.186880 loss_dfl: 2.758754 eta: 0:44:38 batch_cost: 0.3822 data_cost: 0.0177 ips: 10.4667 images/s, max_mem_reserved: 1935 MB, max_mem_allocated: 1827 MB
[09/21 09:45:22] ppdet.engine.callbacks INFO: Epoch: [1] [10/88] learning_rate: 0.001960 loss: 1.706826 loss_cls: 1.084670 loss_iou: 0.192134 loss_dfl: 2.534011 eta: 0:44:23 batch_cost: 0.3702 data_cost: 0.0024 ips: 10.8055 images/s, max_mem_reserved: 1935 MB, max_mem_allocated: 1827 MB
[09/21 09:45:26] ppdet.engine.callbacks INFO: Epoch: [1] [20/88] learning_rate: 0.002160 loss: 1.759218 loss_cls: 1.158142 loss_iou: 0.170691 loss_dfl: 2.786454 eta: 0:44:00 batch_cost: 0.3538 data_cost: 0.0024 ips: 11.3059 images/s, max_mem_reserved: 1935 MB, max_mem_allocated: 1827 MB
[09/21 09:45:30] ppdet.engine.callbacks INFO: Epoch: [1] [30/88] learning_rate: 0.002360 loss: 1.651674 loss_cls: 0.961207 loss_iou: 0.202523 loss_dfl: 3.304108 eta: 0:43:47 batch_cost: 0.3639 data_cost: 0.0022 ips: 10.9929 images/s, max_mem_reserved: 1935 MB, max_mem_allocated: 1827 MB
[09/21 09:45:34] ppdet.engine.callbacks INFO: Epoch: [1] [40/88] learning_rate: 0.002560 loss: 1.793425 loss_cls: 1.036325 loss_iou: 0.223941 loss_dfl: 3.048089 eta: 0:43:36 batch_cost: 0.3669 data_cost: 0.0021 ips: 10.9036 images/s, max_mem_reserved: 1935 MB, max_mem_allocated: 1827 MB
[09/21 09:45:38] ppdet.engine.callbacks INFO: Epoch: [1] [50/88] learning_rate: 0.002760 loss: 1.688380 loss_cls: 1.052085 loss_iou: 0.188311 loss_dfl: 3.059504 eta: 0:43:19 batch_cost: 0.3522 data_cost: 0.0024 ips: 11.3571 images/s, max_mem_reserved: 1935 MB, max_mem_allocated: 1827 MB
[09/21 09:45:42] ppdet.engine.callbacks INFO: Epoch: [1] [60/88] learning_rate: 0.002960 loss: 1.714099 loss_cls: 1.125321 loss_iou: 0.183257 loss_dfl: 3.243947 eta: 0:43:10 batch_cost: 0.3657 data_cost: 0.0022 ips: 10.9378 images/s, max_mem_reserved: 1935 MB, max_mem_allocated: 1827 MB
[09/21 09:45:46] ppdet.engine.callbacks INFO: Epoch: [1] [70/88] learning_rate: 0.003160 loss: 1.675331 loss_cls: 0.968861 loss_iou: 0.210664 loss_dfl: 2.837663 eta: 0:42:54 batch_cost: 0.3459 data_cost: 0.0021 ips: 11.5639 images/s, max_mem_reserved: 1935 MB, max_mem_allocated: 1827 MB
[09/21 09:45:50] ppdet.engine.callbacks INFO: Epoch: [1] [80/88] learning_rate: 0.003360 loss: 1.766137 loss_cls: 1.099254 loss_iou: 0.197261 loss_dfl: 2.807723 eta: 0:42:49 batch_cost: 0.3725 data_cost: 0.0028 ips: 10.7392 images/s, max_mem_reserved: 1935 MB, max_mem_allocated: 1827 MB
[09/21 09:45:53] ppdet.engine.callbacks INFO: Epoch: [2] [ 0/88] learning_rate: 0.003520 loss: 1.677590 loss_cls: 1.025870 loss_iou: 0.199813 loss_dfl: 2.671765 eta: 0:42:45 batch_cost: 0.3711 data_cost: 0.0144 ips: 10.7782 images/s, max_mem_reserved: 1935 MB, max_mem_allocated: 1827 MB
[09/21 09:45:57] ppdet.engine.callbacks INFO: Epoch: [2] [10/88] learning_rate: 0.003720 loss: 1.672797 loss_cls: 1.062671 loss_iou: 0.171066 loss_dfl: 3.371275 eta: 0:42:35 batch_cost: 0.3557 data_cost: 0.0024 ips: 11.2458 images/s, max_mem_reserved: 1935 MB, max_mem_allocated: 1827 MB
[09/21 09:46:01] ppdet.engine.callbacks INFO: Epoch: [2] [20/88] learning_rate: 0.003920 loss: 1.583885 loss_cls: 0.927127 loss_iou: 0.191285 loss_dfl: 2.509885 eta: 0:42:25 batch_cost: 0.3557 data_cost: 0.0024 ips: 11.2449 images/s, max_mem_reserved: 1935 MB, max_mem_allocated: 1827 MB
[09/21 09:46:05] ppdet.engine.callbacks INFO: Epoch: [2] [30/88] learning_rate: 0.004000 loss: 1.596636 loss_cls: 0.906604 loss_iou: 0.227991 loss_dfl: 2.555767 eta: 0:42:20 batch_cost: 0.3684 data_cost: 0.0024 ips: 10.8568 images/s, max_mem_reserved: 1935 MB, max_mem_allocated: 1827 MB
[09/21 09:46:09] ppdet.engine.callbacks INFO: Epoch: [2] [40/88] learning_rate: 0.004000 loss: 1.662773 loss_cls: 1.002305 loss_iou: 0.205646 loss_dfl: 2.612767 eta: 0:42:13 batch_cost: 0.3598 data_cost: 0.0025 ips: 11.1183 images/s, max_mem_reserved: 1935 MB, max_mem_allocated: 1827 MB
[09/21 09:46:13] ppdet.engine.callbacks INFO: Epoch: [2] [50/88] learning_rate: 0.004000 loss: 1.658543 loss_cls: 1.061833 loss_iou: 0.178706 loss_dfl: 2.964599 eta: 0:42:06 batch_cost: 0.3602 data_cost: 0.0027 ips: 11.1038 images/s, max_mem_reserved: 1935 MB, max_mem_allocated: 1827 MB
[09/21 09:46:17] ppdet.engine.callbacks INFO: Epoch: [2] [60/88] learning_rate: 0.004000 loss: 1.667608 loss_cls: 1.002795 loss_iou: 0.213225 loss_dfl: 2.969844 eta: 0:42:06 batch_cost: 0.3851 data_cost: 0.0026 ips: 10.3874 images/s, max_mem_reserved: 1935 MB, max_mem_allocated: 1827 MB
[09/21 09:46:21] ppdet.engine.callbacks INFO: Epoch: [2] [70/88] learning_rate: 0.004000 loss: 1.608401 loss_cls: 1.066734 loss_iou: 0.187539 loss_dfl: 2.167755 eta: 0:41:58 batch_cost: 0.3544 data_cost: 0.0029 ips: 11.2872 images/s, max_mem_reserved: 1935 MB, max_mem_allocated: 1827 MB
[09/21 09:46:25] ppdet.engine.callbacks INFO: Epoch: [2] [80/88] learning_rate: 0.004000 loss: 1.665377 loss_cls: 0.948978 loss_iou: 0.215340 loss_dfl: 3.087672 eta: 0:41:51 batch_cost: 0.3573 data_cost: 0.0027 ips: 11.1942 images/s, max_mem_reserved: 1935 MB, max_mem_allocated: 1827 MB
[09/21 09:46:29] ppdet.engine.callbacks INFO: Epoch: [3] [ 0/88] learning_rate: 0.003999 loss: 1.519408 loss_cls: 0.974409 loss_iou: 0.165060 loss_dfl: 2.369586 eta: 0:41:47 batch_cost: 0.3640 data_cost: 0.0149 ips: 10.9880 images/s, max_mem_reserved: 1935 MB, max_mem_allocated: 1827 MB
[09/21 09:46:33] ppdet.engine.callbacks INFO: Epoch: [3] [10/88] learning_rate: 0.003999 loss: 1.544890 loss_cls: 0.966363 loss_iou: 0.173318 loss_dfl: 2.319440 eta: 0:41:39 batch_cost: 0.3525 data_cost: 0.0025 ips: 11.3462 images/s, max_mem_reserved: 1935 MB, max_mem_allocated: 1827 MB
[09/21 09:46:36] ppdet.engine.callbacks INFO: Epoch: [3] [20/88] learning_rate: 0.003999 loss: 1.612297 loss_cls: 1.028814 loss_iou: 0.182024 loss_dfl: 2.541624 eta: 0:41:32 batch_cost: 0.3548 data_cost: 0.0025 ips: 11.2733 images/s, max_mem_reserved: 1935 MB, max_mem_allocated: 1827 MB
[09/21 09:46:40] ppdet.engine.callbacks INFO: Epoch: [3] [30/88] learning_rate: 0.003999 loss: 1.642333 loss_cls: 0.940291 loss_iou: 0.207143 loss_dfl: 3.091387 eta: 0:41:27 batch_cost: 0.3619 data_cost: 0.0025 ips: 11.0542 images/s, max_mem_reserved: 1935 MB, max_mem_allocated: 1827 MB
[09/21 09:46:45] ppdet.engine.callbacks INFO: Epoch: [3] [40/88] learning_rate: 0.003998 loss: 1.637606 loss_cls: 0.961986 loss_iou: 0.182247 loss_dfl: 2.990813 eta: 0:41:26 batch_cost: 0.3824 data_cost: 0.0024 ips: 10.4613 images/s, max_mem_reserved: 1935 MB, max_mem_allocated: 1827 MB
[09/21 09:46:49] ppdet.engine.callbacks INFO: Epoch: [3] [50/88] learning_rate: 0.003998 loss: 1.579554 loss_cls: 0.966403 loss_iou: 0.195388 loss_dfl: 2.489210 eta: 0:41:21 batch_cost: 0.3637 data_cost: 0.0023 ips: 10.9973 images/s, max_mem_reserved: 1935 MB, max_mem_allocated: 1827 MB
[09/21 09:46:53] ppdet.engine.callbacks INFO: Epoch: [3] [60/88] learning_rate: 0.003998 loss: 1.519843 loss_cls: 0.958067 loss_iou: 0.182497 loss_dfl: 2.367580 eta: 0:41:16 batch_cost: 0.3621 data_cost: 0.0025 ips: 11.0454 images/s, max_mem_reserved: 1935 MB, max_mem_allocated: 1827 MB
[09/21 09:46:57] ppdet.engine.callbacks INFO: Epoch: [3] [70/88] learning_rate: 0.003997 loss: 1.506192 loss_cls: 0.981870 loss_iou: 0.165798 loss_dfl: 2.912774 eta: 0:41:13 batch_cost: 0.3692 data_cost: 0.0022 ips: 10.8341 images/s, max_mem_reserved: 1935 MB, max_mem_allocated: 1827 MB
[09/21 09:47:01] ppdet.engine.callbacks INFO: Epoch: [3] [80/88] learning_rate: 0.003997 loss: 1.727100 loss_cls: 1.126842 loss_iou: 0.180002 loss_dfl: 2.933314 eta: 0:41:09 batch_cost: 0.3682 data_cost: 0.0021 ips: 10.8632 images/s, max_mem_reserved: 1935 MB, max_mem_allocated: 1827 MB
[09/21 09:47:04] ppdet.engine.callbacks INFO: Epoch: [4] [ 0/88] learning_rate: 0.003997 loss: 1.684461 loss_cls: 1.131381 loss_iou: 0.140719 loss_dfl: 2.704389 eta: 0:41:07 batch_cost: 0.3705 data_cost: 0.0166 ips: 10.7952 images/s, max_mem_reserved: 1935 MB, max_mem_allocated: 1827 MB
[09/21 09:47:08] ppdet.engine.callbacks INFO: Epoch: [4] [10/88] learning_rate: 0.003996 loss: 1.540005 loss_cls: 0.976417 loss_iou: 0.168433 loss_dfl: 2.844100 eta: 0:41:02 batch_cost: 0.3618 data_cost: 0.0029 ips: 11.0549 images/s, max_mem_reserved: 1935 MB, max_mem_allocated: 1827 MB
[09/21 09:47:12] ppdet.engine.callbacks INFO: Epoch: [4] [20/88] learning_rate: 0.003996 loss: 1.494820 loss_cls: 0.907767 loss_iou: 0.180349 loss_dfl: 3.014910 eta: 0:40:58 batch_cost: 0.3711 data_cost: 0.0027 ips: 10.7774 images/s, max_mem_reserved: 1935 MB, max_mem_allocated: 1827 MB
[09/21 09:47:16] ppdet.engine.callbacks INFO: Epoch: [4] [30/88] learning_rate: 0.003995 loss: 1.593494 loss_cls: 0.933963 loss_iou: 0.216864 loss_dfl: 3.317659 eta: 0:40:56 batch_cost: 0.3783 data_cost: 0.0024 ips: 10.5730 images/s, max_mem_reserved: 1935 MB, max_mem_allocated: 1827 MB
[09/21 09:47:20] ppdet.engine.callbacks INFO: Epoch: [4] [40/88] learning_rate: 0.003995 loss: 1.526098 loss_cls: 0.927768 loss_iou: 0.174896 loss_dfl: 2.890445 eta: 0:40:51 batch_cost: 0.3607 data_cost: 0.0026 ips: 11.0891 images/s, max_mem_reserved: 1935 MB, max_mem_allocated: 1827 MB
[09/21 09:47:25] ppdet.engine.callbacks INFO: Epoch: [4] [50/88] learning_rate: 0.003994 loss: 1.492467 loss_cls: 0.978905 loss_iou: 0.163655 loss_dfl: 2.370245 eta: 0:40:46 batch_cost: 0.3601 data_cost: 0.0026 ips: 11.1089 images/s, max_mem_reserved: 1935 MB, max_mem_allocated: 1827 MB
[09/21 09:47:29] ppdet.engine.callbacks INFO: Epoch: [4] [60/88] learning_rate: 0.003993 loss: 1.428989 loss_cls: 0.851415 loss_iou: 0.164466 loss_dfl: 2.918420 eta: 0:40:47 batch_cost: 0.3983 data_cost: 0.0026 ips: 10.0429 images/s, max_mem_reserved: 1935 MB, max_mem_allocated: 1827 MB
[09/21 09:47:33] ppdet.engine.callbacks INFO: Epoch: [4] [70/88] learning_rate: 0.003993 loss: 1.415258 loss_cls: 0.842968 loss_iou: 0.163002 loss_dfl: 2.519081 eta: 0:40:43 batch_cost: 0.3638 data_cost: 0.0027 ips: 10.9965 images/s, max_mem_reserved: 1935 MB, max_mem_allocated: 1827 MB
[09/21 09:47:37] ppdet.engine.callbacks INFO: Epoch: [4] [80/88] learning_rate: 0.003992 loss: 1.451342 loss_cls: 0.832856 loss_iou: 0.157056 loss_dfl: 1.794036 eta: 0:40:39 batch_cost: 0.3676 data_cost: 0.0022 ips: 10.8829 images/s, max_mem_reserved: 1935 MB, max_mem_allocated: 1827 MB
[09/21 09:47:41] ppdet.utils.checkpoint INFO: Save checkpoint: output
loading annotations into memory...
Done (t=0.00s)
creating index...
index created!
[09/21 09:47:41] ppdet.data.source.coco INFO: Load [100 samples valid, 0 samples invalid] in file dataset/banknotes_obb\annotations/valid.json.
loading annotations into memory...
Done (t=0.00s)
creating index...
index created!
[09/21 09:47:41] ppdet.engine.callbacks INFO: Eval iter: 0
[09/21 09:47:45] ppdet.metrics.metrics INFO: Accumulating evaluatation results...
[09/21 09:47:45] ppdet.metrics.metrics INFO: mAP(0.50, 11point) = 72.46%
[09/21 09:47:45] ppdet.engine.callbacks INFO: Total sample number: 100, average FPS: 22.992155715230613
[09/21 09:47:45] ppdet.engine INFO: Best test bbox ap is 0.725.
[09/21 09:47:45] ppdet.utils.checkpoint INFO: Save checkpoint: output
[09/21 09:47:46] ppdet.engine.callbacks INFO: Epoch: [5] [ 0/88] learning_rate: 0.003992 loss: 1.354759 loss_cls: 0.888607 loss_iou: 0.158840 loss_dfl: 1.890535 eta: 0:40:34 batch_cost: 0.3579 data_cost: 0.0025 ips: 11.1751 images/s, max_mem_reserved: 1935 MB, max_mem_allocated: 1827 MB
[09/21 09:47:50] ppdet.engine.callbacks INFO: Epoch: [5] [10/88] learning_rate: 0.003991 loss: 1.399861 loss_cls: 0.826486 loss_iou: 0.174911 loss_dfl: 2.019765 eta: 0:40:29 batch_cost: 0.3627 data_cost: 0.0024 ips: 11.0287 images/s, max_mem_reserved: 1935 MB, max_mem_allocated: 1827 MB
[09/21 09:47:54] ppdet.engine.callbacks INFO: Epoch: [5] [20/88] learning_rate: 0.003990 loss: 1.376509 loss_cls: 0.818402 loss_iou: 0.180067 loss_dfl: 2.381434 eta: 0:40:23 batch_cost: 0.3546 data_cost: 0.0023 ips: 11.2793 images/s, max_mem_reserved: 1935 MB, max_mem_allocated: 1827 MB
[09/21 09:47:58] ppdet.engine.callbacks INFO: Epoch: [5] [30/88] learning_rate: 0.003989 loss: 1.578381 loss_cls: 0.923220 loss_iou: 0.189182 loss_dfl: 2.349643 eta: 0:40:18 batch_cost: 0.3592 data_cost: 0.0027 ips: 11.1360 images/s, max_mem_reserved: 1935 MB, max_mem_allocated: 1858 MB
[09/21 09:48:02] ppdet.engine.callbacks INFO: Epoch: [5] [40/88] learning_rate: 0.003989 loss: 1.532163 loss_cls: 0.941406 loss_iou: 0.182350 loss_dfl: 2.366163 eta: 0:40:14 batch_cost: 0.3649 data_cost: 0.0024 ips: 10.9609 images/s, max_mem_reserved: 1935 MB, max_mem_allocated: 1858 MB
[09/21 09:48:06] ppdet.engine.callbacks INFO: Epoch: [5] [50/88] learning_rate: 0.003988 loss: 1.419475 loss_cls: 0.890974 loss_iou: 0.163193 loss_dfl: 3.147710 eta: 0:40:10 batch_cost: 0.3639 data_cost: 0.0025 ips: 10.9932 images/s, max_mem_reserved: 1935 MB, max_mem_allocated: 1858 MB
[09/21 09:48:10] ppdet.engine.callbacks INFO: Epoch: [5] [60/88] learning_rate: 0.003987 loss: 1.385698 loss_cls: 0.890977 loss_iou: 0.148925 loss_dfl: 1.948774 eta: 0:40:04 batch_cost: 0.3501 data_cost: 0.0029 ips: 11.4249 images/s, max_mem_reserved: 1935 MB, max_mem_allocated: 1858 MB
[09/21 09:48:14] ppdet.engine.callbacks INFO: Epoch: [5] [70/88] learning_rate: 0.003986 loss: 1.402081 loss_cls: 0.859912 loss_iou: 0.147994 loss_dfl: 2.553296 eta: 0:40:00 batch_cost: 0.3626 data_cost: 0.0029 ips: 11.0301 images/s, max_mem_reserved: 1935 MB, max_mem_allocated: 1858 MB
[09/21 09:48:18] ppdet.engine.callbacks INFO: Epoch: [5] [80/88] learning_rate: 0.003985 loss: 1.363000 loss_cls: 0.861143 loss_iou: 0.160778 loss_dfl: 1.995583 eta: 0:39:56 batch_cost: 0.3661 data_cost: 0.0023 ips: 10.9258 images/s, max_mem_reserved: 1935 MB, max_mem_allocated: 1858 MB
[09/21 09:48:21] ppdet.engine.callbacks INFO: Epoch: [6] [ 0/88] learning_rate: 0.003984 loss: 1.374474 loss_cls: 0.897175 loss_iou: 0.142941 loss_dfl: 1.954762 eta: 0:39:52 batch_cost: 0.3595 data_cost: 0.0137 ips: 11.1259 images/s, max_mem_reserved: 1935 MB, max_mem_allocated: 1858 MB
[09/21 09:48:25] ppdet.engine.callbacks INFO: Epoch: [6] [10/88] learning_rate: 0.003983 loss: 1.393725 loss_cls: 0.863900 loss_iou: 0.158103 loss_dfl: 2.694657 eta: 0:39:50 batch_cost: 0.3789 data_cost: 0.0024 ips: 10.5559 images/s, max_mem_reserved: 1935 MB, max_mem_allocated: 1858 MB
[09/21 09:48:29] ppdet.engine.callbacks INFO: Epoch: [6] [20/88] learning_rate: 0.003982 loss: 1.246561 loss_cls: 0.827207 loss_iou: 0.129911 loss_dfl: 2.256570 eta: 0:39:46 batch_cost: 0.3677 data_cost: 0.0023 ips: 10.8794 images/s, max_mem_reserved: 1935 MB, max_mem_allocated: 1858 MB
[09/21 09:48:33] ppdet.engine.callbacks INFO: Epoch: [6] [30/88] learning_rate: 0.003981 loss: 1.360662 loss_cls: 0.869600 loss_iou: 0.157718 loss_dfl: 1.905277 eta: 0:39:42 batch_cost: 0.3635 data_cost: 0.0025 ips: 11.0056 images/s, max_mem_reserved: 1935 MB, max_mem_allocated: 1858 MB
[09/21 09:48:38] ppdet.engine.callbacks INFO: Epoch: [6] [40/88] learning_rate: 0.003980 loss: 1.389336 loss_cls: 0.873229 loss_iou: 0.147795 loss_dfl: 2.041936 eta: 0:39:45 batch_cost: 0.4273 data_cost: 0.0022 ips: 9.3607 images/s, max_mem_reserved: 1935 MB, max_mem_allocated: 1858 MB
[09/21 09:48:42] ppdet.engine.callbacks INFO: Epoch: [6] [50/88] learning_rate: 0.003979 loss: 1.412089 loss_cls: 0.848238 loss_iou: 0.172593 loss_dfl: 2.607872 eta: 0:39:45 batch_cost: 0.4066 data_cost: 0.0026 ips: 9.8369 images/s, max_mem_reserved: 1935 MB, max_mem_allocated: 1858 MB
[09/21 09:48:46] ppdet.engine.callbacks INFO: Epoch: [6] [60/88] learning_rate: 0.003978 loss: 1.381362 loss_cls: 0.823544 loss_iou: 0.159593 loss_dfl: 2.698019 eta: 0:39:42 batch_cost: 0.3703 data_cost: 0.0024 ips: 10.8029 images/s, max_mem_reserved: 1935 MB, max_mem_allocated: 1858 MB
[09/21 09:48:51] ppdet.engine.callbacks INFO: Epoch: [6] [70/88] learning_rate: 0.003977 loss: 1.352952 loss_cls: 0.787472 loss_iou: 0.146054 loss_dfl: 2.598944 eta: 0:39:41 batch_cost: 0.3921 data_cost: 0.0024 ips: 10.2016 images/s, max_mem_reserved: 1935 MB, max_mem_allocated: 1858 MB
[09/21 09:48:55] ppdet.engine.callbacks INFO: Epoch: [6] [80/88] learning_rate: 0.003976 loss: 1.515392 loss_cls: 0.891941 loss_iou: 0.156119 loss_dfl: 2.672432 eta: 0:39:35 batch_cost: 0.3539 data_cost: 0.0025 ips: 11.3040 images/s, max_mem_reserved: 1935 MB, max_mem_allocated: 1858 MB
[09/21 09:48:58] ppdet.engine.callbacks INFO: Epoch: [7] [ 0/88] learning_rate: 0.003975 loss: 1.393869 loss_cls: 0.880563 loss_iou: 0.160359 loss_dfl: 2.437393 eta: 0:39:33 batch_cost: 0.3727 data_cost: 0.0137 ips: 10.7313 images/s, max_mem_reserved: 1935 MB, max_mem_allocated: 1858 MB
[09/21 09:49:02] ppdet.engine.callbacks INFO: Epoch: [7] [10/88] learning_rate: 0.003974 loss: 1.377609 loss_cls: 0.843194 loss_iou: 0.142390 loss_dfl: 2.485643 eta: 0:39:28 batch_cost: 0.3625 data_cost: 0.0024 ips: 11.0336 images/s, max_mem_reserved: 1935 MB, max_mem_allocated: 1858 MB
[09/21 09:49:06] ppdet.engine.callbacks INFO: Epoch: [7] [20/88] learning_rate: 0.003972 loss: 1.543214 loss_cls: 0.999320 loss_iou: 0.141211 loss_dfl: 2.490942 eta: 0:39:25 batch_cost: 0.3711 data_cost: 0.0022 ips: 10.7790 images/s, max_mem_reserved: 1935 MB, max_mem_allocated: 1858 MB
[09/21 09:49:10] ppdet.engine.callbacks INFO: Epoch: [7] [30/88] learning_rate: 0.003971 loss: 1.299825 loss_cls: 0.877622 loss_iou: 0.135248 loss_dfl: 2.969208 eta: 0:39:19 batch_cost: 0.3492 data_cost: 0.0026 ips: 11.4560 images/s, max_mem_reserved: 1935 MB, max_mem_allocated: 1858 MB
[09/21 09:49:14] ppdet.engine.callbacks INFO: Epoch: [7] [40/88] learning_rate: 0.003970 loss: 1.542722 loss_cls: 0.876697 loss_iou: 0.178274 loss_dfl: 2.777080 eta: 0:39:16 batch_cost: 0.3709 data_cost: 0.0026 ips: 10.7854 images/s, max_mem_reserved: 1935 MB, max_mem_allocated: 1858 MB
[09/21 09:49:18] ppdet.engine.callbacks INFO: Epoch: [7] [50/88] learning_rate: 0.003969 loss: 1.310283 loss_cls: 0.874471 loss_iou: 0.138159 loss_dfl: 2.231710 eta: 0:39:14 batch_cost: 0.3901 data_cost: 0.0027 ips: 10.2548 images/s, max_mem_reserved: 1935 MB, max_mem_allocated: 1858 MB
[09/21 09:49:22] ppdet.engine.callbacks INFO: Epoch: [7] [60/88] learning_rate: 0.003967 loss: 1.571898 loss_cls: 1.039096 loss_iou: 0.165710 loss_dfl: 2.541098 eta: 0:39:10 batch_cost: 0.3662 data_cost: 0.0026 ips: 10.9227 images/s, max_mem_reserved: 1935 MB, max_mem_allocated: 1858 MB
[09/21 09:49:26] ppdet.engine.callbacks INFO: Epoch: [7] [70/88] learning_rate: 0.003966 loss: 1.537957 loss_cls: 1.060114 loss_iou: 0.156307 loss_dfl: 2.118674 eta: 0:39:06 batch_cost: 0.3693 data_cost: 0.0023 ips: 10.8302 images/s, max_mem_reserved: 1935 MB, max_mem_allocated: 1858 MB
[09/21 09:49:30] ppdet.engine.callbacks INFO: Epoch: [7] [80/88] learning_rate: 0.003964 loss: 1.385174 loss_cls: 0.892894 loss_iou: 0.156867 loss_dfl: 2.034385 eta: 0:39:02 batch_cost: 0.3676 data_cost: 0.0020 ips: 10.8810 images/s, max_mem_reserved: 1935 MB, max_mem_allocated: 1858 MB
[09/21 10:01:38] ppdet.engine.callbacks INFO: Epoch: [8] [ 0/88] learning_rate: 0.003963 loss: 1.319886 loss_cls: 0.837952 loss_iou: 0.137877 loss_dfl: 1.967279 eta: 2:27:25 batch_cost: 72.7624 data_cost: 0.0137 ips: 0.0550 images/s, max_mem_reserved: 1935 MB, max_mem_allocated: 1858 MB
[09/21 10:01:50] ppdet.engine.callbacks INFO: Epoch: [8] [10/88] learning_rate: 0.003962 loss: 1.341143 loss_cls: 0.847483 loss_iou: 0.148653 loss_dfl: 2.417012 eta: 2:26:48 batch_cost: 1.1324 data_cost: 0.0025 ips: 3.5324 images/s, max_mem_reserved: 1935 MB, max_mem_allocated: 1858 MB
[09/21 10:01:54] ppdet.engine.callbacks INFO: Epoch: [8] [20/88] learning_rate: 0.003960 loss: 1.299161 loss_cls: 0.813372 loss_iou: 0.157722 loss_dfl: 2.190565 eta: 2:25:04 batch_cost: 0.3572 data_cost: 0.0025 ips: 11.1994 images/s, max_mem_reserved: 1935 MB, max_mem_allocated: 1858 MB
[09/21 10:01:58] ppdet.engine.callbacks INFO: Epoch: [8] [30/88] learning_rate: 0.003959 loss: 1.272095 loss_cls: 0.788339 loss_iou: 0.135512 loss_dfl: 3.163926 eta: 2:23:23 batch_cost: 0.3562 data_cost: 0.0027 ips: 11.2296 images/s, max_mem_reserved: 1935 MB, max_mem_allocated: 1858 MB
[09/21 10:02:02] ppdet.engine.callbacks INFO: Epoch: [8] [40/88] learning_rate: 0.003957 loss: 1.279791 loss_cls: 0.853499 loss_iou: 0.144110 loss_dfl: 2.265336 eta: 2:21:44 batch_cost: 0.3551 data_cost: 0.0024 ips: 11.2657 images/s, max_mem_reserved: 1935 MB, max_mem_allocated: 1858 MB
[09/21 10:02:12] ppdet.engine.callbacks INFO: Epoch: [8] [50/88] learning_rate: 0.003956 loss: 1.393330 loss_cls: 0.904950 loss_iou: 0.141339 loss_dfl: 2.247964 eta: 2:21:00 batch_cost: 0.9922 data_cost: 0.0038 ips: 4.0313 images/s, max_mem_reserved: 1935 MB, max_mem_allocated: 1858 MB
[09/21 10:02:16] ppdet.engine.callbacks INFO: Epoch: [8] [60/88] learning_rate: 0.003954 loss: 1.331956 loss_cls: 0.860453 loss_iou: 0.139876 loss_dfl: 2.654360 eta: 2:19:27 batch_cost: 0.3727 data_cost: 0.0030 ips: 10.7327 images/s, max_mem_reserved: 1935 MB, max_mem_allocated: 1858 MB
[09/21 10:02:20] ppdet.engine.callbacks INFO: Epoch: [8] [70/88] learning_rate: 0.003952 loss: 1.353462 loss_cls: 0.892815 loss_iou: 0.137336 loss_dfl: 2.446000 eta: 2:17:55 batch_cost: 0.3575 data_cost: 0.0031 ips: 11.1888 images/s, max_mem_reserved: 1935 MB, max_mem_allocated: 1858 MB
[09/21 10:02:24] ppdet.engine.callbacks INFO: Epoch: [8] [80/88] learning_rate: 0.003951 loss: 1.275311 loss_cls: 0.826829 loss_iou: 0.137799 loss_dfl: 2.494542 eta: 2:16:25 batch_cost: 0.3549 data_cost: 0.0028 ips: 11.2707 images/s, max_mem_reserved: 1935 MB, max_mem_allocated: 1858 MB
[09/21 10:02:27] ppdet.engine.callbacks INFO: Epoch: [9] [ 0/88] learning_rate: 0.003949 loss: 1.319156 loss_cls: 0.891964 loss_iou: 0.137799 loss_dfl: 2.581893 eta: 2:15:15 batch_cost: 0.3594 data_cost: 0.0159 ips: 11.1304 images/s, max_mem_reserved: 1935 MB, max_mem_allocated: 1858 MB
[09/21 10:02:31] ppdet.engine.callbacks INFO: Epoch: [9] [10/88] learning_rate: 0.003948 loss: 1.219242 loss_cls: 0.830664 loss_iou: 0.126187 loss_dfl: 2.060876 eta: 2:13:50 batch_cost: 0.3737 data_cost: 0.0025 ips: 10.7049 images/s, max_mem_reserved: 1935 MB, max_mem_allocated: 1858 MB
[09/21 10:02:35] ppdet.engine.callbacks INFO: Epoch: [9] [20/88] learning_rate: 0.003946 loss: 1.255773 loss_cls: 0.840274 loss_iou: 0.125109 loss_dfl: 1.860339 eta: 2:12:25 batch_cost: 0.3474 data_cost: 0.0023 ips: 11.5152 images/s, max_mem_reserved: 1935 MB, max_mem_allocated: 1858 MB
[09/21 10:02:39] ppdet.engine.callbacks INFO: Epoch: [9] [30/88] learning_rate: 0.003944 loss: 1.425943 loss_cls: 0.841660 loss_iou: 0.142200 loss_dfl: 2.667736 eta: 2:11:03 batch_cost: 0.3589 data_cost: 0.0029 ips: 11.1463 images/s, max_mem_reserved: 1935 MB, max_mem_allocated: 1858 MB
[09/21 10:03:05] ppdet.engine.callbacks INFO: Epoch: [9] [40/88] learning_rate: 0.003942 loss: 1.380419 loss_cls: 0.825140 loss_iou: 0.150740 loss_dfl: 2.688805 eta: 2:12:22 batch_cost: 2.4992 data_cost: 0.0025 ips: 1.6005 images/s, max_mem_reserved: 1935 MB, max_mem_allocated: 1858 MB
[09/21 10:03:09] ppdet.engine.callbacks INFO: Epoch: [9] [50/88] learning_rate: 0.003941 loss: 1.281856 loss_cls: 0.785424 loss_iou: 0.146927 loss_dfl: 2.142572 eta: 2:11:03 batch_cost: 0.3707 data_cost: 0.0027 ips: 10.7912 images/s, max_mem_reserved: 1935 MB, max_mem_allocated: 1858 MB
[09/21 10:03:13] ppdet.engine.callbacks INFO: Epoch: [9] [60/88] learning_rate: 0.003939 loss: 1.339504 loss_cls: 0.872241 loss_iou: 0.128015 loss_dfl: 2.345667 eta: 2:09:43 batch_cost: 0.3500 data_cost: 0.0027 ips: 11.4292 images/s, max_mem_reserved: 1935 MB, max_mem_allocated: 1858 MB
[09/21 10:03:17] ppdet.engine.callbacks INFO: Epoch: [9] [70/88] learning_rate: 0.003937 loss: 1.403234 loss_cls: 0.826999 loss_iou: 0.161228 loss_dfl: 2.459584 eta: 2:08:27 batch_cost: 0.3664 data_cost: 0.0027 ips: 10.9165 images/s, max_mem_reserved: 1935 MB, max_mem_allocated: 1858 MB
[09/21 10:03:21] ppdet.engine.callbacks INFO: Epoch: [9] [80/88] learning_rate: 0.003935 loss: 1.338731 loss_cls: 0.796608 loss_iou: 0.143941 loss_dfl: 2.112060 eta: 2:07:12 batch_cost: 0.3611 data_cost: 0.0026 ips: 11.0772 images/s, max_mem_reserved: 1935 MB, max_mem_allocated: 1858 MB
[09/21 10:03:24] ppdet.utils.checkpoint INFO: Save checkpoint: output
[09/21 10:03:25] ppdet.engine.callbacks INFO: Eval iter: 0
[09/21 10:03:28] ppdet.metrics.metrics INFO: Accumulating evaluatation results...
[09/21 10:03:28] ppdet.metrics.metrics INFO: mAP(0.50, 11point) = 81.74%
[09/21 10:03:28] ppdet.engine.callbacks INFO: Total sample number: 100, average FPS: 25.830653356078756
[09/21 10:03:28] ppdet.engine INFO: Best test bbox ap is 0.817.
[09/21 10:03:29] ppdet.utils.checkpoint INFO: Save checkpoint: output
[09/21 10:03:29] ppdet.engine.callbacks INFO: Epoch: [10] [ 0/88] learning_rate: 0.003933 loss: 1.342400 loss_cls: 0.855970 loss_iou: 0.144222 loss_dfl: 1.797347 eta: 2:06:13 batch_cost: 0.3592 data_cost: 0.0026 ips: 11.1346 images/s, max_mem_reserved: 1935 MB, max_mem_allocated: 1858 MB
[09/21 10:03:33] ppdet.engine.callbacks INFO: Epoch: [10] [10/88] learning_rate: 0.003931 loss: 1.308614 loss_cls: 0.843576 loss_iou: 0.132163 loss_dfl: 1.797876 eta: 2:05:00 batch_cost: 0.3586 data_cost: 0.0027 ips: 11.1530 images/s, max_mem_reserved: 1935 MB, max_mem_allocated: 1858 MB
[09/21 10:03:37] ppdet.engine.callbacks INFO: Epoch: [10] [20/88] learning_rate: 0.003929 loss: 1.229598 loss_cls: 0.816516 loss_iou: 0.128340 loss_dfl: 2.209264 eta: 2:03:50 batch_cost: 0.3614 data_cost: 0.0026 ips: 11.0680 images/s, max_mem_reserved: 1935 MB, max_mem_allocated: 1858 MB
[09/21 10:03:41] ppdet.engine.callbacks INFO: Epoch: [10] [30/88] learning_rate: 0.003927 loss: 1.208046 loss_cls: 0.785709 loss_iou: 0.125509 loss_dfl: 2.220688 eta: 2:02:40 batch_cost: 0.3595 data_cost: 0.0023 ips: 11.1256 images/s, max_mem_reserved: 1935 MB, max_mem_allocated: 1858 MB
[09/21 10:03:45] ppdet.engine.callbacks INFO: Epoch: [10] [40/88] learning_rate: 0.003925 loss: 1.157891 loss_cls: 0.769666 loss_iou: 0.126577 loss_dfl: 2.129358 eta: 2:01:33 batch_cost: 0.3668 data_cost: 0.0028 ips: 10.9048 images/s, max_mem_reserved: 1935 MB, max_mem_allocated: 1858 MB
[09/21 10:03:50] ppdet.engine.callbacks INFO: Epoch: [10] [50/88] learning_rate: 0.003923 loss: 1.272548 loss_cls: 0.787463 loss_iou: 0.139059 loss_dfl: 2.225800 eta: 2:00:26 batch_cost: 0.3581 data_cost: 0.0031 ips: 11.1712 images/s, max_mem_reserved: 1935 MB, max_mem_allocated: 1858 MB
[09/21 10:03:53] ppdet.engine.callbacks INFO: Epoch: [10] [60/88] learning_rate: 0.003921 loss: 1.322944 loss_cls: 0.833342 loss_iou: 0.145663 loss_dfl: 2.572475 eta: 1:59:21 batch_cost: 0.3572 data_cost: 0.0027 ips: 11.1994 images/s, max_mem_reserved: 1935 MB, max_mem_allocated: 1858 MB
[09/21 10:03:57] ppdet.engine.callbacks INFO: Epoch: [10] [70/88] learning_rate: 0.003919 loss: 1.199828 loss_cls: 0.821977 loss_iou: 0.134256 loss_dfl: 1.958791 eta: 1:58:17 batch_cost: 0.3587 data_cost: 0.0026 ips: 11.1524 images/s, max_mem_reserved: 1935 MB, max_mem_allocated: 1858 MB
[09/21 10:04:02] ppdet.engine.callbacks INFO: Epoch: [10] [80/88] learning_rate: 0.003917 loss: 1.340391 loss_cls: 0.870029 loss_iou: 0.137982 loss_dfl: 2.820751 eta: 1:57:14 batch_cost: 0.3632 data_cost: 0.0024 ips: 11.0143 images/s, max_mem_reserved: 1935 MB, max_mem_allocated: 1858 MB
[09/21 10:04:05] ppdet.engine.callbacks INFO: Epoch: [11] [ 0/88] learning_rate: 0.003915 loss: 1.333818 loss_cls: 0.876282 loss_iou: 0.138744 loss_dfl: 2.484979 eta: 1:56:26 batch_cost: 0.3821 data_cost: 0.0166 ips: 10.4698 images/s, max_mem_reserved: 1935 MB, max_mem_allocated: 1858 MB
[09/21 10:04:09] ppdet.engine.callbacks INFO: Epoch: [11] [10/88] learning_rate: 0.003913 loss: 1.278948 loss_cls: 0.784883 loss_iou: 0.131969 loss_dfl: 2.194382 eta: 1:55:26 batch_cost: 0.3661 data_cost: 0.0027 ips: 10.9257 images/s, max_mem_reserved: 1935 MB, max_mem_allocated: 1858 MB
[09/21 10:04:13] ppdet.engine.callbacks INFO: Epoch: [11] [20/88] learning_rate: 0.003911 loss: 1.292302 loss_cls: 0.794841 loss_iou: 0.157282 loss_dfl: 1.717107 eta: 1:54:27 batch_cost: 0.3578 data_cost: 0.0025 ips: 11.1809 images/s, max_mem_reserved: 1935 MB, max_mem_allocated: 1858 MB
[09/21 10:04:17] ppdet.engine.callbacks INFO: Epoch: [11] [30/88] learning_rate: 0.003908 loss: 1.264328 loss_cls: 0.773270 loss_iou: 0.145281 loss_dfl: 1.871900 eta: 1:53:29 batch_cost: 0.3704 data_cost: 0.0023 ips: 10.7994 images/s, max_mem_reserved: 1935 MB, max_mem_allocated: 1858 MB
[09/21 10:04:21] ppdet.engine.callbacks INFO: Epoch: [11] [40/88] learning_rate: 0.003906 loss: 1.447753 loss_cls: 0.984655 loss_iou: 0.146317 loss_dfl: 2.638256 eta: 1:52:32 batch_cost: 0.3657 data_cost: 0.0032 ips: 10.9377 images/s, max_mem_reserved: 1935 MB, max_mem_allocated: 1858 MB
[09/21 10:04:25] ppdet.engine.callbacks INFO: Epoch: [11] [50/88] learning_rate: 0.003904 loss: 1.347799 loss_cls: 0.880600 loss_iou: 0.125751 loss_dfl: 2.219199 eta: 1:51:36 batch_cost: 0.3528 data_cost: 0.0026 ips: 11.3384 images/s, max_mem_reserved: 1935 MB, max_mem_allocated: 1858 MB
[09/21 10:04:29] ppdet.engine.callbacks INFO: Epoch: [11] [60/88] learning_rate: 0.003901 loss: 1.292358 loss_cls: 0.822299 loss_iou: 0.130297 loss_dfl: 2.196809 eta: 1:50:41 batch_cost: 0.3640 data_cost: 0.0033 ips: 10.9881 images/s, max_mem_reserved: 1935 MB, max_mem_allocated: 1858 MB
[09/21 10:04:33] ppdet.engine.callbacks INFO: Epoch: [11] [70/88] learning_rate: 0.003899 loss: 1.209064 loss_cls: 0.771014 loss_iou: 0.126515 loss_dfl: 2.271432 eta: 1:49:47 batch_cost: 0.3623 data_cost: 0.0030 ips: 11.0403 images/s, max_mem_reserved: 1935 MB, max_mem_allocated: 1858 MB
[09/21 10:04:37] ppdet.engine.callbacks INFO: Epoch: [11] [80/88] learning_rate: 0.003897 loss: 1.174785 loss_cls: 0.731918 loss_iou: 0.137007 loss_dfl: 1.925671 eta: 1:48:54 batch_cost: 0.3556 data_cost: 0.0028 ips: 11.2470 images/s, max_mem_reserved: 1935 MB, max_mem_allocated: 1858 MB
[09/21 10:04:40] ppdet.engine.callbacks INFO: Epoch: [12] [ 0/88] learning_rate: 0.003895 loss: 1.212857 loss_cls: 0.775342 loss_iou: 0.136634 loss_dfl: 2.216871 eta: 1:48:13 batch_cost: 0.3721 data_cost: 0.0158 ips: 10.7499 images/s, max_mem_reserved: 1935 MB, max_mem_allocated: 1858 MB
[09/21 10:04:45] ppdet.engine.callbacks INFO: Epoch: [12] [10/88] learning_rate: 0.003892 loss: 1.311721 loss_cls: 0.776957 loss_iou: 0.136475 loss_dfl: 3.120783 eta: 1:47:22 batch_cost: 0.3669 data_cost: 0.0024 ips: 10.9015 images/s, max_mem_reserved: 1935 MB, max_mem_allocated: 1858 MB
[09/21 10:04:49] ppdet.engine.callbacks INFO: Epoch: [12] [20/88] learning_rate: 0.003890 loss: 1.333991 loss_cls: 0.797923 loss_iou: 0.135061 loss_dfl: 2.488497 eta: 1:46:31 batch_cost: 0.3610 data_cost: 0.0024 ips: 11.0800 images/s, max_mem_reserved: 1935 MB, max_mem_allocated: 1858 MB
[09/21 10:04:53] ppdet.engine.callbacks INFO: Epoch: [12] [30/88] learning_rate: 0.003887 loss: 1.238259 loss_cls: 0.829054 loss_iou: 0.131661 loss_dfl: 2.023187 eta: 1:45:41 batch_cost: 0.3558 data_cost: 0.0028 ips: 11.2433 images/s, max_mem_reserved: 1935 MB, max_mem_allocated: 1858 MB
[09/21 10:04:57] ppdet.engine.callbacks INFO: Epoch: [12] [40/88] learning_rate: 0.003885 loss: 1.139832 loss_cls: 0.727868 loss_iou: 0.128733 loss_dfl: 1.839951 eta: 1:44:53 batch_cost: 0.3626 data_cost: 0.0029 ips: 11.0302 images/s, max_mem_reserved: 1935 MB, max_mem_allocated: 1858 MB
[09/21 10:05:01] ppdet.engine.callbacks INFO: Epoch: [12] [50/88] learning_rate: 0.003882 loss: 1.153289 loss_cls: 0.752184 loss_iou: 0.128875 loss_dfl: 1.680096 eta: 1:44:05 batch_cost: 0.3629 data_cost: 0.0030 ips: 11.0218 images/s, max_mem_reserved: 1935 MB, max_mem_allocated: 1858 MB
[09/21 10:05:05] ppdet.engine.callbacks INFO: Epoch: [12] [60/88] learning_rate: 0.003880 loss: 1.165955 loss_cls: 0.697417 loss_iou: 0.151593 loss_dfl: 2.204093 eta: 1:43:18 batch_cost: 0.3720 data_cost: 0.0029 ips: 10.7515 images/s, max_mem_reserved: 1935 MB, max_mem_allocated: 1858 MB
[09/21 10:05:09] ppdet.engine.callbacks INFO: Epoch: [12] [70/88] learning_rate: 0.003877 loss: 1.163655 loss_cls: 0.707970 loss_iou: 0.137967 loss_dfl: 2.534796 eta: 1:42:31 batch_cost: 0.3530 data_cost: 0.0027 ips: 11.3322 images/s, max_mem_reserved: 1935 MB, max_mem_allocated: 1858 MB
[09/21 10:05:13] ppdet.engine.callbacks INFO: Epoch: [12] [80/88] learning_rate: 0.003874 loss: 1.154224 loss_cls: 0.730465 loss_iou: 0.124183 loss_dfl: 2.194706 eta: 1:41:45 batch_cost: 0.3571 data_cost: 0.0027 ips: 11.2019 images/s, max_mem_reserved: 1935 MB, max_mem_allocated: 1858 MB
[09/21 10:05:16] ppdet.engine.callbacks INFO: Epoch: [13] [ 0/88] learning_rate: 0.003872 loss: 1.138617 loss_cls: 0.711591 loss_iou: 0.120897 loss_dfl: 2.255769 eta: 1:41:09 batch_cost: 0.3567 data_cost: 0.0157 ips: 11.2150 images/s, max_mem_reserved: 1935 MB, max_mem_allocated: 1858 MB
[09/21 10:05:20] ppdet.engine.callbacks INFO: Epoch: [13] [10/88] learning_rate: 0.003869 loss: 1.344077 loss_cls: 0.791748 loss_iou: 0.144835 loss_dfl: 2.000134 eta: 1:40:25 batch_cost: 0.3628 data_cost: 0.0027 ips: 11.0260 images/s, max_mem_reserved: 1935 MB, max_mem_allocated: 1858 MB
[09/21 10:05:24] ppdet.engine.callbacks INFO: Epoch: [13] [20/88] learning_rate: 0.003867 loss: 1.187124 loss_cls: 0.749089 loss_iou: 0.129227 loss_dfl: 2.743286 eta: 1:39:41 batch_cost: 0.3613 data_cost: 0.0027 ips: 11.0716 images/s, max_mem_reserved: 1935 MB, max_mem_allocated: 1858 MB
[09/21 10:05:28] ppdet.engine.callbacks INFO: Epoch: [13] [30/88] learning_rate: 0.003864 loss: 1.215613 loss_cls: 0.737135 loss_iou: 0.136650 loss_dfl: 2.456572 eta: 1:38:58 batch_cost: 0.3545 data_cost: 0.0029 ips: 11.2825 images/s, max_mem_reserved: 1935 MB, max_mem_allocated: 1858 MB
[09/21 10:05:32] ppdet.engine.callbacks INFO: Epoch: [13] [40/88] learning_rate: 0.003861 loss: 1.344155 loss_cls: 0.854880 loss_iou: 0.144809 loss_dfl: 1.814557 eta: 1:38:16 batch_cost: 0.3689 data_cost: 0.0029 ips: 10.8425 images/s, max_mem_reserved: 1935 MB, max_mem_allocated: 1858 MB
[09/21 10:05:36] ppdet.engine.callbacks INFO: Epoch: [13] [50/88] learning_rate: 0.003858 loss: 1.203538 loss_cls: 0.774710 loss_iou: 0.121845 loss_dfl: 2.211576 eta: 1:37:35 batch_cost: 0.3715 data_cost: 0.0028 ips: 10.7682 images/s, max_mem_reserved: 1935 MB, max_mem_allocated: 1858 MB
[09/21 10:05:40] ppdet.engine.callbacks INFO: Epoch: [13] [60/88] learning_rate: 0.003856 loss: 1.194611 loss_cls: 0.762054 loss_iou: 0.131142 loss_dfl: 1.696342 eta: 1:36:54 batch_cost: 0.3646 data_cost: 0.0034 ips: 10.9715 images/s, max_mem_reserved: 1935 MB, max_mem_allocated: 1858 MB
[09/21 10:05:44] ppdet.engine.callbacks INFO: Epoch: [13] [70/88] learning_rate: 0.003853 loss: 1.162472 loss_cls: 0.759881 loss_iou: 0.126217 loss_dfl: 1.925598 eta: 1:36:14 batch_cost: 0.3689 data_cost: 0.0029 ips: 10.8427 images/s, max_mem_reserved: 1935 MB, max_mem_allocated: 1858 MB
[09/21 10:05:48] ppdet.engine.callbacks INFO: Epoch: [13] [80/88] learning_rate: 0.003850 loss: 1.143504 loss_cls: 0.766610 loss_iou: 0.105936 loss_dfl: 2.360093 eta: 1:35:34 batch_cost: 0.3653 data_cost: 0.0031 ips: 10.9507 images/s, max_mem_reserved: 1935 MB, max_mem_allocated: 1858 MB
[09/21 10:05:52] ppdet.engine.callbacks INFO: Epoch: [14] [ 0/88] learning_rate: 0.003847 loss: 1.164183 loss_cls: 0.767467 loss_iou: 0.113931 loss_dfl: 2.082355 eta: 1:35:03 batch_cost: 0.3700 data_cost: 0.0153 ips: 10.8114 images/s, max_mem_reserved: 1935 MB, max_mem_allocated: 1858 MB
[09/21 10:05:56] ppdet.engine.callbacks INFO: Epoch: [14] [10/88] learning_rate: 0.003845 loss: 1.201690 loss_cls: 0.739838 loss_iou: 0.117614 loss_dfl: 2.252263 eta: 1:34:25 batch_cost: 0.3609 data_cost: 0.0025 ips: 11.0834 images/s, max_mem_reserved: 1935 MB, max_mem_allocated: 1858 MB
[09/21 10:06:00] ppdet.engine.callbacks INFO: Epoch: [14] [20/88] learning_rate: 0.003842 loss: 1.246714 loss_cls: 0.747282 loss_iou: 0.138616 loss_dfl: 2.423105 eta: 1:33:46 batch_cost: 0.3587 data_cost: 0.0031 ips: 11.1513 images/s, max_mem_reserved: 1935 MB, max_mem_allocated: 1858 MB
[09/21 10:06:04] ppdet.engine.callbacks INFO: Epoch: [14] [30/88] learning_rate: 0.003839 loss: 1.116225 loss_cls: 0.682506 loss_iou: 0.116986 loss_dfl: 2.164562 eta: 1:33:09 batch_cost: 0.3657 data_cost: 0.0029 ips: 10.9372 images/s, max_mem_reserved: 1935 MB, max_mem_allocated: 1858 MB
[09/21 10:06:08] ppdet.engine.callbacks INFO: Epoch: [14] [40/88] learning_rate: 0.003836 loss: 1.095086 loss_cls: 0.687525 loss_iou: 0.107544 loss_dfl: 2.201928 eta: 1:32:32 batch_cost: 0.3609 data_cost: 0.0030 ips: 11.0830 images/s, max_mem_reserved: 1935 MB, max_mem_allocated: 1858 MB
[09/21 10:06:12] ppdet.engine.callbacks INFO: Epoch: [14] [50/88] learning_rate: 0.003833 loss: 1.204161 loss_cls: 0.734146 loss_iou: 0.139202 loss_dfl: 2.455327 eta: 1:31:56 batch_cost: 0.3738 data_cost: 0.0030 ips: 10.7002 images/s, max_mem_reserved: 1935 MB, max_mem_allocated: 1858 MB
[09/21 10:06:16] ppdet.engine.callbacks INFO: Epoch: [14] [60/88] learning_rate: 0.003829 loss: 1.102021 loss_cls: 0.714201 loss_iou: 0.121886 loss_dfl: 2.222560 eta: 1:31:20 batch_cost: 0.3689 data_cost: 0.0030 ips: 10.8441 images/s, max_mem_reserved: 1935 MB, max_mem_allocated: 1858 MB
[09/21 10:06:20] ppdet.engine.callbacks INFO: Epoch: [14] [70/88] learning_rate: 0.003826 loss: 1.109962 loss_cls: 0.671953 loss_iou: 0.116293 loss_dfl: 2.311582 eta: 1:30:44 batch_cost: 0.3633 data_cost: 0.0034 ips: 11.0094 images/s, max_mem_reserved: 1935 MB, max_mem_allocated: 1858 MB
[09/21 10:06:24] ppdet.engine.callbacks INFO: Epoch: [14] [80/88] learning_rate: 0.003823 loss: 1.084808 loss_cls: 0.651690 loss_iou: 0.122651 loss_dfl: 2.060780 eta: 1:30:08 batch_cost: 0.3429 data_cost: 0.0029 ips: 11.6658 images/s, max_mem_reserved: 1935 MB, max_mem_allocated: 1858 MB
[09/21 10:06:28] ppdet.utils.checkpoint INFO: Save checkpoint: output
[09/21 10:06:28] ppdet.engine.callbacks INFO: Eval iter: 0
[09/21 10:06:32] ppdet.metrics.metrics INFO: Accumulating evaluatation results...
[09/21 10:06:32] ppdet.metrics.metrics INFO: mAP(0.50, 11point) = 81.82%
[09/21 10:06:32] ppdet.engine.callbacks INFO: Total sample number: 100, average FPS: 24.844622778865713
[09/21 10:06:32] ppdet.engine INFO: Best test bbox ap is 0.818.
[09/21 10:06:32] ppdet.utils.checkpoint INFO: Save checkpoint: output
[09/21 10:06:33] ppdet.engine.callbacks INFO: Epoch: [15] [ 0/88] learning_rate: 0.003821 loss: 1.199017 loss_cls: 0.780998 loss_iou: 0.120294 loss_dfl: 1.930142 eta: 1:29:41 batch_cost: 0.3679 data_cost: 0.0026 ips: 10.8736 images/s, max_mem_reserved: 1935 MB, max_mem_allocated: 1858 MB
[09/21 10:06:37] ppdet.engine.callbacks INFO: Epoch: [15] [10/88] learning_rate: 0.003818 loss: 1.106445 loss_cls: 0.750488 loss_iou: 0.107552 loss_dfl: 1.842202 eta: 1:29:07 batch_cost: 0.3597 data_cost: 0.0029 ips: 11.1193 images/s, max_mem_reserved: 1935 MB, max_mem_allocated: 1858 MB
[09/21 10:06:41] ppdet.engine.callbacks INFO: Epoch: [15] [20/88] learning_rate: 0.003814 loss: 1.171115 loss_cls: 0.750176 loss_iou: 0.129558 loss_dfl: 2.235766 eta: 1:28:33 batch_cost: 0.3641 data_cost: 0.0030 ips: 10.9869 images/s, max_mem_reserved: 1935 MB, max_mem_allocated: 1858 MB
[09/21 10:06:45] ppdet.engine.callbacks INFO: Epoch: [15] [30/88] learning_rate: 0.003811 loss: 1.095170 loss_cls: 0.713808 loss_iou: 0.104754 loss_dfl: 1.615680 eta: 1:28:00 batch_cost: 0.3746 data_cost: 0.0030 ips: 10.6783 images/s, max_mem_reserved: 1935 MB, max_mem_allocated: 1858 MB
[09/21 10:06:49] ppdet.engine.callbacks INFO: Epoch: [15] [40/88] learning_rate: 0.003808 loss: 1.198048 loss_cls: 0.740720 loss_iou: 0.122642 loss_dfl: 2.905075 eta: 1:27:27 batch_cost: 0.3550 data_cost: 0.0029 ips: 11.2690 images/s, max_mem_reserved: 1935 MB, max_mem_allocated: 1858 MB
[09/21 10:06:53] ppdet.engine.callbacks INFO: Epoch: [15] [50/88] learning_rate: 0.003805 loss: 1.197748 loss_cls: 0.757342 loss_iou: 0.118101 loss_dfl: 2.119309 eta: 1:26:55 batch_cost: 0.3626 data_cost: 0.0029 ips: 11.0302 images/s, max_mem_reserved: 1935 MB, max_mem_allocated: 1858 MB
[09/21 10:06:57] ppdet.engine.callbacks INFO: Epoch: [15] [60/88] learning_rate: 0.003801 loss: 1.131456 loss_cls: 0.721000 loss_iou: 0.119514 loss_dfl: 1.849275 eta: 1:26:23 batch_cost: 0.3640 data_cost: 0.0028 ips: 10.9888 images/s, max_mem_reserved: 1935 MB, max_mem_allocated: 1858 MB
[09/21 10:07:01] ppdet.engine.callbacks INFO: Epoch: [15] [70/88] learning_rate: 0.003798 loss: 1.292745 loss_cls: 0.795489 loss_iou: 0.135497 loss_dfl: 2.900796 eta: 1:25:52 batch_cost: 0.3749 data_cost: 0.0031 ips: 10.6694 images/s, max_mem_reserved: 1935 MB, max_mem_allocated: 1858 MB
[09/21 10:07:05] ppdet.engine.callbacks INFO: Epoch: [15] [80/88] learning_rate: 0.003795 loss: 1.185500 loss_cls: 0.738884 loss_iou: 0.123595 loss_dfl: 2.853967 eta: 1:25:20 batch_cost: 0.3609 data_cost: 0.0029 ips: 11.0839 images/s, max_mem_reserved: 1935 MB, max_mem_allocated: 1858 MB
[09/21 10:07:09] ppdet.engine.callbacks INFO: Epoch: [16] [ 0/88] learning_rate: 0.003792 loss: 1.137636 loss_cls: 0.686542 loss_iou: 0.121475 loss_dfl: 2.016623 eta: 1:24:56 batch_cost: 0.3689 data_cost: 0.0152 ips: 10.8430 images/s, max_mem_reserved: 1935 MB, max_mem_allocated: 1858 MB
[09/21 10:07:12] ppdet.engine.callbacks INFO: Epoch: [16] [10/88] learning_rate: 0.003789 loss: 1.179678 loss_cls: 0.717907 loss_iou: 0.132342 loss_dfl: 2.397191 eta: 1:24:24 batch_cost: 0.3488 data_cost: 0.0029 ips: 11.4690 images/s, max_mem_reserved: 1935 MB, max_mem_allocated: 1858 MB
[09/21 10:07:16] ppdet.engine.callbacks INFO: Epoch: [16] [20/88] learning_rate: 0.003785 loss: 1.075236 loss_cls: 0.682966 loss_iou: 0.109085 loss_dfl: 1.803638 eta: 1:23:54 batch_cost: 0.3574 data_cost: 0.0030 ips: 11.1935 images/s, max_mem_reserved: 1935 MB, max_mem_allocated: 1858 MB
[09/21 10:07:20] ppdet.engine.callbacks INFO: Epoch: [16] [30/88] learning_rate: 0.003782 loss: 1.033415 loss_cls: 0.694487 loss_iou: 0.110826 loss_dfl: 2.026936 eta: 1:23:24 batch_cost: 0.3480 data_cost: 0.0030 ips: 11.4950 images/s, max_mem_reserved: 1935 MB, max_mem_allocated: 1858 MB
[09/21 10:07:24] ppdet.engine.callbacks INFO: Epoch: [16] [40/88] learning_rate: 0.003778 loss: 1.109328 loss_cls: 0.717564 loss_iou: 0.125393 loss_dfl: 2.387754 eta: 1:22:54 batch_cost: 0.3599 data_cost: 0.0032 ips: 11.1146 images/s, max_mem_reserved: 1935 MB, max_mem_allocated: 1858 MB
[09/21 10:07:28] ppdet.engine.callbacks INFO: Epoch: [16] [50/88] learning_rate: 0.003775 loss: 1.106338 loss_cls: 0.694282 loss_iou: 0.118889 loss_dfl: 2.498457 eta: 1:22:26 batch_cost: 0.3714 data_cost: 0.0030 ips: 10.7712 images/s, max_mem_reserved: 1935 MB, max_mem_allocated: 1858 MB
[09/21 10:07:33] ppdet.engine.callbacks INFO: Epoch: [16] [60/88] learning_rate: 0.003771 loss: 1.188873 loss_cls: 0.711169 loss_iou: 0.128533 loss_dfl: 2.303176 eta: 1:21:57 batch_cost: 0.3690 data_cost: 0.0030 ips: 10.8394 images/s, max_mem_reserved: 1935 MB, max_mem_allocated: 1858 MB
[09/21 10:07:37] ppdet.engine.callbacks INFO: Epoch: [16] [70/88] learning_rate: 0.003768 loss: 1.037457 loss_cls: 0.672445 loss_iou: 0.115813 loss_dfl: 1.877639 eta: 1:21:29 batch_cost: 0.3776 data_cost: 0.0032 ips: 10.5933 images/s, max_mem_reserved: 1935 MB, max_mem_allocated: 1858 MB
[09/21 10:07:41] ppdet.engine.callbacks INFO: Epoch: [16] [80/88] learning_rate: 0.003764 loss: 0.952877 loss_cls: 0.634072 loss_iou: 0.109949 loss_dfl: 1.455806 eta: 1:21:01 batch_cost: 0.3622 data_cost: 0.0034 ips: 11.0438 images/s, max_mem_reserved: 1935 MB, max_mem_allocated: 1858 MB
[09/21 10:07:44] ppdet.engine.callbacks INFO: Epoch: [17] [ 0/88] learning_rate: 0.003761 loss: 1.012160 loss_cls: 0.639481 loss_iou: 0.114698 loss_dfl: 1.807963 eta: 1:20:39 batch_cost: 0.3802 data_cost: 0.0171 ips: 10.5216 images/s, max_mem_reserved: 1935 MB, max_mem_allocated: 1858 MB
[09/21 10:07:48] ppdet.engine.callbacks INFO: Epoch: [17] [10/88] learning_rate: 0.003758 loss: 1.008082 loss_cls: 0.642204 loss_iou: 0.104092 loss_dfl: 1.954509 eta: 1:20:12 batch_cost: 0.3602 data_cost: 0.0027 ips: 11.1048 images/s, max_mem_reserved: 1935 MB, max_mem_allocated: 1858 MB
[09/21 10:07:52] ppdet.engine.callbacks INFO: Epoch: [17] [20/88] learning_rate: 0.003754 loss: 1.093736 loss_cls: 0.694074 loss_iou: 0.122028 loss_dfl: 2.115189 eta: 1:19:44 batch_cost: 0.3544 data_cost: 0.0028 ips: 11.2876 images/s, max_mem_reserved: 1935 MB, max_mem_allocated: 1858 MB
[09/21 10:07:56] ppdet.engine.callbacks INFO: Epoch: [17] [30/88] learning_rate: 0.003750 loss: 1.064360 loss_cls: 0.674205 loss_iou: 0.115728 loss_dfl: 2.041175 eta: 1:19:18 batch_cost: 0.3658 data_cost: 0.0031 ips: 10.9360 images/s, max_mem_reserved: 1935 MB, max_mem_allocated: 1858 MB
[09/21 10:08:00] ppdet.engine.callbacks INFO: Epoch: [17] [40/88] learning_rate: 0.003747 loss: 1.045497 loss_cls: 0.675698 loss_iou: 0.116492 loss_dfl: 1.947936 eta: 1:18:51 batch_cost: 0.3598 data_cost: 0.0030 ips: 11.1159 images/s, max_mem_reserved: 1935 MB, max_mem_allocated: 1858 MB
[09/21 10:08:04] ppdet.engine.callbacks INFO: Epoch: [17] [50/88] learning_rate: 0.003743 loss: 1.050204 loss_cls: 0.656202 loss_iou: 0.113887 loss_dfl: 2.079027 eta: 1:18:24 batch_cost: 0.3589 data_cost: 0.0030 ips: 11.1452 images/s, max_mem_reserved: 1935 MB, max_mem_allocated: 1858 MB
[09/21 10:08:08] ppdet.engine.callbacks INFO: Epoch: [17] [60/88] learning_rate: 0.003739 loss: 1.003904 loss_cls: 0.617729 loss_iou: 0.097402 loss_dfl: 1.944553 eta: 1:17:58 batch_cost: 0.3589 data_cost: 0.0029 ips: 11.1461 images/s, max_mem_reserved: 1935 MB, max_mem_allocated: 1858 MB
[09/21 10:08:12] ppdet.engine.callbacks INFO: Epoch: [17] [70/88] learning_rate: 0.003735 loss: 1.161880 loss_cls: 0.729522 loss_iou: 0.120014 loss_dfl: 2.506156 eta: 1:17:33 batch_cost: 0.3740 data_cost: 0.0031 ips: 10.6950 images/s, max_mem_reserved: 1935 MB, max_mem_allocated: 1858 MB
[09/21 10:08:16] ppdet.engine.callbacks INFO: Epoch: [17] [80/88] learning_rate: 0.003732 loss: 1.072192 loss_cls: 0.698003 loss_iou: 0.120441 loss_dfl: 2.518386 eta: 1:17:08 batch_cost: 0.3622 data_cost: 0.0030 ips: 11.0446 images/s, max_mem_reserved: 1935 MB, max_mem_allocated: 1858 MB
[09/21 10:08:20] ppdet.engine.callbacks INFO: Epoch: [18] [ 0/88] learning_rate: 0.003728 loss: 1.053922 loss_cls: 0.698003 loss_iou: 0.110878 loss_dfl: 1.837127 eta: 1:16:47 batch_cost: 0.3521 data_cost: 0.0146 ips: 11.3594 images/s, max_mem_reserved: 1935 MB, max_mem_allocated: 1858 MB
[09/21 10:08:24] ppdet.engine.callbacks INFO: Epoch: [18] [10/88] learning_rate: 0.003725 loss: 1.021923 loss_cls: 0.709324 loss_iou: 0.104688 loss_dfl: 1.605643 eta: 1:16:22 batch_cost: 0.3627 data_cost: 0.0026 ips: 11.0297 images/s, max_mem_reserved: 1935 MB, max_mem_allocated: 1858 MB
[09/21 10:08:28] ppdet.engine.callbacks INFO: Epoch: [18] [20/88] learning_rate: 0.003721 loss: 1.001194 loss_cls: 0.693932 loss_iou: 0.095567 loss_dfl: 1.537558 eta: 1:15:57 batch_cost: 0.3496 data_cost: 0.0029 ips: 11.4416 images/s, max_mem_reserved: 1935 MB, max_mem_allocated: 1858 MB
[09/21 10:08:32] ppdet.engine.callbacks INFO: Epoch: [18] [30/88] learning_rate: 0.003717 loss: 1.084215 loss_cls: 0.692988 loss_iou: 0.106919 loss_dfl: 2.685093 eta: 1:15:33 batch_cost: 0.3636 data_cost: 0.0033 ips: 11.0021 images/s, max_mem_reserved: 1935 MB, max_mem_allocated: 1858 MB
[09/21 10:08:36] ppdet.engine.callbacks INFO: Epoch: [18] [40/88] learning_rate: 0.003713 loss: 1.221590 loss_cls: 0.724171 loss_iou: 0.140350 loss_dfl: 2.558312 eta: 1:15:10 batch_cost: 0.3877 data_cost: 0.0029 ips: 10.3181 images/s, max_mem_reserved: 1935 MB, max_mem_allocated: 1858 MB
[09/21 10:08:40] ppdet.engine.callbacks INFO: Epoch: [18] [50/88] learning_rate: 0.003709 loss: 1.100903 loss_cls: 0.683378 loss_iou: 0.110676 loss_dfl: 2.411220 eta: 1:14:46 batch_cost: 0.3558 data_cost: 0.0029 ips: 11.2424 images/s, max_mem_reserved: 1935 MB, max_mem_allocated: 1858 MB
[09/21 10:08:44] ppdet.engine.callbacks INFO: Epoch: [18] [60/88] learning_rate: 0.003705 loss: 0.939615 loss_cls: 0.605640 loss_iou: 0.097706 loss_dfl: 1.940927 eta: 1:14:22 batch_cost: 0.3499 data_cost: 0.0032 ips: 11.4327 images/s, max_mem_reserved: 1935 MB, max_mem_allocated: 1858 MB
[09/21 10:08:48] ppdet.engine.callbacks INFO: Epoch: [18] [70/88] learning_rate: 0.003701 loss: 1.063146 loss_cls: 0.647558 loss_iou: 0.126519 loss_dfl: 1.982169 eta: 1:13:58 batch_cost: 0.3592 data_cost: 0.0029 ips: 11.1350 images/s, max_mem_reserved: 1935 MB, max_mem_allocated: 1858 MB
[09/21 10:08:52] ppdet.engine.callbacks INFO: Epoch: [18] [80/88] learning_rate: 0.003697 loss: 1.203744 loss_cls: 0.724766 loss_iou: 0.134319 loss_dfl: 2.293206 eta: 1:13:35 batch_cost: 0.3535 data_cost: 0.0031 ips: 11.3139 images/s, max_mem_reserved: 1935 MB, max_mem_allocated: 1858 MB
[09/21 10:08:55] ppdet.engine.callbacks INFO: Epoch: [19] [ 0/88] learning_rate: 0.003694 loss: 1.100130 loss_cls: 0.695698 loss_iou: 0.122887 loss_dfl: 2.118444 eta: 1:13:17 batch_cost: 0.3829 data_cost: 0.0152 ips: 10.4470 images/s, max_mem_reserved: 1935 MB, max_mem_allocated: 1858 MB
[09/21 10:08:59] ppdet.engine.callbacks INFO: Epoch: [19] [10/88] learning_rate: 0.003690 loss: 1.076631 loss_cls: 0.715655 loss_iou: 0.113074 loss_dfl: 1.563232 eta: 1:12:54 batch_cost: 0.3570 data_cost: 0.0029 ips: 11.2030 images/s, max_mem_reserved: 1935 MB, max_mem_allocated: 1858 MB
[09/21 10:09:03] ppdet.engine.callbacks INFO: Epoch: [19] [20/88] learning_rate: 0.003686 loss: 1.095704 loss_cls: 0.678366 loss_iou: 0.108718 loss_dfl: 2.253630 eta: 1:12:32 batch_cost: 0.3634 data_cost: 0.0029 ips: 11.0079 images/s, max_mem_reserved: 1935 MB, max_mem_allocated: 1858 MB
[09/21 10:09:07] ppdet.engine.callbacks INFO: Epoch: [19] [30/88] learning_rate: 0.003682 loss: 1.072010 loss_cls: 0.684245 loss_iou: 0.103322 loss_dfl: 2.149926 eta: 1:12:09 batch_cost: 0.3550 data_cost: 0.0030 ips: 11.2681 images/s, max_mem_reserved: 1935 MB, max_mem_allocated: 1858 MB
[09/21 10:09:11] ppdet.engine.callbacks INFO: Epoch: [19] [40/88] learning_rate: 0.003677 loss: 1.056988 loss_cls: 0.708922 loss_iou: 0.098350 loss_dfl: 1.711205 eta: 1:11:47 batch_cost: 0.3559 data_cost: 0.0030 ips: 11.2401 images/s, max_mem_reserved: 1935 MB, max_mem_allocated: 1858 MB
[09/21 10:09:15] ppdet.engine.callbacks INFO: Epoch: [19] [50/88] learning_rate: 0.003673 loss: 1.121010 loss_cls: 0.719331 loss_iou: 0.108178 loss_dfl: 2.664097 eta: 1:11:25 batch_cost: 0.3703 data_cost: 0.0029 ips: 10.8028 images/s, max_mem_reserved: 1935 MB, max_mem_allocated: 1858 MB
[09/21 10:09:19] ppdet.engine.callbacks INFO: Epoch: [19] [60/88] learning_rate: 0.003669 loss: 1.003902 loss_cls: 0.676174 loss_iou: 0.103248 loss_dfl: 1.995426 eta: 1:11:03 batch_cost: 0.3586 data_cost: 0.0029 ips: 11.1538 images/s, max_mem_reserved: 1935 MB, max_mem_allocated: 1858 MB
[09/21 10:09:23] ppdet.engine.callbacks INFO: Epoch: [19] [70/88] learning_rate: 0.003665 loss: 1.080478 loss_cls: 0.674312 loss_iou: 0.109647 loss_dfl: 2.462539 eta: 1:10:42 batch_cost: 0.3551 data_cost: 0.0028 ips: 11.2634 images/s, max_mem_reserved: 1935 MB, max_mem_allocated: 1858 MB
[09/21 10:09:27] ppdet.engine.callbacks INFO: Epoch: [19] [80/88] learning_rate: 0.003661 loss: 1.103955 loss_cls: 0.730636 loss_iou: 0.112039 loss_dfl: 2.324264 eta: 1:10:20 batch_cost: 0.3609 data_cost: 0.0030 ips: 11.0826 images/s, max_mem_reserved: 1935 MB, max_mem_allocated: 1858 MB
[09/21 10:09:31] ppdet.utils.checkpoint INFO: Save checkpoint: output
[09/21 10:09:31] ppdet.engine.callbacks INFO: Eval iter: 0
[09/21 10:09:35] ppdet.metrics.metrics INFO: Accumulating evaluatation results...
[09/21 10:09:35] ppdet.metrics.metrics INFO: mAP(0.50, 11point) = 81.74%
[09/21 10:09:35] ppdet.engine.callbacks INFO: Total sample number: 100, average FPS: 26.156386768920708
[09/21 10:09:35] ppdet.engine INFO: Best test bbox ap is 0.818.
[09/21 10:09:35] ppdet.engine.callbacks INFO: Epoch: [20] [ 0/88] learning_rate: 0.003657 loss: 1.131712 loss_cls: 0.710475 loss_iou: 0.109903 loss_dfl: 3.015681 eta: 1:10:04 batch_cost: 0.3766 data_cost: 0.0029 ips: 10.6216 images/s, max_mem_reserved: 1935 MB, max_mem_allocated: 1858 MB
[09/21 10:09:39] ppdet.engine.callbacks INFO: Epoch: [20] [10/88] learning_rate: 0.003653 loss: 1.074247 loss_cls: 0.660691 loss_iou: 0.111061 loss_dfl: 1.948208 eta: 1:09:43 batch_cost: 0.3459 data_cost: 0.0030 ips: 11.5646 images/s, max_mem_reserved: 1935 MB, max_mem_allocated: 1858 MB
[09/21 10:09:43] ppdet.engine.callbacks INFO: Epoch: [20] [20/88] learning_rate: 0.003649 loss: 1.001098 loss_cls: 0.636283 loss_iou: 0.103435 loss_dfl: 2.023065 eta: 1:09:22 batch_cost: 0.3570 data_cost: 0.0025 ips: 11.2053 images/s, max_mem_reserved: 1935 MB, max_mem_allocated: 1858 MB
[09/21 10:09:47] ppdet.engine.callbacks INFO: Epoch: [20] [30/88] learning_rate: 0.003644 loss: 0.990524 loss_cls: 0.658076 loss_iou: 0.106248 loss_dfl: 1.993345 eta: 1:09:02 batch_cost: 0.3726 data_cost: 0.0034 ips: 10.7358 images/s, max_mem_reserved: 1935 MB, max_mem_allocated: 1858 MB
[09/21 10:09:51] ppdet.engine.callbacks INFO: Epoch: [20] [40/88] learning_rate: 0.003640 loss: 1.090352 loss_cls: 0.707743 loss_iou: 0.108512 loss_dfl: 2.233402 eta: 1:08:41 batch_cost: 0.3641 data_cost: 0.0025 ips: 10.9868 images/s, max_mem_reserved: 1935 MB, max_mem_allocated: 1858 MB
[09/21 10:09:55] ppdet.engine.callbacks INFO: Epoch: [20] [50/88] learning_rate: 0.003636 loss: 0.978885 loss_cls: 0.655110 loss_iou: 0.092258 loss_dfl: 1.945346 eta: 1:08:21 batch_cost: 0.3411 data_cost: 0.0024 ips: 11.7274 images/s, max_mem_reserved: 1935 MB, max_mem_allocated: 1858 MB
[09/21 10:09:59] ppdet.engine.callbacks INFO: Epoch: [20] [60/88] learning_rate: 0.003631 loss: 0.984355 loss_cls: 0.638502 loss_iou: 0.090968 loss_dfl: 2.209764 eta: 1:08:00 batch_cost: 0.3497 data_cost: 0.0024 ips: 11.4374 images/s, max_mem_reserved: 1935 MB, max_mem_allocated: 1858 MB
[09/21 10:10:03] ppdet.engine.callbacks INFO: Epoch: [20] [70/88] learning_rate: 0.003627 loss: 1.004447 loss_cls: 0.664555 loss_iou: 0.089674 loss_dfl: 1.965734 eta: 1:07:40 batch_cost: 0.3555 data_cost: 0.0025 ips: 11.2524 images/s, max_mem_reserved: 1935 MB, max_mem_allocated: 1858 MB
[09/21 10:10:07] ppdet.engine.callbacks INFO: Epoch: [20] [80/88] learning_rate: 0.003622 loss: 1.018621 loss_cls: 0.661325 loss_iou: 0.098128 loss_dfl: 2.061302 eta: 1:07:21 batch_cost: 0.3628 data_cost: 0.0030 ips: 11.0245 images/s, max_mem_reserved: 1935 MB, max_mem_allocated: 1858 MB
[09/21 10:10:10] ppdet.engine.callbacks INFO: Epoch: [21] [ 0/88] learning_rate: 0.003619 loss: 1.212870 loss_cls: 0.733311 loss_iou: 0.131718 loss_dfl: 2.346010 eta: 1:07:05 batch_cost: 0.3726 data_cost: 0.0130 ips: 10.7363 images/s, max_mem_reserved: 1935 MB, max_mem_allocated: 1858 MB
[09/21 10:10:14] ppdet.engine.callbacks INFO: Epoch: [21] [10/88] learning_rate: 0.003614 loss: 1.043913 loss_cls: 0.699832 loss_iou: 0.110226 loss_dfl: 2.127851 eta: 1:06:46 batch_cost: 0.3493 data_cost: 0.0024 ips: 11.4520 images/s, max_mem_reserved: 1935 MB, max_mem_allocated: 1858 MB
[09/21 10:10:18] ppdet.engine.callbacks INFO: Epoch: [21] [20/88] learning_rate: 0.003610 loss: 1.058891 loss_cls: 0.660493 loss_iou: 0.099880 loss_dfl: 1.895861 eta: 1:06:26 batch_cost: 0.3436 data_cost: 0.0028 ips: 11.6411 images/s, max_mem_reserved: 1935 MB, max_mem_allocated: 1858 MB
[09/21 10:10:22] ppdet.engine.callbacks INFO: Epoch: [21] [30/88] learning_rate: 0.003605 loss: 1.099040 loss_cls: 0.681314 loss_iou: 0.103093 loss_dfl: 2.358231 eta: 1:06:07 batch_cost: 0.3452 data_cost: 0.0029 ips: 11.5887 images/s, max_mem_reserved: 1935 MB, max_mem_allocated: 1858 MB
[09/21 10:10:26] ppdet.engine.callbacks INFO: Epoch: [21] [40/88] learning_rate: 0.003601 loss: 0.997646 loss_cls: 0.672938 loss_iou: 0.099949 loss_dfl: 1.371532 eta: 1:05:48 batch_cost: 0.3595 data_cost: 0.0027 ips: 11.1277 images/s, max_mem_reserved: 1935 MB, max_mem_allocated: 1858 MB
[09/21 10:10:30] ppdet.engine.callbacks INFO: Epoch: [21] [50/88] learning_rate: 0.003596 loss: 1.023169 loss_cls: 0.669822 loss_iou: 0.102408 loss_dfl: 2.245931 eta: 1:05:29 batch_cost: 0.3578 data_cost: 0.0028 ips: 11.1781 images/s, max_mem_reserved: 1935 MB, max_mem_allocated: 1858 MB
[09/21 10:10:34] ppdet.engine.callbacks INFO: Epoch: [21] [60/88] learning_rate: 0.003591 loss: 1.027193 loss_cls: 0.628594 loss_iou: 0.102659 loss_dfl: 2.114731 eta: 1:05:11 batch_cost: 0.3681 data_cost: 0.0023 ips: 10.8667 images/s, max_mem_reserved: 1935 MB, max_mem_allocated: 1858 MB
[09/21 10:10:38] ppdet.engine.callbacks INFO: Epoch: [21] [70/88] learning_rate: 0.003587 loss: 1.093887 loss_cls: 0.636430 loss_iou: 0.128473 loss_dfl: 2.638216 eta: 1:04:53 batch_cost: 0.3630 data_cost: 0.0030 ips: 11.0196 images/s, max_mem_reserved: 1935 MB, max_mem_allocated: 1858 MB
[09/21 10:10:42] ppdet.engine.callbacks INFO: Epoch: [21] [80/88] learning_rate: 0.003582 loss: 1.099600 loss_cls: 0.688827 loss_iou: 0.129861 loss_dfl: 2.018774 eta: 1:04:35 batch_cost: 0.3684 data_cost: 0.0027 ips: 10.8588 images/s, max_mem_reserved: 1935 MB, max_mem_allocated: 1858 MB
[09/21 10:10:45] ppdet.engine.callbacks INFO: Epoch: [22] [ 0/88] learning_rate: 0.003578 loss: 1.020772 loss_cls: 0.650519 loss_iou: 0.105075 loss_dfl: 2.017285 eta: 1:04:20 batch_cost: 0.3719 data_cost: 0.0129 ips: 10.7544 images/s, max_mem_reserved: 1935 MB, max_mem_allocated: 1858 MB
[09/21 10:10:49] ppdet.engine.callbacks INFO: Epoch: [22] [10/88] learning_rate: 0.003574 loss: 1.101606 loss_cls: 0.683119 loss_iou: 0.127660 loss_dfl: 2.216689 eta: 1:04:02 batch_cost: 0.3613 data_cost: 0.0027 ips: 11.0707 images/s, max_mem_reserved: 1935 MB, max_mem_allocated: 1858 MB
[09/21 10:10:53] ppdet.engine.callbacks INFO: Epoch: [22] [20/88] learning_rate: 0.003569 loss: 1.103547 loss_cls: 0.692373 loss_iou: 0.114408 loss_dfl: 2.534696 eta: 1:03:45 batch_cost: 0.3664 data_cost: 0.0027 ips: 10.9167 images/s, max_mem_reserved: 1935 MB, max_mem_allocated: 1858 MB
[09/21 10:10:57] ppdet.engine.callbacks INFO: Epoch: [22] [30/88] learning_rate: 0.003564 loss: 1.070899 loss_cls: 0.669057 loss_iou: 0.110978 loss_dfl: 2.209990 eta: 1:03:27 batch_cost: 0.3624 data_cost: 0.0029 ips: 11.0366 images/s, max_mem_reserved: 1935 MB, max_mem_allocated: 1858 MB
[09/21 10:11:01] ppdet.engine.callbacks INFO: Epoch: [22] [40/88] learning_rate: 0.003560 loss: 0.992666 loss_cls: 0.612847 loss_iou: 0.102506 loss_dfl: 2.006058 eta: 1:03:10 batch_cost: 0.3535 data_cost: 0.0023 ips: 11.3169 images/s, max_mem_reserved: 1935 MB, max_mem_allocated: 1858 MB
[09/21 10:11:05] ppdet.engine.callbacks INFO: Epoch: [22] [50/88] learning_rate: 0.003555 loss: 0.979756 loss_cls: 0.620637 loss_iou: 0.094328 loss_dfl: 1.946716 eta: 1:02:52 batch_cost: 0.3616 data_cost: 0.0025 ips: 11.0628 images/s, max_mem_reserved: 1935 MB, max_mem_allocated: 1858 MB
[09/21 10:11:09] ppdet.engine.callbacks INFO: Epoch: [22] [60/88] learning_rate: 0.003550 loss: 0.989245 loss_cls: 0.654428 loss_iou: 0.102222 loss_dfl: 1.934770 eta: 1:02:35 batch_cost: 0.3599 data_cost: 0.0027 ips: 11.1127 images/s, max_mem_reserved: 1935 MB, max_mem_allocated: 1858 MB
[09/21 10:11:13] ppdet.engine.callbacks INFO: Epoch: [22] [70/88] learning_rate: 0.003545 loss: 0.939468 loss_cls: 0.645428 loss_iou: 0.085652 loss_dfl: 1.906823 eta: 1:02:18 batch_cost: 0.3744 data_cost: 0.0028 ips: 10.6824 images/s, max_mem_reserved: 1935 MB, max_mem_allocated: 1858 MB
[09/21 10:11:17] ppdet.engine.callbacks INFO: Epoch: [22] [80/88] learning_rate: 0.003540 loss: 0.977838 loss_cls: 0.620812 loss_iou: 0.093180 loss_dfl: 2.251270 eta: 1:02:01 batch_cost: 0.3523 data_cost: 0.0030 ips: 11.3553 images/s, max_mem_reserved: 1935 MB, max_mem_allocated: 1858 MB
[09/21 10:11:20] ppdet.engine.callbacks INFO: Epoch: [23] [ 0/88] learning_rate: 0.003536 loss: 0.984149 loss_cls: 0.613511 loss_iou: 0.102316 loss_dfl: 2.280006 eta: 1:01:48 batch_cost: 0.3698 data_cost: 0.0148 ips: 10.8165 images/s, max_mem_reserved: 1935 MB, max_mem_allocated: 1858 MB
[09/21 10:11:24] ppdet.engine.callbacks INFO: Epoch: [23] [10/88] learning_rate: 0.003532 loss: 1.045017 loss_cls: 0.653369 loss_iou: 0.107666 loss_dfl: 2.310395 eta: 1:01:31 batch_cost: 0.3560 data_cost: 0.0025 ips: 11.2351 images/s, max_mem_reserved: 1935 MB, max_mem_allocated: 1858 MB
[09/21 10:11:28] ppdet.engine.callbacks INFO: Epoch: [23] [20/88] learning_rate: 0.003527 loss: 1.057659 loss_cls: 0.712660 loss_iou: 0.103614 loss_dfl: 1.922028 eta: 1:01:15 batch_cost: 0.3558 data_cost: 0.0027 ips: 11.2419 images/s, max_mem_reserved: 1935 MB, max_mem_allocated: 1858 MB
[09/21 10:11:32] ppdet.engine.callbacks INFO: Epoch: [23] [30/88] learning_rate: 0.003522 loss: 1.055839 loss_cls: 0.684996 loss_iou: 0.111600 loss_dfl: 1.926726 eta: 1:00:58 batch_cost: 0.3781 data_cost: 0.0025 ips: 10.5804 images/s, max_mem_reserved: 1935 MB, max_mem_allocated: 1858 MB
[09/21 10:11:36] ppdet.engine.callbacks INFO: Epoch: [23] [40/88] learning_rate: 0.003517 loss: 1.103036 loss_cls: 0.673559 loss_iou: 0.105984 loss_dfl: 2.564385 eta: 1:00:42 batch_cost: 0.3562 data_cost: 0.0026 ips: 11.2285 images/s, max_mem_reserved: 1935 MB, max_mem_allocated: 1858 MB
[09/21 10:11:41] ppdet.engine.callbacks INFO: Epoch: [23] [50/88] learning_rate: 0.003512 loss: 1.067209 loss_cls: 0.616955 loss_iou: 0.124608 loss_dfl: 2.143065 eta: 1:00:26 batch_cost: 0.3667 data_cost: 0.0025 ips: 10.9087 images/s, max_mem_reserved: 1935 MB, max_mem_allocated: 1858 MB
[09/21 10:11:45] ppdet.engine.callbacks INFO: Epoch: [23] [60/88] learning_rate: 0.003507 loss: 1.106790 loss_cls: 0.658647 loss_iou: 0.116052 loss_dfl: 2.606304 eta: 1:00:10 batch_cost: 0.3633 data_cost: 0.0026 ips: 11.0109 images/s, max_mem_reserved: 1935 MB, max_mem_allocated: 1858 MB
[09/21 10:11:49] ppdet.engine.callbacks INFO: Epoch: [23] [70/88] learning_rate: 0.003502 loss: 0.971172 loss_cls: 0.629377 loss_iou: 0.092049 loss_dfl: 2.020642 eta: 0:59:54 batch_cost: 0.3609 data_cost: 0.0030 ips: 11.0835 images/s, max_mem_reserved: 1935 MB, max_mem_allocated: 1858 MB
[09/21 10:11:53] ppdet.engine.callbacks INFO: Epoch: [23] [80/88] learning_rate: 0.003497 loss: 1.064439 loss_cls: 0.670102 loss_iou: 0.116530 loss_dfl: 2.239860 eta: 0:59:38 batch_cost: 0.3546 data_cost: 0.0028 ips: 11.2792 images/s, max_mem_reserved: 1935 MB, max_mem_allocated: 1858 MB
[09/21 10:11:56] ppdet.engine.callbacks INFO: Epoch: [24] [ 0/88] learning_rate: 0.003493 loss: 0.962575 loss_cls: 0.617327 loss_iou: 0.097230 loss_dfl: 2.161249 eta: 0:59:25 batch_cost: 0.3696 data_cost: 0.0144 ips: 10.8235 images/s, max_mem_reserved: 1935 MB, max_mem_allocated: 1858 MB
[09/21 10:12:00] ppdet.engine.callbacks INFO: Epoch: [24] [10/88] learning_rate: 0.003488 loss: 0.965286 loss_cls: 0.623233 loss_iou: 0.099232 loss_dfl: 2.004640 eta: 0:59:10 batch_cost: 0.3513 data_cost: 0.0024 ips: 11.3853 images/s, max_mem_reserved: 1935 MB, max_mem_allocated: 1858 MB
[09/21 10:12:04] ppdet.engine.callbacks INFO: Epoch: [24] [20/88] learning_rate: 0.003482 loss: 1.065277 loss_cls: 0.698755 loss_iou: 0.108770 loss_dfl: 2.324503 eta: 0:58:54 batch_cost: 0.3696 data_cost: 0.0026 ips: 10.8222 images/s, max_mem_reserved: 1935 MB, max_mem_allocated: 1858 MB
[09/21 10:12:08] ppdet.engine.callbacks INFO: Epoch: [24] [30/88] learning_rate: 0.003477 loss: 1.044074 loss_cls: 0.673035 loss_iou: 0.095998 loss_dfl: 1.953323 eta: 0:58:39 batch_cost: 0.3664 data_cost: 0.0029 ips: 10.9170 images/s, max_mem_reserved: 1935 MB, max_mem_allocated: 1858 MB
[09/21 10:12:12] ppdet.engine.callbacks INFO: Epoch: [24] [40/88] learning_rate: 0.003472 loss: 1.060115 loss_cls: 0.690306 loss_iou: 0.111234 loss_dfl: 2.429355 eta: 0:58:24 batch_cost: 0.3767 data_cost: 0.0030 ips: 10.6185 images/s, max_mem_reserved: 1935 MB, max_mem_allocated: 1858 MB
[09/21 10:12:16] ppdet.engine.callbacks INFO: Epoch: [24] [50/88] learning_rate: 0.003467 loss: 1.030981 loss_cls: 0.638048 loss_iou: 0.114133 loss_dfl: 2.521369 eta: 0:58:09 batch_cost: 0.3587 data_cost: 0.0027 ips: 11.1507 images/s, max_mem_reserved: 1935 MB, max_mem_allocated: 1858 MB
[09/21 10:12:20] ppdet.engine.callbacks INFO: Epoch: [24] [60/88] learning_rate: 0.003462 loss: 0.909033 loss_cls: 0.605440 loss_iou: 0.084999 loss_dfl: 2.359737 eta: 0:57:54 batch_cost: 0.3656 data_cost: 0.0031 ips: 10.9405 images/s, max_mem_reserved: 1935 MB, max_mem_allocated: 1858 MB
[09/21 10:12:24] ppdet.engine.callbacks INFO: Epoch: [24] [70/88] learning_rate: 0.003457 loss: 0.992026 loss_cls: 0.631962 loss_iou: 0.106489 loss_dfl: 2.115732 eta: 0:57:39 batch_cost: 0.3529 data_cost: 0.0031 ips: 11.3342 images/s, max_mem_reserved: 1935 MB, max_mem_allocated: 1858 MB
[09/21 10:12:28] ppdet.engine.callbacks INFO: Epoch: [24] [80/88] learning_rate: 0.003451 loss: 0.939930 loss_cls: 0.596161 loss_iou: 0.092984 loss_dfl: 2.004735 eta: 0:57:24 batch_cost: 0.3488 data_cost: 0.0026 ips: 11.4681 images/s, max_mem_reserved: 1935 MB, max_mem_allocated: 1858 MB
[09/21 10:12:31] ppdet.utils.checkpoint INFO: Save checkpoint: output
[09/21 10:12:32] ppdet.engine.callbacks INFO: Eval iter: 0
[09/21 10:12:35] ppdet.metrics.metrics INFO: Accumulating evaluatation results...
[09/21 10:12:35] ppdet.metrics.metrics INFO: mAP(0.50, 11point) = 81.25%
[09/21 10:12:35] ppdet.engine.callbacks INFO: Total sample number: 100, average FPS: 24.826164336112193
[09/21 10:12:35] ppdet.engine INFO: Best test bbox ap is 0.818.
[09/21 10:12:36] ppdet.engine.callbacks INFO: Epoch: [25] [ 0/88] learning_rate: 0.003447 loss: 1.138903 loss_cls: 0.681463 loss_iou: 0.122586 loss_dfl: 2.197138 eta: 0:57:12 batch_cost: 0.3610 data_cost: 0.0030 ips: 11.0817 images/s, max_mem_reserved: 1935 MB, max_mem_allocated: 1858 MB
[09/21 10:12:40] ppdet.engine.callbacks INFO: Epoch: [25] [10/88] learning_rate: 0.003442 loss: 1.005147 loss_cls: 0.648146 loss_iou: 0.107837 loss_dfl: 1.699266 eta: 0:56:57 batch_cost: 0.3533 data_cost: 0.0030 ips: 11.3227 images/s, max_mem_reserved: 1935 MB, max_mem_allocated: 1858 MB
[09/21 10:12:44] ppdet.engine.callbacks INFO: Epoch: [25] [20/88] learning_rate: 0.003437 loss: 1.026410 loss_cls: 0.652628 loss_iou: 0.104503 loss_dfl: 2.297735 eta: 0:56:42 batch_cost: 0.3616 data_cost: 0.0030 ips: 11.0616 images/s, max_mem_reserved: 1935 MB, max_mem_allocated: 1858 MB
[09/21 10:12:48] ppdet.engine.callbacks INFO: Epoch: [25] [30/88] learning_rate: 0.003431 loss: 1.068506 loss_cls: 0.643292 loss_iou: 0.115205 loss_dfl: 2.454296 eta: 0:56:28 batch_cost: 0.3554 data_cost: 0.0027 ips: 11.2548 images/s, max_mem_reserved: 1935 MB, max_mem_allocated: 1858 MB
[09/21 10:12:52] ppdet.engine.callbacks INFO: Epoch: [25] [40/88] learning_rate: 0.003426 loss: 1.104012 loss_cls: 0.669014 loss_iou: 0.113690 loss_dfl: 2.595342 eta: 0:56:13 batch_cost: 0.3690 data_cost: 0.0027 ips: 10.8415 images/s, max_mem_reserved: 1935 MB, max_mem_allocated: 1858 MB
[09/21 10:12:56] ppdet.engine.callbacks INFO: Epoch: [25] [50/88] learning_rate: 0.003421 loss: 0.922599 loss_cls: 0.598859 loss_iou: 0.091283 loss_dfl: 1.219597 eta: 0:55:59 batch_cost: 0.3542 data_cost: 0.0028 ips: 11.2928 images/s, max_mem_reserved: 1935 MB, max_mem_allocated: 1858 MB
[09/21 10:13:00] ppdet.engine.callbacks INFO: Epoch: [25] [60/88] learning_rate: 0.003415 loss: 0.908988 loss_cls: 0.609233 loss_iou: 0.092776 loss_dfl: 1.624004 eta: 0:55:45 batch_cost: 0.3658 data_cost: 0.0027 ips: 10.9337 images/s, max_mem_reserved: 1935 MB, max_mem_allocated: 1858 MB
[09/21 10:13:04] ppdet.engine.callbacks INFO: Epoch: [25] [70/88] learning_rate: 0.003410 loss: 0.941147 loss_cls: 0.580991 loss_iou: 0.091742 loss_dfl: 1.781136 eta: 0:55:31 batch_cost: 0.3576 data_cost: 0.0026 ips: 11.1865 images/s, max_mem_reserved: 1935 MB, max_mem_allocated: 1858 MB
[09/21 10:13:08] ppdet.engine.callbacks INFO: Epoch: [25] [80/88] learning_rate: 0.003404 loss: 0.967919 loss_cls: 0.605787 loss_iou: 0.087749 loss_dfl: 2.529126 eta: 0:55:16 batch_cost: 0.3577 data_cost: 0.0030 ips: 11.1813 images/s, max_mem_reserved: 1935 MB, max_mem_allocated: 1858 MB
[09/21 10:13:11] ppdet.engine.callbacks INFO: Epoch: [26] [ 0/88] learning_rate: 0.003400 loss: 0.934595 loss_cls: 0.602312 loss_iou: 0.098998 loss_dfl: 1.769370 eta: 0:55:05 batch_cost: 0.3605 data_cost: 0.0149 ips: 11.0948 images/s, max_mem_reserved: 1935 MB, max_mem_allocated: 1858 MB
[09/21 10:13:15] ppdet.engine.callbacks INFO: Epoch: [26] [10/88] learning_rate: 0.003395 loss: 0.913042 loss_cls: 0.606333 loss_iou: 0.095235 loss_dfl: 1.890178 eta: 0:54:51 batch_cost: 0.3453 data_cost: 0.0026 ips: 11.5842 images/s, max_mem_reserved: 1935 MB, max_mem_allocated: 1858 MB
[09/21 10:13:19] ppdet.engine.callbacks INFO: Epoch: [26] [20/88] learning_rate: 0.003389 loss: 1.057297 loss_cls: 0.663825 loss_iou: 0.108614 loss_dfl: 2.413503 eta: 0:54:38 batch_cost: 0.3769 data_cost: 0.0027 ips: 10.6139 images/s, max_mem_reserved: 1935 MB, max_mem_allocated: 1858 MB
[09/21 10:13:23] ppdet.engine.callbacks INFO: Epoch: [26] [30/88] learning_rate: 0.003384 loss: 0.894170 loss_cls: 0.611976 loss_iou: 0.096489 loss_dfl: 1.920175 eta: 0:54:24 batch_cost: 0.3574 data_cost: 0.0026 ips: 11.1909 images/s, max_mem_reserved: 1935 MB, max_mem_allocated: 1858 MB
[09/21 10:13:27] ppdet.engine.callbacks INFO: Epoch: [26] [40/88] learning_rate: 0.003378 loss: 0.968709 loss_cls: 0.594153 loss_iou: 0.097189 loss_dfl: 2.461601 eta: 0:54:10 batch_cost: 0.3613 data_cost: 0.0029 ips: 11.0706 images/s, max_mem_reserved: 1935 MB, max_mem_allocated: 1858 MB
[09/21 10:13:31] ppdet.engine.callbacks INFO: Epoch: [26] [50/88] learning_rate: 0.003373 loss: 1.114072 loss_cls: 0.720336 loss_iou: 0.103771 loss_dfl: 2.143601 eta: 0:53:57 batch_cost: 0.3587 data_cost: 0.0030 ips: 11.1511 images/s, max_mem_reserved: 1935 MB, max_mem_allocated: 1858 MB
[09/21 10:13:35] ppdet.engine.callbacks INFO: Epoch: [26] [60/88] learning_rate: 0.003367 loss: 1.017532 loss_cls: 0.622849 loss_iou: 0.103729 loss_dfl: 2.166923 eta: 0:53:43 batch_cost: 0.3552 data_cost: 0.0024 ips: 11.2610 images/s, max_mem_reserved: 1935 MB, max_mem_allocated: 1858 MB
[09/21 10:13:39] ppdet.engine.callbacks INFO: Epoch: [26] [70/88] learning_rate: 0.003362 loss: 1.006644 loss_cls: 0.643046 loss_iou: 0.109187 loss_dfl: 2.108842 eta: 0:53:30 batch_cost: 0.3720 data_cost: 0.0027 ips: 10.7523 images/s, max_mem_reserved: 1935 MB, max_mem_allocated: 1858 MB
[09/21 10:13:44] ppdet.engine.callbacks INFO: Epoch: [26] [80/88] learning_rate: 0.003356 loss: 1.034425 loss_cls: 0.659018 loss_iou: 0.107159 loss_dfl: 2.188604 eta: 0:53:17 batch_cost: 0.3727 data_cost: 0.0025 ips: 10.7319 images/s, max_mem_reserved: 1935 MB, max_mem_allocated: 1858 MB
[09/21 10:13:47] ppdet.engine.callbacks INFO: Epoch: [27] [ 0/88] learning_rate: 0.003351 loss: 0.959817 loss_cls: 0.639809 loss_iou: 0.085042 loss_dfl: 1.900909 eta: 0:53:07 batch_cost: 0.3728 data_cost: 0.0176 ips: 10.7284 images/s, max_mem_reserved: 1935 MB, max_mem_allocated: 1858 MB
[09/21 10:13:51] ppdet.engine.callbacks INFO: Epoch: [27] [10/88] learning_rate: 0.003346 loss: 0.914664 loss_cls: 0.569247 loss_iou: 0.085334 loss_dfl: 1.747481 eta: 0:52:54 batch_cost: 0.3573 data_cost: 0.0026 ips: 11.1965 images/s, max_mem_reserved: 1935 MB, max_mem_allocated: 1858 MB
[09/21 10:13:55] ppdet.engine.callbacks INFO: Epoch: [27] [20/88] learning_rate: 0.003340 loss: 1.063211 loss_cls: 0.630981 loss_iou: 0.115689 loss_dfl: 2.640705 eta: 0:52:41 batch_cost: 0.3646 data_cost: 0.0028 ips: 10.9716 images/s, max_mem_reserved: 1935 MB, max_mem_allocated: 1858 MB
[09/21 10:13:59] ppdet.engine.callbacks INFO: Epoch: [27] [30/88] learning_rate: 0.003335 loss: 0.838825 loss_cls: 0.579756 loss_iou: 0.083355 loss_dfl: 1.496284 eta: 0:52:28 batch_cost: 0.3560 data_cost: 0.0025 ips: 11.2357 images/s, max_mem_reserved: 1935 MB, max_mem_allocated: 1858 MB
[09/21 10:14:03] ppdet.engine.callbacks INFO: Epoch: [27] [40/88] learning_rate: 0.003329 loss: 1.058304 loss_cls: 0.634666 loss_iou: 0.123327 loss_dfl: 2.560212 eta: 0:52:15 batch_cost: 0.3730 data_cost: 0.0028 ips: 10.7236 images/s, max_mem_reserved: 1935 MB, max_mem_allocated: 1858 MB
[09/21 10:14:07] ppdet.engine.callbacks INFO: Epoch: [27] [50/88] learning_rate: 0.003323 loss: 0.967055 loss_cls: 0.624446 loss_iou: 0.096670 loss_dfl: 1.817036 eta: 0:52:02 batch_cost: 0.3659 data_cost: 0.0026 ips: 10.9324 images/s, max_mem_reserved: 1935 MB, max_mem_allocated: 1858 MB
[09/21 10:14:11] ppdet.engine.callbacks INFO: Epoch: [27] [60/88] learning_rate: 0.003317 loss: 0.980551 loss_cls: 0.612710 loss_iou: 0.100476 loss_dfl: 2.334393 eta: 0:51:50 batch_cost: 0.3649 data_cost: 0.0029 ips: 10.9631 images/s, max_mem_reserved: 1935 MB, max_mem_allocated: 1858 MB
[09/21 10:14:15] ppdet.engine.callbacks INFO: Epoch: [27] [70/88] learning_rate: 0.003312 loss: 0.981438 loss_cls: 0.645160 loss_iou: 0.102143 loss_dfl: 1.804165 eta: 0:51:37 batch_cost: 0.3593 data_cost: 0.0028 ips: 11.1320 images/s, max_mem_reserved: 1935 MB, max_mem_allocated: 1858 MB
[09/21 10:14:19] ppdet.engine.callbacks INFO: Epoch: [27] [80/88] learning_rate: 0.003306 loss: 1.000100 loss_cls: 0.632804 loss_iou: 0.098828 loss_dfl: 2.330663 eta: 0:51:24 batch_cost: 0.3660 data_cost: 0.0032 ips: 10.9300 images/s, max_mem_reserved: 1935 MB, max_mem_allocated: 1858 MB
[09/21 10:14:22] ppdet.engine.callbacks INFO: Epoch: [28] [ 0/88] learning_rate: 0.003301 loss: 0.983841 loss_cls: 0.636567 loss_iou: 0.096459 loss_dfl: 1.989679 eta: 0:51:15 batch_cost: 0.3789 data_cost: 0.0191 ips: 10.5564 images/s, max_mem_reserved: 1935 MB, max_mem_allocated: 1858 MB
[09/21 10:14:27] ppdet.engine.callbacks INFO: Epoch: [28] [10/88] learning_rate: 0.003296 loss: 0.899766 loss_cls: 0.600058 loss_iou: 0.084147 loss_dfl: 2.457870 eta: 0:51:02 batch_cost: 0.3625 data_cost: 0.0025 ips: 11.0330 images/s, max_mem_reserved: 1935 MB, max_mem_allocated: 1858 MB
[09/21 10:14:31] ppdet.engine.callbacks INFO: Epoch: [28] [20/88] learning_rate: 0.003290 loss: 0.954293 loss_cls: 0.615086 loss_iou: 0.098145 loss_dfl: 1.909376 eta: 0:50:50 batch_cost: 0.3604 data_cost: 0.0028 ips: 11.0977 images/s, max_mem_reserved: 1935 MB, max_mem_allocated: 1858 MB
[09/21 10:14:35] ppdet.engine.callbacks INFO: Epoch: [28] [30/88] learning_rate: 0.003284 loss: 0.849766 loss_cls: 0.575199 loss_iou: 0.092664 loss_dfl: 1.392496 eta: 0:50:37 batch_cost: 0.3625 data_cost: 0.0027 ips: 11.0331 images/s, max_mem_reserved: 1935 MB, max_mem_allocated: 1858 MB
[09/21 10:14:38] ppdet.engine.callbacks INFO: Epoch: [28] [40/88] learning_rate: 0.003278 loss: 0.849410 loss_cls: 0.566902 loss_iou: 0.082478 loss_dfl: 1.803097 eta: 0:50:25 batch_cost: 0.3584 data_cost: 0.0028 ips: 11.1606 images/s, max_mem_reserved: 1935 MB, max_mem_allocated: 1858 MB
[09/21 10:14:43] ppdet.engine.callbacks INFO: Epoch: [28] [50/88] learning_rate: 0.003272 loss: 0.974201 loss_cls: 0.626182 loss_iou: 0.095803 loss_dfl: 2.495085 eta: 0:50:13 batch_cost: 0.3653 data_cost: 0.0029 ips: 10.9511 images/s, max_mem_reserved: 1935 MB, max_mem_allocated: 1858 MB
[09/21 10:14:46] ppdet.engine.callbacks INFO: Epoch: [28] [60/88] learning_rate: 0.003266 loss: 0.918916 loss_cls: 0.591629 loss_iou: 0.090076 loss_dfl: 2.025735 eta: 0:50:01 batch_cost: 0.3510 data_cost: 0.0030 ips: 11.3965 images/s, max_mem_reserved: 1935 MB, max_mem_allocated: 1858 MB
[09/21 10:14:51] ppdet.engine.callbacks INFO: Epoch: [28] [70/88] learning_rate: 0.003260 loss: 1.014024 loss_cls: 0.606665 loss_iou: 0.112350 loss_dfl: 2.416362 eta: 0:49:49 batch_cost: 0.3749 data_cost: 0.0026 ips: 10.6685 images/s, max_mem_reserved: 1935 MB, max_mem_allocated: 1858 MB
[09/21 10:14:54] ppdet.engine.callbacks INFO: Epoch: [28] [80/88] learning_rate: 0.003254 loss: 0.945936 loss_cls: 0.598500 loss_iou: 0.093183 loss_dfl: 1.755576 eta: 0:49:37 batch_cost: 0.3560 data_cost: 0.0029 ips: 11.2351 images/s, max_mem_reserved: 1935 MB, max_mem_allocated: 1858 MB
[09/21 10:14:58] ppdet.engine.callbacks INFO: Epoch: [29] [ 0/88] learning_rate: 0.003250 loss: 0.983912 loss_cls: 0.634065 loss_iou: 0.095378 loss_dfl: 2.226898 eta: 0:49:28 batch_cost: 0.3677 data_cost: 0.0152 ips: 10.8787 images/s, max_mem_reserved: 1935 MB, max_mem_allocated: 1858 MB
[09/21 10:15:02] ppdet.engine.callbacks INFO: Epoch: [29] [10/88] learning_rate: 0.003244 loss: 1.080261 loss_cls: 0.644417 loss_iou: 0.109997 loss_dfl: 2.794944 eta: 0:49:16 batch_cost: 0.3701 data_cost: 0.0025 ips: 10.8075 images/s, max_mem_reserved: 1935 MB, max_mem_allocated: 1858 MB
[09/21 10:15:06] ppdet.engine.callbacks INFO: Epoch: [29] [20/88] learning_rate: 0.003238 loss: 0.883253 loss_cls: 0.583858 loss_iou: 0.092747 loss_dfl: 1.458293 eta: 0:49:04 batch_cost: 0.3549 data_cost: 0.0024 ips: 11.2692 images/s, max_mem_reserved: 1935 MB, max_mem_allocated: 1858 MB
[09/21 10:15:10] ppdet.engine.callbacks INFO: Epoch: [29] [30/88] learning_rate: 0.003232 loss: 1.040353 loss_cls: 0.634784 loss_iou: 0.107407 loss_dfl: 2.127731 eta: 0:48:52 batch_cost: 0.3608 data_cost: 0.0030 ips: 11.0857 images/s, max_mem_reserved: 1935 MB, max_mem_allocated: 1858 MB
[09/21 10:15:14] ppdet.engine.callbacks INFO: Epoch: [29] [40/88] learning_rate: 0.003226 loss: 0.959210 loss_cls: 0.603353 loss_iou: 0.089303 loss_dfl: 2.182254 eta: 0:48:41 batch_cost: 0.3682 data_cost: 0.0029 ips: 10.8635 images/s, max_mem_reserved: 1935 MB, max_mem_allocated: 1858 MB
[09/21 10:15:18] ppdet.engine.callbacks INFO: Epoch: [29] [50/88] learning_rate: 0.003220 loss: 0.899531 loss_cls: 0.594565 loss_iou: 0.087232 loss_dfl: 1.695078 eta: 0:48:29 batch_cost: 0.3712 data_cost: 0.0026 ips: 10.7764 images/s, max_mem_reserved: 1935 MB, max_mem_allocated: 1858 MB
[09/21 10:15:22] ppdet.engine.callbacks INFO: Epoch: [29] [60/88] learning_rate: 0.003214 loss: 0.930005 loss_cls: 0.600493 loss_iou: 0.088911 loss_dfl: 1.888290 eta: 0:48:18 batch_cost: 0.3530 data_cost: 0.0028 ips: 11.3325 images/s, max_mem_reserved: 1935 MB, max_mem_allocated: 1858 MB
[09/21 10:15:26] ppdet.engine.callbacks INFO: Epoch: [29] [70/88] learning_rate: 0.003208 loss: 0.845193 loss_cls: 0.563346 loss_iou: 0.085510 loss_dfl: 1.669144 eta: 0:48:06 batch_cost: 0.3627 data_cost: 0.0029 ips: 11.0294 images/s, max_mem_reserved: 1935 MB, max_mem_allocated: 1858 MB
[09/21 10:15:30] ppdet.engine.callbacks INFO: Epoch: [29] [80/88] learning_rate: 0.003202 loss: 0.876896 loss_cls: 0.591778 loss_iou: 0.090961 loss_dfl: 1.820117 eta: 0:47:55 batch_cost: 0.3518 data_cost: 0.0025 ips: 11.3697 images/s, max_mem_reserved: 1935 MB, max_mem_allocated: 1858 MB
[09/21 10:15:33] ppdet.utils.checkpoint INFO: Save checkpoint: output
[09/21 10:15:34] ppdet.engine.callbacks INFO: Eval iter: 0
[09/21 10:15:38] ppdet.metrics.metrics INFO: Accumulating evaluatation results...
[09/21 10:15:38] ppdet.metrics.metrics INFO: mAP(0.50, 11point) = 81.59%
[09/21 10:15:38] ppdet.engine.callbacks INFO: Total sample number: 100, average FPS: 23.208490039692272
[09/21 10:15:38] ppdet.engine INFO: Best test bbox ap is 0.818.
[09/21 10:15:38] ppdet.engine.callbacks INFO: Epoch: [30] [ 0/88] learning_rate: 0.003197 loss: 0.982238 loss_cls: 0.603063 loss_iou: 0.087562 loss_dfl: 2.292431 eta: 0:47:45 batch_cost: 0.3488 data_cost: 0.0027 ips: 11.4666 images/s, max_mem_reserved: 1935 MB, max_mem_allocated: 1858 MB
[09/21 10:15:42] ppdet.engine.callbacks INFO: Epoch: [30] [10/88] learning_rate: 0.003191 loss: 0.982665 loss_cls: 0.580493 loss_iou: 0.106269 loss_dfl: 2.489597 eta: 0:47:34 batch_cost: 0.3608 data_cost: 0.0018 ips: 11.0879 images/s, max_mem_reserved: 1935 MB, max_mem_allocated: 1858 MB
[09/21 10:15:46] ppdet.engine.callbacks INFO: Epoch: [30] [20/88] learning_rate: 0.003184 loss: 0.863447 loss_cls: 0.540256 loss_iou: 0.088144 loss_dfl: 1.852926 eta: 0:47:23 batch_cost: 0.3582 data_cost: 0.0022 ips: 11.1685 images/s, max_mem_reserved: 1935 MB, max_mem_allocated: 1858 MB
[09/21 10:15:50] ppdet.engine.callbacks INFO: Epoch: [30] [30/88] learning_rate: 0.003178 loss: 0.988702 loss_cls: 0.581525 loss_iou: 0.117380 loss_dfl: 1.882144 eta: 0:47:11 batch_cost: 0.3524 data_cost: 0.0019 ips: 11.3521 images/s, max_mem_reserved: 1935 MB, max_mem_allocated: 1858 MB
[09/21 10:15:54] ppdet.engine.callbacks INFO: Epoch: [30] [40/88] learning_rate: 0.003172 loss: 0.881318 loss_cls: 0.590248 loss_iou: 0.088014 loss_dfl: 1.872608 eta: 0:47:00 batch_cost: 0.3592 data_cost: 0.0015 ips: 11.1350 images/s, max_mem_reserved: 1935 MB, max_mem_allocated: 1858 MB
[09/21 10:15:59] ppdet.engine.callbacks INFO: Epoch: [30] [50/88] learning_rate: 0.003166 loss: 0.923517 loss_cls: 0.606214 loss_iou: 0.084725 loss_dfl: 2.001912 eta: 0:46:50 batch_cost: 0.3916 data_cost: 0.0020 ips: 10.2146 images/s, max_mem_reserved: 1935 MB, max_mem_allocated: 1858 MB
[09/21 10:16:03] ppdet.engine.callbacks INFO: Epoch: [30] [60/88] learning_rate: 0.003160 loss: 1.085101 loss_cls: 0.682041 loss_iou: 0.102614 loss_dfl: 2.803176 eta: 0:46:39 batch_cost: 0.3794 data_cost: 0.0026 ips: 10.5419 images/s, max_mem_reserved: 1935 MB, max_mem_allocated: 1858 MB
[09/21 10:16:07] ppdet.engine.callbacks INFO: Epoch: [30] [70/88] learning_rate: 0.003154 loss: 0.941439 loss_cls: 0.626104 loss_iou: 0.084681 loss_dfl: 2.276627 eta: 0:46:28 batch_cost: 0.3694 data_cost: 0.0023 ips: 10.8292 images/s, max_mem_reserved: 1935 MB, max_mem_allocated: 1858 MB
[09/21 10:16:11] ppdet.engine.callbacks INFO: Epoch: [30] [80/88] learning_rate: 0.003147 loss: 0.914870 loss_cls: 0.592777 loss_iou: 0.090739 loss_dfl: 1.638628 eta: 0:46:17 batch_cost: 0.3483 data_cost: 0.0024 ips: 11.4832 images/s, max_mem_reserved: 1935 MB, max_mem_allocated: 1858 MB
[09/21 10:16:14] ppdet.engine.callbacks INFO: Epoch: [31] [ 0/88] learning_rate: 0.003142 loss: 0.954026 loss_cls: 0.615772 loss_iou: 0.092804 loss_dfl: 2.244278 eta: 0:46:08 batch_cost: 0.3746 data_cost: 0.0142 ips: 10.6794 images/s, max_mem_reserved: 1935 MB, max_mem_allocated: 1858 MB
[09/21 10:16:18] ppdet.engine.callbacks INFO: Epoch: [31] [10/88] learning_rate: 0.003136 loss: 0.882771 loss_cls: 0.587634 loss_iou: 0.079237 loss_dfl: 2.111005 eta: 0:45:58 batch_cost: 0.3669 data_cost: 0.0027 ips: 10.9017 images/s, max_mem_reserved: 1935 MB, max_mem_allocated: 1858 MB
[09/21 10:16:22] ppdet.engine.callbacks INFO: Epoch: [31] [20/88] learning_rate: 0.003130 loss: 0.912676 loss_cls: 0.595196 loss_iou: 0.080230 loss_dfl: 2.131990 eta: 0:45:47 batch_cost: 0.3646 data_cost: 0.0025 ips: 10.9707 images/s, max_mem_reserved: 1935 MB, max_mem_allocated: 1858 MB
[09/21 10:16:26] ppdet.engine.callbacks INFO: Epoch: [31] [30/88] learning_rate: 0.003123 loss: 1.021884 loss_cls: 0.617638 loss_iou: 0.097720 loss_dfl: 2.756133 eta: 0:45:36 batch_cost: 0.3594 data_cost: 0.0028 ips: 11.1309 images/s, max_mem_reserved: 1935 MB, max_mem_allocated: 1858 MB
[09/21 10:16:30] ppdet.engine.callbacks INFO: Epoch: [31] [40/88] learning_rate: 0.003117 loss: 0.855193 loss_cls: 0.570565 loss_iou: 0.084631 loss_dfl: 1.565835 eta: 0:45:25 batch_cost: 0.3604 data_cost: 0.0029 ips: 11.0986 images/s, max_mem_reserved: 1935 MB, max_mem_allocated: 1858 MB
[09/21 10:16:34] ppdet.engine.callbacks INFO: Epoch: [31] [50/88] learning_rate: 0.003111 loss: 0.863156 loss_cls: 0.567689 loss_iou: 0.080681 loss_dfl: 2.205736 eta: 0:45:15 batch_cost: 0.3676 data_cost: 0.0028 ips: 10.8825 images/s, max_mem_reserved: 1935 MB, max_mem_allocated: 1858 MB
[09/21 10:16:38] ppdet.engine.callbacks INFO: Epoch: [31] [60/88] learning_rate: 0.003104 loss: 1.045700 loss_cls: 0.611217 loss_iou: 0.116863 loss_dfl: 2.683153 eta: 0:45:04 batch_cost: 0.3774 data_cost: 0.0031 ips: 10.5986 images/s, max_mem_reserved: 1935 MB, max_mem_allocated: 1858 MB
[09/21 10:16:43] ppdet.engine.callbacks INFO: Epoch: [31] [70/88] learning_rate: 0.003098 loss: 0.904154 loss_cls: 0.582815 loss_iou: 0.086426 loss_dfl: 2.075254 eta: 0:44:54 batch_cost: 0.3697 data_cost: 0.0031 ips: 10.8193 images/s, max_mem_reserved: 1935 MB, max_mem_allocated: 1858 MB
[09/21 10:16:47] ppdet.engine.callbacks INFO: Epoch: [31] [80/88] learning_rate: 0.003092 loss: 0.881540 loss_cls: 0.574380 loss_iou: 0.080101 loss_dfl: 2.426992 eta: 0:44:44 batch_cost: 0.3665 data_cost: 0.0031 ips: 10.9136 images/s, max_mem_reserved: 1935 MB, max_mem_allocated: 1858 MB
[09/21 10:16:50] ppdet.engine.callbacks INFO: Epoch: [32] [ 0/88] learning_rate: 0.003087 loss: 1.012721 loss_cls: 0.605946 loss_iou: 0.092040 loss_dfl: 2.284314 eta: 0:44:36 batch_cost: 0.3699 data_cost: 0.0148 ips: 10.8133 images/s, max_mem_reserved: 1935 MB, max_mem_allocated: 1858 MB
[09/21 10:16:54] ppdet.engine.callbacks INFO: Epoch: [32] [10/88] learning_rate: 0.003080 loss: 0.973107 loss_cls: 0.587878 loss_iou: 0.090250 loss_dfl: 2.168836 eta: 0:44:25 batch_cost: 0.3717 data_cost: 0.0025 ips: 10.7620 images/s, max_mem_reserved: 1935 MB, max_mem_allocated: 1858 MB
[09/21 10:16:58] ppdet.engine.callbacks INFO: Epoch: [32] [20/88] learning_rate: 0.003074 loss: 0.971810 loss_cls: 0.605980 loss_iou: 0.096430 loss_dfl: 1.826346 eta: 0:44:15 batch_cost: 0.3668 data_cost: 0.0027 ips: 10.9055 images/s, max_mem_reserved: 1935 MB, max_mem_allocated: 1858 MB
[09/21 10:17:02] ppdet.engine.callbacks INFO: Epoch: [32] [30/88] learning_rate: 0.003067 loss: 0.937050 loss_cls: 0.596713 loss_iou: 0.085838 loss_dfl: 1.939541 eta: 0:44:05 batch_cost: 0.3543 data_cost: 0.0031 ips: 11.2895 images/s, max_mem_reserved: 1935 MB, max_mem_allocated: 1858 MB
[09/21 10:17:06] ppdet.engine.callbacks INFO: Epoch: [32] [40/88] learning_rate: 0.003061 loss: 1.100998 loss_cls: 0.660520 loss_iou: 0.113003 loss_dfl: 2.168036 eta: 0:43:55 batch_cost: 0.3764 data_cost: 0.0030 ips: 10.6281 images/s, max_mem_reserved: 1935 MB, max_mem_allocated: 1858 MB
[09/21 10:17:11] ppdet.engine.callbacks INFO: Epoch: [32] [50/88] learning_rate: 0.003054 loss: 0.848715 loss_cls: 0.549821 loss_iou: 0.077629 loss_dfl: 1.600238 eta: 0:43:44 batch_cost: 0.3553 data_cost: 0.0030 ips: 11.2575 images/s, max_mem_reserved: 1935 MB, max_mem_allocated: 1858 MB
[09/21 10:17:15] ppdet.engine.callbacks INFO: Epoch: [32] [60/88] learning_rate: 0.003048 loss: 0.962121 loss_cls: 0.617913 loss_iou: 0.089567 loss_dfl: 2.205531 eta: 0:43:34 batch_cost: 0.3691 data_cost: 0.0030 ips: 10.8381 images/s, max_mem_reserved: 1935 MB, max_mem_allocated: 1858 MB
[09/21 10:17:19] ppdet.engine.callbacks INFO: Epoch: [32] [70/88] learning_rate: 0.003041 loss: 0.964534 loss_cls: 0.621411 loss_iou: 0.101508 loss_dfl: 2.102863 eta: 0:43:24 batch_cost: 0.3642 data_cost: 0.0029 ips: 10.9832 images/s, max_mem_reserved: 1935 MB, max_mem_allocated: 1858 MB
[09/21 10:17:23] ppdet.engine.callbacks INFO: Epoch: [32] [80/88] learning_rate: 0.003035 loss: 0.951835 loss_cls: 0.618462 loss_iou: 0.100353 loss_dfl: 1.694444 eta: 0:43:14 batch_cost: 0.3634 data_cost: 0.0030 ips: 11.0071 images/s, max_mem_reserved: 1935 MB, max_mem_allocated: 1858 MB
[09/21 10:17:26] ppdet.engine.callbacks INFO: Epoch: [33] [ 0/88] learning_rate: 0.003030 loss: 0.857901 loss_cls: 0.568183 loss_iou: 0.079472 loss_dfl: 1.588455 eta: 0:43:06 batch_cost: 0.3789 data_cost: 0.0206 ips: 10.5573 images/s, max_mem_reserved: 1935 MB, max_mem_allocated: 1858 MB
[09/21 10:17:30] ppdet.engine.callbacks INFO: Epoch: [33] [10/88] learning_rate: 0.003023 loss: 0.969429 loss_cls: 0.604653 loss_iou: 0.097620 loss_dfl: 2.236384 eta: 0:42:56 batch_cost: 0.3612 data_cost: 0.0029 ips: 11.0755 images/s, max_mem_reserved: 1935 MB, max_mem_allocated: 1858 MB
[09/21 10:17:34] ppdet.engine.callbacks INFO: Epoch: [33] [20/88] learning_rate: 0.003017 loss: 1.044460 loss_cls: 0.620913 loss_iou: 0.101185 loss_dfl: 2.727577 eta: 0:42:46 batch_cost: 0.3689 data_cost: 0.0025 ips: 10.8438 images/s, max_mem_reserved: 1935 MB, max_mem_allocated: 1858 MB
[09/21 10:17:38] ppdet.engine.callbacks INFO: Epoch: [33] [30/88] learning_rate: 0.003010 loss: 0.959875 loss_cls: 0.582408 loss_iou: 0.094843 loss_dfl: 2.195609 eta: 0:42:36 batch_cost: 0.3585 data_cost: 0.0031 ips: 11.1574 images/s, max_mem_reserved: 1935 MB, max_mem_allocated: 1858 MB
[09/21 10:17:42] ppdet.engine.callbacks INFO: Epoch: [33] [40/88] learning_rate: 0.003004 loss: 0.924519 loss_cls: 0.594720 loss_iou: 0.087248 loss_dfl: 1.964075 eta: 0:42:27 batch_cost: 0.3601 data_cost: 0.0027 ips: 11.1086 images/s, max_mem_reserved: 1935 MB, max_mem_allocated: 1858 MB
[09/21 10:17:46] ppdet.engine.callbacks INFO: Epoch: [33] [50/88] learning_rate: 0.002997 loss: 0.857689 loss_cls: 0.578394 loss_iou: 0.083887 loss_dfl: 1.430060 eta: 0:42:17 batch_cost: 0.3634 data_cost: 0.0029 ips: 11.0071 images/s, max_mem_reserved: 1935 MB, max_mem_allocated: 1858 MB
[09/21 10:17:50] ppdet.engine.callbacks INFO: Epoch: [33] [60/88] learning_rate: 0.002990 loss: 0.873168 loss_cls: 0.578789 loss_iou: 0.078230 loss_dfl: 1.963433 eta: 0:42:07 batch_cost: 0.3531 data_cost: 0.0027 ips: 11.3287 images/s, max_mem_reserved: 1935 MB, max_mem_allocated: 1858 MB
[09/21 10:17:54] ppdet.engine.callbacks INFO: Epoch: [33] [70/88] learning_rate: 0.002984 loss: 0.940121 loss_cls: 0.650891 loss_iou: 0.087288 loss_dfl: 2.332288 eta: 0:41:57 batch_cost: 0.3716 data_cost: 0.0024 ips: 10.7643 images/s, max_mem_reserved: 1935 MB, max_mem_allocated: 1858 MB
[09/21 10:17:58] ppdet.engine.callbacks INFO: Epoch: [33] [80/88] learning_rate: 0.002977 loss: 0.879954 loss_cls: 0.586170 loss_iou: 0.075892 loss_dfl: 2.038784 eta: 0:41:48 batch_cost: 0.3627 data_cost: 0.0029 ips: 11.0275 images/s, max_mem_reserved: 1935 MB, max_mem_allocated: 1858 MB
[09/21 10:18:02] ppdet.engine.callbacks INFO: Epoch: [34] [ 0/88] learning_rate: 0.002972 loss: 0.899681 loss_cls: 0.599505 loss_iou: 0.089622 loss_dfl: 1.559295 eta: 0:41:40 batch_cost: 0.3656 data_cost: 0.0145 ips: 10.9398 images/s, max_mem_reserved: 1935 MB, max_mem_allocated: 1858 MB
[09/21 10:18:05] ppdet.engine.callbacks INFO: Epoch: [34] [10/88] learning_rate: 0.002965 loss: 0.903622 loss_cls: 0.571519 loss_iou: 0.088145 loss_dfl: 1.472968 eta: 0:41:30 batch_cost: 0.3494 data_cost: 0.0028 ips: 11.4469 images/s, max_mem_reserved: 1935 MB, max_mem_allocated: 1858 MB
[09/21 10:18:10] ppdet.engine.callbacks INFO: Epoch: [34] [20/88] learning_rate: 0.002958 loss: 0.887785 loss_cls: 0.583200 loss_iou: 0.081407 loss_dfl: 2.042025 eta: 0:41:21 batch_cost: 0.3692 data_cost: 0.0033 ips: 10.8347 images/s, max_mem_reserved: 1935 MB, max_mem_allocated: 1858 MB
[09/21 10:18:14] ppdet.engine.callbacks INFO: Epoch: [34] [30/88] learning_rate: 0.002952 loss: 0.864819 loss_cls: 0.565630 loss_iou: 0.084965 loss_dfl: 2.066743 eta: 0:41:11 batch_cost: 0.3547 data_cost: 0.0030 ips: 11.2756 images/s, max_mem_reserved: 1935 MB, max_mem_allocated: 1858 MB
[09/21 10:18:18] ppdet.engine.callbacks INFO: Epoch: [34] [40/88] learning_rate: 0.002945 loss: 0.933151 loss_cls: 0.626735 loss_iou: 0.088678 loss_dfl: 2.030141 eta: 0:41:02 batch_cost: 0.3695 data_cost: 0.0027 ips: 10.8245 images/s, max_mem_reserved: 1935 MB, max_mem_allocated: 1858 MB
[09/21 10:18:22] ppdet.engine.callbacks INFO: Epoch: [34] [50/88] learning_rate: 0.002938 loss: 0.859926 loss_cls: 0.568507 loss_iou: 0.074828 loss_dfl: 1.694689 eta: 0:40:52 batch_cost: 0.3555 data_cost: 0.0031 ips: 11.2505 images/s, max_mem_reserved: 1935 MB, max_mem_allocated: 1858 MB
[09/21 10:18:26] ppdet.engine.callbacks INFO: Epoch: [34] [60/88] learning_rate: 0.002932 loss: 1.020309 loss_cls: 0.598413 loss_iou: 0.101491 loss_dfl: 2.364336 eta: 0:40:43 batch_cost: 0.3694 data_cost: 0.0028 ips: 10.8294 images/s, max_mem_reserved: 1935 MB, max_mem_allocated: 1858 MB
[09/21 10:18:30] ppdet.engine.callbacks INFO: Epoch: [34] [70/88] learning_rate: 0.002925 loss: 0.971549 loss_cls: 0.599360 loss_iou: 0.094760 loss_dfl: 2.162682 eta: 0:40:33 batch_cost: 0.3723 data_cost: 0.0027 ips: 10.7434 images/s, max_mem_reserved: 1935 MB, max_mem_allocated: 1858 MB
[09/21 10:18:34] ppdet.engine.callbacks INFO: Epoch: [34] [80/88] learning_rate: 0.002918 loss: 0.857957 loss_cls: 0.596567 loss_iou: 0.084378 loss_dfl: 2.128055 eta: 0:40:24 batch_cost: 0.3590 data_cost: 0.0032 ips: 11.1425 images/s, max_mem_reserved: 1935 MB, max_mem_allocated: 1858 MB
[09/21 10:18:37] ppdet.utils.checkpoint INFO: Save checkpoint: output
[09/21 10:18:38] ppdet.engine.callbacks INFO: Eval iter: 0
[09/21 10:18:42] ppdet.metrics.metrics INFO: Accumulating evaluatation results...
[09/21 10:18:42] ppdet.metrics.metrics INFO: mAP(0.50, 11point) = 81.74%
[09/21 10:18:42] ppdet.engine.callbacks INFO: Total sample number: 100, average FPS: 24.57159103111713
[09/21 10:18:42] ppdet.engine INFO: Best test bbox ap is 0.818.
[09/21 10:18:42] ppdet.engine.callbacks INFO: Epoch: [35] [ 0/88] learning_rate: 0.002913 loss: 0.869494 loss_cls: 0.583030 loss_iou: 0.079056 loss_dfl: 2.013412 eta: 0:40:17 batch_cost: 0.3518 data_cost: 0.0027 ips: 11.3711 images/s, max_mem_reserved: 1935 MB, max_mem_allocated: 1858 MB
[09/21 10:18:46] ppdet.engine.callbacks INFO: Epoch: [35] [10/88] learning_rate: 0.002906 loss: 0.887838 loss_cls: 0.568901 loss_iou: 0.081852 loss_dfl: 2.696449 eta: 0:40:07 batch_cost: 0.3583 data_cost: 0.0029 ips: 11.1644 images/s, max_mem_reserved: 1935 MB, max_mem_allocated: 1858 MB
[09/21 10:18:50] ppdet.engine.callbacks INFO: Epoch: [35] [20/88] learning_rate: 0.002899 loss: 0.898039 loss_cls: 0.583590 loss_iou: 0.086758 loss_dfl: 1.854861 eta: 0:39:58 batch_cost: 0.3585 data_cost: 0.0026 ips: 11.1576 images/s, max_mem_reserved: 1935 MB, max_mem_allocated: 1858 MB
[09/21 10:18:54] ppdet.engine.callbacks INFO: Epoch: [35] [30/88] learning_rate: 0.002892 loss: 0.823458 loss_cls: 0.565144 loss_iou: 0.077404 loss_dfl: 1.892957 eta: 0:39:49 batch_cost: 0.3558 data_cost: 0.0027 ips: 11.2421 images/s, max_mem_reserved: 1935 MB, max_mem_allocated: 1858 MB
[09/21 10:18:58] ppdet.engine.callbacks INFO: Epoch: [35] [40/88] learning_rate: 0.002885 loss: 0.920885 loss_cls: 0.584085 loss_iou: 0.082150 loss_dfl: 2.310813 eta: 0:39:40 batch_cost: 0.3723 data_cost: 0.0023 ips: 10.7445 images/s, max_mem_reserved: 1935 MB, max_mem_allocated: 1858 MB
[09/21 10:19:02] ppdet.engine.callbacks INFO: Epoch: [35] [50/88] learning_rate: 0.002879 loss: 0.952077 loss_cls: 0.592519 loss_iou: 0.100940 loss_dfl: 1.835821 eta: 0:39:30 batch_cost: 0.3580 data_cost: 0.0026 ips: 11.1742 images/s, max_mem_reserved: 1935 MB, max_mem_allocated: 1858 MB
[09/21 10:19:06] ppdet.engine.callbacks INFO: Epoch: [35] [60/88] learning_rate: 0.002872 loss: 0.923202 loss_cls: 0.604750 loss_iou: 0.090478 loss_dfl: 2.000057 eta: 0:39:21 batch_cost: 0.3703 data_cost: 0.0025 ips: 10.8023 images/s, max_mem_reserved: 1935 MB, max_mem_allocated: 1858 MB
[09/21 10:19:10] ppdet.engine.callbacks INFO: Epoch: [35] [70/88] learning_rate: 0.002865 loss: 0.939480 loss_cls: 0.619750 loss_iou: 0.082387 loss_dfl: 2.082820 eta: 0:39:12 batch_cost: 0.3671 data_cost: 0.0026 ips: 10.8957 images/s, max_mem_reserved: 1935 MB, max_mem_allocated: 1858 MB
[09/21 10:19:14] ppdet.engine.callbacks INFO: Epoch: [35] [80/88] learning_rate: 0.002858 loss: 1.090836 loss_cls: 0.668767 loss_iou: 0.110761 loss_dfl: 2.841900 eta: 0:39:03 batch_cost: 0.3668 data_cost: 0.0028 ips: 10.9060 images/s, max_mem_reserved: 1935 MB, max_mem_allocated: 1858 MB
[09/21 10:19:18] ppdet.engine.callbacks INFO: Epoch: [36] [ 0/88] learning_rate: 0.002852 loss: 0.942583 loss_cls: 0.608138 loss_iou: 0.097724 loss_dfl: 1.510337 eta: 0:38:56 batch_cost: 0.3653 data_cost: 0.0163 ips: 10.9485 images/s, max_mem_reserved: 1935 MB, max_mem_allocated: 1858 MB
[09/21 10:19:22] ppdet.engine.callbacks INFO: Epoch: [36] [10/88] learning_rate: 0.002846 loss: 0.967857 loss_cls: 0.604740 loss_iou: 0.091550 loss_dfl: 2.062478 eta: 0:38:48 batch_cost: 0.3708 data_cost: 0.0023 ips: 10.7868 images/s, max_mem_reserved: 1935 MB, max_mem_allocated: 1858 MB
[09/21 10:19:26] ppdet.engine.callbacks INFO: Epoch: [36] [20/88] learning_rate: 0.002839 loss: 0.893945 loss_cls: 0.575986 loss_iou: 0.082801 loss_dfl: 2.483184 eta: 0:38:38 batch_cost: 0.3435 data_cost: 0.0025 ips: 11.6450 images/s, max_mem_reserved: 1935 MB, max_mem_allocated: 1858 MB
[09/21 10:19:30] ppdet.engine.callbacks INFO: Epoch: [36] [30/88] learning_rate: 0.002832 loss: 0.902306 loss_cls: 0.570649 loss_iou: 0.090590 loss_dfl: 2.190461 eta: 0:38:29 batch_cost: 0.3645 data_cost: 0.0029 ips: 10.9735 images/s, max_mem_reserved: 1935 MB, max_mem_allocated: 1858 MB
[09/21 10:19:34] ppdet.engine.callbacks INFO: Epoch: [36] [40/88] learning_rate: 0.002825 loss: 0.930248 loss_cls: 0.561173 loss_iou: 0.097881 loss_dfl: 1.750972 eta: 0:38:21 batch_cost: 0.3579 data_cost: 0.0028 ips: 11.1776 images/s, max_mem_reserved: 1935 MB, max_mem_allocated: 1858 MB
[09/21 10:19:38] ppdet.engine.callbacks INFO: Epoch: [36] [50/88] learning_rate: 0.002818 loss: 0.873257 loss_cls: 0.582694 loss_iou: 0.086421 loss_dfl: 1.516648 eta: 0:38:12 batch_cost: 0.3601 data_cost: 0.0033 ips: 11.1069 images/s, max_mem_reserved: 1935 MB, max_mem_allocated: 1858 MB
[09/21 10:19:42] ppdet.engine.callbacks INFO: Epoch: [36] [60/88] learning_rate: 0.002811 loss: 0.875086 loss_cls: 0.567061 loss_iou: 0.082495 loss_dfl: 2.532175 eta: 0:38:03 batch_cost: 0.3794 data_cost: 0.0028 ips: 10.5438 images/s, max_mem_reserved: 1935 MB, max_mem_allocated: 1858 MB
[09/21 10:19:46] ppdet.engine.callbacks INFO: Epoch: [36] [70/88] learning_rate: 0.002804 loss: 0.940833 loss_cls: 0.597611 loss_iou: 0.097849 loss_dfl: 2.111771 eta: 0:37:54 batch_cost: 0.3699 data_cost: 0.0029 ips: 10.8146 images/s, max_mem_reserved: 1935 MB, max_mem_allocated: 1858 MB
[09/21 10:19:50] ppdet.engine.callbacks INFO: Epoch: [36] [80/88] learning_rate: 0.002797 loss: 0.901230 loss_cls: 0.598862 loss_iou: 0.084227 loss_dfl: 2.032060 eta: 0:37:46 batch_cost: 0.3558 data_cost: 0.0031 ips: 11.2417 images/s, max_mem_reserved: 1935 MB, max_mem_allocated: 1858 MB
[09/21 10:19:53] ppdet.engine.callbacks INFO: Epoch: [37] [ 0/88] learning_rate: 0.002791 loss: 0.875087 loss_cls: 0.579035 loss_iou: 0.082445 loss_dfl: 2.091772 eta: 0:37:39 batch_cost: 0.3593 data_cost: 0.0155 ips: 11.1315 images/s, max_mem_reserved: 1935 MB, max_mem_allocated: 1858 MB
[09/21 10:19:57] ppdet.engine.callbacks INFO: Epoch: [37] [10/88] learning_rate: 0.002784 loss: 0.802739 loss_cls: 0.549318 loss_iou: 0.075798 loss_dfl: 1.361208 eta: 0:37:30 batch_cost: 0.3621 data_cost: 0.0029 ips: 11.0456 images/s, max_mem_reserved: 1935 MB, max_mem_allocated: 1858 MB
[09/21 10:20:01] ppdet.engine.callbacks INFO: Epoch: [37] [20/88] learning_rate: 0.002777 loss: 0.893479 loss_cls: 0.577934 loss_iou: 0.093027 loss_dfl: 1.834648 eta: 0:37:21 batch_cost: 0.3598 data_cost: 0.0029 ips: 11.1185 images/s, max_mem_reserved: 1935 MB, max_mem_allocated: 1858 MB
[09/21 10:20:05] ppdet.engine.callbacks INFO: Epoch: [37] [30/88] learning_rate: 0.002770 loss: 0.875630 loss_cls: 0.583992 loss_iou: 0.085324 loss_dfl: 1.663348 eta: 0:37:13 batch_cost: 0.3541 data_cost: 0.0025 ips: 11.2956 images/s, max_mem_reserved: 1935 MB, max_mem_allocated: 1858 MB
[09/21 10:20:09] ppdet.engine.callbacks INFO: Epoch: [37] [40/88] learning_rate: 0.002763 loss: 0.831738 loss_cls: 0.568654 loss_iou: 0.068299 loss_dfl: 2.318633 eta: 0:37:04 batch_cost: 0.3682 data_cost: 0.0025 ips: 10.8623 images/s, max_mem_reserved: 1935 MB, max_mem_allocated: 1858 MB
[09/21 10:20:14] ppdet.engine.callbacks INFO: Epoch: [37] [50/88] learning_rate: 0.002756 loss: 0.989935 loss_cls: 0.597675 loss_iou: 0.097821 loss_dfl: 2.111323 eta: 0:36:56 batch_cost: 0.3729 data_cost: 0.0027 ips: 10.7256 images/s, max_mem_reserved: 1935 MB, max_mem_allocated: 1858 MB
[09/21 10:20:17] ppdet.engine.callbacks INFO: Epoch: [37] [60/88] learning_rate: 0.002749 loss: 0.827781 loss_cls: 0.562065 loss_iou: 0.073660 loss_dfl: 1.832761 eta: 0:36:47 batch_cost: 0.3552 data_cost: 0.0027 ips: 11.2607 images/s, max_mem_reserved: 1935 MB, max_mem_allocated: 1858 MB
[09/21 10:20:21] ppdet.engine.callbacks INFO: Epoch: [37] [70/88] learning_rate: 0.002742 loss: 0.847188 loss_cls: 0.561706 loss_iou: 0.078119 loss_dfl: 1.815734 eta: 0:36:38 batch_cost: 0.3572 data_cost: 0.0028 ips: 11.1987 images/s, max_mem_reserved: 1935 MB, max_mem_allocated: 1858 MB
[09/21 10:20:25] ppdet.engine.callbacks INFO: Epoch: [37] [80/88] learning_rate: 0.002735 loss: 0.881299 loss_cls: 0.571277 loss_iou: 0.080374 loss_dfl: 2.200762 eta: 0:36:30 batch_cost: 0.3652 data_cost: 0.0027 ips: 10.9526 images/s, max_mem_reserved: 1935 MB, max_mem_allocated: 1858 MB
[09/21 10:20:29] ppdet.engine.callbacks INFO: Epoch: [38] [ 0/88] learning_rate: 0.002729 loss: 0.960126 loss_cls: 0.597043 loss_iou: 0.105613 loss_dfl: 2.086498 eta: 0:36:23 batch_cost: 0.3728 data_cost: 0.0151 ips: 10.7287 images/s, max_mem_reserved: 1935 MB, max_mem_allocated: 1858 MB
[09/21 10:20:33] ppdet.engine.callbacks INFO: Epoch: [38] [10/88] learning_rate: 0.002722 loss: 0.871752 loss_cls: 0.570730 loss_iou: 0.081545 loss_dfl: 1.780212 eta: 0:36:15 batch_cost: 0.3707 data_cost: 0.0028 ips: 10.7905 images/s, max_mem_reserved: 1935 MB, max_mem_allocated: 1858 MB
[09/21 10:20:37] ppdet.engine.callbacks INFO: Epoch: [38] [20/88] learning_rate: 0.002715 loss: 0.841912 loss_cls: 0.564863 loss_iou: 0.085042 loss_dfl: 1.236388 eta: 0:36:07 batch_cost: 0.3624 data_cost: 0.0029 ips: 11.0388 images/s, max_mem_reserved: 1935 MB, max_mem_allocated: 1858 MB
[09/21 10:20:41] ppdet.engine.callbacks INFO: Epoch: [38] [30/88] learning_rate: 0.002708 loss: 0.860856 loss_cls: 0.582038 loss_iou: 0.072548 loss_dfl: 1.526206 eta: 0:35:58 batch_cost: 0.3565 data_cost: 0.0029 ips: 11.2198 images/s, max_mem_reserved: 1935 MB, max_mem_allocated: 1858 MB
[09/21 10:20:45] ppdet.engine.callbacks INFO: Epoch: [38] [40/88] learning_rate: 0.002701 loss: 0.906498 loss_cls: 0.573501 loss_iou: 0.089037 loss_dfl: 2.264612 eta: 0:35:50 batch_cost: 0.3503 data_cost: 0.0030 ips: 11.4174 images/s, max_mem_reserved: 1935 MB, max_mem_allocated: 1858 MB
[09/21 10:20:49] ppdet.engine.callbacks INFO: Epoch: [38] [50/88] learning_rate: 0.002694 loss: 0.975850 loss_cls: 0.617275 loss_iou: 0.099628 loss_dfl: 2.311231 eta: 0:35:42 batch_cost: 0.3900 data_cost: 0.0029 ips: 10.2567 images/s, max_mem_reserved: 1935 MB, max_mem_allocated: 1858 MB
[09/21 10:20:53] ppdet.engine.callbacks INFO: Epoch: [38] [60/88] learning_rate: 0.002687 loss: 0.887058 loss_cls: 0.574589 loss_iou: 0.082227 loss_dfl: 2.015939 eta: 0:35:33 batch_cost: 0.3482 data_cost: 0.0029 ips: 11.4863 images/s, max_mem_reserved: 1935 MB, max_mem_allocated: 1858 MB
[09/21 10:20:57] ppdet.engine.callbacks INFO: Epoch: [38] [70/88] learning_rate: 0.002679 loss: 0.857176 loss_cls: 0.553890 loss_iou: 0.085928 loss_dfl: 1.974540 eta: 0:35:25 batch_cost: 0.3616 data_cost: 0.0033 ips: 11.0618 images/s, max_mem_reserved: 1935 MB, max_mem_allocated: 1858 MB
[09/21 10:21:01] ppdet.engine.callbacks INFO: Epoch: [38] [80/88] learning_rate: 0.002672 loss: 0.856151 loss_cls: 0.558176 loss_iou: 0.081244 loss_dfl: 2.168350 eta: 0:35:17 batch_cost: 0.3508 data_cost: 0.0029 ips: 11.4029 images/s, max_mem_reserved: 1935 MB, max_mem_allocated: 1858 MB
[09/21 10:21:04] ppdet.engine.callbacks INFO: Epoch: [39] [ 0/88] learning_rate: 0.002667 loss: 0.834214 loss_cls: 0.541490 loss_iou: 0.079800 loss_dfl: 1.917497 eta: 0:35:10 batch_cost: 0.3551 data_cost: 0.0162 ips: 11.2654 images/s, max_mem_reserved: 1935 MB, max_mem_allocated: 1858 MB
[09/21 10:21:08] ppdet.engine.callbacks INFO: Epoch: [39] [10/88] learning_rate: 0.002659 loss: 0.821501 loss_cls: 0.542937 loss_iou: 0.084469 loss_dfl: 1.510940 eta: 0:35:02 batch_cost: 0.3509 data_cost: 0.0028 ips: 11.3984 images/s, max_mem_reserved: 1935 MB, max_mem_allocated: 1858 MB
[09/21 10:21:12] ppdet.engine.callbacks INFO: Epoch: [39] [20/88] learning_rate: 0.002652 loss: 0.932841 loss_cls: 0.610313 loss_iou: 0.096300 loss_dfl: 2.414243 eta: 0:34:54 batch_cost: 0.3935 data_cost: 0.0032 ips: 10.1662 images/s, max_mem_reserved: 1935 MB, max_mem_allocated: 1858 MB
[09/21 10:21:16] ppdet.engine.callbacks INFO: Epoch: [39] [30/88] learning_rate: 0.002645 loss: 0.976023 loss_cls: 0.609746 loss_iou: 0.093071 loss_dfl: 2.225677 eta: 0:34:46 batch_cost: 0.3570 data_cost: 0.0030 ips: 11.2042 images/s, max_mem_reserved: 1935 MB, max_mem_allocated: 1858 MB
[09/21 10:21:21] ppdet.engine.callbacks INFO: Epoch: [39] [40/88] learning_rate: 0.002638 loss: 0.936033 loss_cls: 0.579581 loss_iou: 0.087062 loss_dfl: 1.597745 eta: 0:34:38 batch_cost: 0.3793 data_cost: 0.0028 ips: 10.5447 images/s, max_mem_reserved: 1935 MB, max_mem_allocated: 1858 MB
[09/21 10:21:25] ppdet.engine.callbacks INFO: Epoch: [39] [50/88] learning_rate: 0.002630 loss: 0.837636 loss_cls: 0.541845 loss_iou: 0.085845 loss_dfl: 1.897354 eta: 0:34:30 batch_cost: 0.3539 data_cost: 0.0028 ips: 11.3030 images/s, max_mem_reserved: 1935 MB, max_mem_allocated: 1858 MB
[09/21 10:21:29] ppdet.engine.callbacks INFO: Epoch: [39] [60/88] learning_rate: 0.002623 loss: 0.940692 loss_cls: 0.585804 loss_iou: 0.088582 loss_dfl: 2.222333 eta: 0:34:22 batch_cost: 0.3666 data_cost: 0.0029 ips: 10.9120 images/s, max_mem_reserved: 1935 MB, max_mem_allocated: 1858 MB
[09/21 10:21:33] ppdet.engine.callbacks INFO: Epoch: [39] [70/88] learning_rate: 0.002616 loss: 0.884154 loss_cls: 0.554000 loss_iou: 0.089150 loss_dfl: 1.843842 eta: 0:34:14 batch_cost: 0.3666 data_cost: 0.0031 ips: 10.9111 images/s, max_mem_reserved: 1935 MB, max_mem_allocated: 1858 MB
[09/21 10:21:37] ppdet.engine.callbacks INFO: Epoch: [39] [80/88] learning_rate: 0.002609 loss: 0.836332 loss_cls: 0.554271 loss_iou: 0.075188 loss_dfl: 1.796693 eta: 0:34:06 batch_cost: 0.3629 data_cost: 0.0032 ips: 11.0216 images/s, max_mem_reserved: 1935 MB, max_mem_allocated: 1858 MB
[09/21 10:21:41] ppdet.utils.checkpoint INFO: Save checkpoint: output
[09/21 10:21:41] ppdet.engine.callbacks INFO: Eval iter: 0
[09/21 10:21:44] ppdet.metrics.metrics INFO: Accumulating evaluatation results...
[09/21 10:21:44] ppdet.metrics.metrics INFO: mAP(0.50, 11point) = 81.52%
[09/21 10:21:44] ppdet.engine.callbacks INFO: Total sample number: 100, average FPS: 25.929589390138716
[09/21 10:21:44] ppdet.engine INFO: Best test bbox ap is 0.818.
[09/21 10:21:45] ppdet.engine.callbacks INFO: Epoch: [40] [ 0/88] learning_rate: 0.002603 loss: 0.897325 loss_cls: 0.568162 loss_iou: 0.081244 loss_dfl: 2.151286 eta: 0:33:59 batch_cost: 0.3401 data_cost: 0.0029 ips: 11.7626 images/s, max_mem_reserved: 1935 MB, max_mem_allocated: 1858 MB
[09/21 10:21:49] ppdet.engine.callbacks INFO: Epoch: [40] [10/88] learning_rate: 0.002596 loss: 0.822026 loss_cls: 0.551334 loss_iou: 0.068270 loss_dfl: 1.517306 eta: 0:33:51 batch_cost: 0.3658 data_cost: 0.0030 ips: 10.9347 images/s, max_mem_reserved: 1935 MB, max_mem_allocated: 1858 MB
[09/21 10:21:53] ppdet.engine.callbacks INFO: Epoch: [40] [20/88] learning_rate: 0.002588 loss: 0.942456 loss_cls: 0.566153 loss_iou: 0.093043 loss_dfl: 2.214536 eta: 0:33:43 batch_cost: 0.3565 data_cost: 0.0029 ips: 11.2217 images/s, max_mem_reserved: 1935 MB, max_mem_allocated: 1858 MB
[09/21 10:21:57] ppdet.engine.callbacks INFO: Epoch: [40] [30/88] learning_rate: 0.002581 loss: 0.810016 loss_cls: 0.549740 loss_iou: 0.073961 loss_dfl: 2.005825 eta: 0:33:35 batch_cost: 0.3556 data_cost: 0.0032 ips: 11.2471 images/s, max_mem_reserved: 1935 MB, max_mem_allocated: 1858 MB
[09/21 10:22:01] ppdet.engine.callbacks INFO: Epoch: [40] [40/88] learning_rate: 0.002574 loss: 0.882453 loss_cls: 0.566381 loss_iou: 0.082983 loss_dfl: 2.048788 eta: 0:33:27 batch_cost: 0.3594 data_cost: 0.0028 ips: 11.1293 images/s, max_mem_reserved: 1935 MB, max_mem_allocated: 1858 MB
[09/21 10:22:05] ppdet.engine.callbacks INFO: Epoch: [40] [50/88] learning_rate: 0.002567 loss: 0.814777 loss_cls: 0.546508 loss_iou: 0.067979 loss_dfl: 1.863592 eta: 0:33:19 batch_cost: 0.3537 data_cost: 0.0030 ips: 11.3094 images/s, max_mem_reserved: 1935 MB, max_mem_allocated: 1858 MB
[09/21 10:22:09] ppdet.engine.callbacks INFO: Epoch: [40] [60/88] learning_rate: 0.002559 loss: 0.863968 loss_cls: 0.580428 loss_iou: 0.074878 loss_dfl: 2.073243 eta: 0:33:12 batch_cost: 0.3574 data_cost: 0.0029 ips: 11.1935 images/s, max_mem_reserved: 1935 MB, max_mem_allocated: 1858 MB
[09/21 10:22:13] ppdet.engine.callbacks INFO: Epoch: [40] [70/88] learning_rate: 0.002552 loss: 1.079547 loss_cls: 0.632648 loss_iou: 0.098812 loss_dfl: 2.582481 eta: 0:33:04 batch_cost: 0.3632 data_cost: 0.0030 ips: 11.0123 images/s, max_mem_reserved: 1935 MB, max_mem_allocated: 1858 MB
[09/21 10:22:17] ppdet.engine.callbacks INFO: Epoch: [40] [80/88] learning_rate: 0.002545 loss: 0.838095 loss_cls: 0.548899 loss_iou: 0.083621 loss_dfl: 1.939415 eta: 0:32:56 batch_cost: 0.3531 data_cost: 0.0029 ips: 11.3289 images/s, max_mem_reserved: 1935 MB, max_mem_allocated: 1858 MB
[09/21 10:22:20] ppdet.engine.callbacks INFO: Epoch: [41] [ 0/88] learning_rate: 0.002539 loss: 0.851818 loss_cls: 0.567038 loss_iou: 0.080364 loss_dfl: 1.773488 eta: 0:32:50 batch_cost: 0.3810 data_cost: 0.0165 ips: 10.4993 images/s, max_mem_reserved: 1935 MB, max_mem_allocated: 1858 MB
[09/21 10:22:24] ppdet.engine.callbacks INFO: Epoch: [41] [10/88] learning_rate: 0.002531 loss: 0.844839 loss_cls: 0.570143 loss_iou: 0.080675 loss_dfl: 1.506531 eta: 0:32:42 batch_cost: 0.3565 data_cost: 0.0029 ips: 11.2190 images/s, max_mem_reserved: 1935 MB, max_mem_allocated: 1858 MB
[09/21 10:22:28] ppdet.engine.callbacks INFO: Epoch: [41] [20/88] learning_rate: 0.002524 loss: 0.815576 loss_cls: 0.540900 loss_iou: 0.087330 loss_dfl: 2.399468 eta: 0:32:34 batch_cost: 0.3607 data_cost: 0.0030 ips: 11.0905 images/s, max_mem_reserved: 1935 MB, max_mem_allocated: 1858 MB
[09/21 10:22:32] ppdet.engine.callbacks INFO: Epoch: [41] [30/88] learning_rate: 0.002517 loss: 0.855873 loss_cls: 0.572970 loss_iou: 0.085705 loss_dfl: 2.038695 eta: 0:32:27 batch_cost: 0.3650 data_cost: 0.0029 ips: 10.9582 images/s, max_mem_reserved: 1935 MB, max_mem_allocated: 1858 MB
[09/21 10:22:36] ppdet.engine.callbacks INFO: Epoch: [41] [40/88] learning_rate: 0.002509 loss: 0.755143 loss_cls: 0.523408 loss_iou: 0.070396 loss_dfl: 1.633405 eta: 0:32:19 batch_cost: 0.3541 data_cost: 0.0030 ips: 11.2978 images/s, max_mem_reserved: 1935 MB, max_mem_allocated: 1858 MB
[09/21 10:22:40] ppdet.engine.callbacks INFO: Epoch: [41] [50/88] learning_rate: 0.002502 loss: 0.854682 loss_cls: 0.521112 loss_iou: 0.083151 loss_dfl: 1.846425 eta: 0:32:11 batch_cost: 0.3580 data_cost: 0.0031 ips: 11.1735 images/s, max_mem_reserved: 1935 MB, max_mem_allocated: 1858 MB
[09/21 10:22:44] ppdet.engine.callbacks INFO: Epoch: [41] [60/88] learning_rate: 0.002495 loss: 0.827217 loss_cls: 0.511006 loss_iou: 0.085264 loss_dfl: 1.837866 eta: 0:32:04 batch_cost: 0.3634 data_cost: 0.0033 ips: 11.0059 images/s, max_mem_reserved: 1935 MB, max_mem_allocated: 1858 MB
[09/21 10:22:48] ppdet.engine.callbacks INFO: Epoch: [41] [70/88] learning_rate: 0.002487 loss: 1.060581 loss_cls: 0.585846 loss_iou: 0.139645 loss_dfl: 2.684608 eta: 0:31:56 batch_cost: 0.3652 data_cost: 0.0027 ips: 10.9539 images/s, max_mem_reserved: 1935 MB, max_mem_allocated: 1858 MB
[09/21 10:22:52] ppdet.engine.callbacks INFO: Epoch: [41] [80/88] learning_rate: 0.002480 loss: 0.838639 loss_cls: 0.536796 loss_iou: 0.078976 loss_dfl: 2.303492 eta: 0:31:48 batch_cost: 0.3628 data_cost: 0.0030 ips: 11.0251 images/s, max_mem_reserved: 1935 MB, max_mem_allocated: 1858 MB
[09/21 10:22:56] ppdet.engine.callbacks INFO: Epoch: [42] [ 0/88] learning_rate: 0.002474 loss: 0.923241 loss_cls: 0.571337 loss_iou: 0.102803 loss_dfl: 1.527741 eta: 0:31:42 batch_cost: 0.3691 data_cost: 0.0156 ips: 10.8371 images/s, max_mem_reserved: 1935 MB, max_mem_allocated: 1858 MB
[09/21 10:23:00] ppdet.engine.callbacks INFO: Epoch: [42] [10/88] learning_rate: 0.002466 loss: 0.961912 loss_cls: 0.566280 loss_iou: 0.109779 loss_dfl: 2.395029 eta: 0:31:35 batch_cost: 0.3663 data_cost: 0.0026 ips: 10.9205 images/s, max_mem_reserved: 1935 MB, max_mem_allocated: 1858 MB
[09/21 10:23:04] ppdet.engine.callbacks INFO: Epoch: [42] [20/88] learning_rate: 0.002459 loss: 0.824172 loss_cls: 0.570417 loss_iou: 0.075602 loss_dfl: 1.500735 eta: 0:31:27 batch_cost: 0.3764 data_cost: 0.0030 ips: 10.6261 images/s, max_mem_reserved: 1935 MB, max_mem_allocated: 1858 MB
[09/21 10:23:08] ppdet.engine.callbacks INFO: Epoch: [42] [30/88] learning_rate: 0.002452 loss: 0.949906 loss_cls: 0.575150 loss_iou: 0.095926 loss_dfl: 2.391016 eta: 0:31:20 batch_cost: 0.3506 data_cost: 0.0033 ips: 11.4079 images/s, max_mem_reserved: 1935 MB, max_mem_allocated: 1858 MB
[09/21 10:23:12] ppdet.engine.callbacks INFO: Epoch: [42] [40/88] learning_rate: 0.002444 loss: 0.766334 loss_cls: 0.508886 loss_iou: 0.068316 loss_dfl: 1.913948 eta: 0:31:12 batch_cost: 0.3509 data_cost: 0.0032 ips: 11.3995 images/s, max_mem_reserved: 1935 MB, max_mem_allocated: 1858 MB
[09/21 10:23:16] ppdet.engine.callbacks INFO: Epoch: [42] [50/88] learning_rate: 0.002437 loss: 0.857925 loss_cls: 0.550540 loss_iou: 0.085146 loss_dfl: 2.274340 eta: 0:31:05 batch_cost: 0.3678 data_cost: 0.0033 ips: 10.8760 images/s, max_mem_reserved: 1935 MB, max_mem_allocated: 1858 MB
[09/21 10:23:20] ppdet.engine.callbacks INFO: Epoch: [42] [60/88] learning_rate: 0.002429 loss: 0.846066 loss_cls: 0.537507 loss_iou: 0.085919 loss_dfl: 1.832944 eta: 0:30:57 batch_cost: 0.3631 data_cost: 0.0029 ips: 11.0169 images/s, max_mem_reserved: 1935 MB, max_mem_allocated: 1858 MB
[09/21 10:23:24] ppdet.engine.callbacks INFO: Epoch: [42] [70/88] learning_rate: 0.002422 loss: 0.805871 loss_cls: 0.532673 loss_iou: 0.080230 loss_dfl: 1.504656 eta: 0:30:50 batch_cost: 0.3598 data_cost: 0.0028 ips: 11.1171 images/s, max_mem_reserved: 1935 MB, max_mem_allocated: 1858 MB
[09/21 10:23:28] ppdet.engine.callbacks INFO: Epoch: [42] [80/88] learning_rate: 0.002414 loss: 0.893027 loss_cls: 0.565719 loss_iou: 0.083726 loss_dfl: 2.581553 eta: 0:30:42 batch_cost: 0.3560 data_cost: 0.0028 ips: 11.2364 images/s, max_mem_reserved: 1935 MB, max_mem_allocated: 1858 MB
[09/21 10:23:31] ppdet.engine.callbacks INFO: Epoch: [43] [ 0/88] learning_rate: 0.002408 loss: 0.835157 loss_cls: 0.547991 loss_iou: 0.074684 loss_dfl: 1.932243 eta: 0:30:37 batch_cost: 0.3580 data_cost: 0.0141 ips: 11.1722 images/s, max_mem_reserved: 1935 MB, max_mem_allocated: 1858 MB
[09/21 10:23:35] ppdet.engine.callbacks INFO: Epoch: [43] [10/88] learning_rate: 0.002401 loss: 0.820214 loss_cls: 0.539556 loss_iou: 0.075486 loss_dfl: 1.745787 eta: 0:30:29 batch_cost: 0.3614 data_cost: 0.0028 ips: 11.0669 images/s, max_mem_reserved: 1935 MB, max_mem_allocated: 1858 MB
[09/21 10:23:39] ppdet.engine.callbacks INFO: Epoch: [43] [20/88] learning_rate: 0.002394 loss: 0.965798 loss_cls: 0.592844 loss_iou: 0.109103 loss_dfl: 2.249930 eta: 0:30:22 batch_cost: 0.3595 data_cost: 0.0029 ips: 11.1273 images/s, max_mem_reserved: 1935 MB, max_mem_allocated: 1858 MB
[09/21 10:23:43] ppdet.engine.callbacks INFO: Epoch: [43] [30/88] learning_rate: 0.002386 loss: 0.809451 loss_cls: 0.556640 loss_iou: 0.066065 loss_dfl: 1.922990 eta: 0:30:14 batch_cost: 0.3651 data_cost: 0.0029 ips: 10.9566 images/s, max_mem_reserved: 1935 MB, max_mem_allocated: 1858 MB
[09/21 10:23:47] ppdet.engine.callbacks INFO: Epoch: [43] [40/88] learning_rate: 0.002379 loss: 0.812557 loss_cls: 0.537245 loss_iou: 0.070775 loss_dfl: 1.826204 eta: 0:30:07 batch_cost: 0.3634 data_cost: 0.0027 ips: 11.0060 images/s, max_mem_reserved: 1935 MB, max_mem_allocated: 1858 MB
[09/21 10:23:51] ppdet.engine.callbacks INFO: Epoch: [43] [50/88] learning_rate: 0.002371 loss: 0.797249 loss_cls: 0.540357 loss_iou: 0.069118 loss_dfl: 1.542443 eta: 0:30:00 batch_cost: 0.3618 data_cost: 0.0028 ips: 11.0572 images/s, max_mem_reserved: 1935 MB, max_mem_allocated: 1858 MB
[09/21 10:23:55] ppdet.engine.callbacks INFO: Epoch: [43] [60/88] learning_rate: 0.002364 loss: 0.977399 loss_cls: 0.620991 loss_iou: 0.086485 loss_dfl: 2.129665 eta: 0:29:53 batch_cost: 0.3776 data_cost: 0.0026 ips: 10.5933 images/s, max_mem_reserved: 1935 MB, max_mem_allocated: 1858 MB
[09/21 10:24:00] ppdet.engine.callbacks INFO: Epoch: [43] [70/88] learning_rate: 0.002356 loss: 0.832931 loss_cls: 0.557805 loss_iou: 0.075824 loss_dfl: 1.922893 eta: 0:29:46 batch_cost: 0.3665 data_cost: 0.0026 ips: 10.9133 images/s, max_mem_reserved: 1935 MB, max_mem_allocated: 1858 MB
[09/21 10:24:04] ppdet.engine.callbacks INFO: Epoch: [43] [80/88] learning_rate: 0.002349 loss: 0.765099 loss_cls: 0.524080 loss_iou: 0.066751 loss_dfl: 1.389909 eta: 0:29:38 batch_cost: 0.3568 data_cost: 0.0028 ips: 11.2123 images/s, max_mem_reserved: 1935 MB, max_mem_allocated: 1858 MB
[09/21 10:24:07] ppdet.engine.callbacks INFO: Epoch: [44] [ 0/88] learning_rate: 0.002343 loss: 0.802432 loss_cls: 0.527977 loss_iou: 0.083207 loss_dfl: 1.546689 eta: 0:29:33 batch_cost: 0.3687 data_cost: 0.0148 ips: 10.8488 images/s, max_mem_reserved: 1935 MB, max_mem_allocated: 1858 MB
[09/21 10:24:11] ppdet.engine.callbacks INFO: Epoch: [44] [10/88] learning_rate: 0.002335 loss: 0.846213 loss_cls: 0.568715 loss_iou: 0.074696 loss_dfl: 2.051054 eta: 0:29:25 batch_cost: 0.3683 data_cost: 0.0024 ips: 10.8617 images/s, max_mem_reserved: 1935 MB, max_mem_allocated: 1858 MB
[09/21 10:24:15] ppdet.engine.callbacks INFO: Epoch: [44] [20/88] learning_rate: 0.002328 loss: 0.903254 loss_cls: 0.581301 loss_iou: 0.085973 loss_dfl: 2.033175 eta: 0:29:18 batch_cost: 0.3805 data_cost: 0.0027 ips: 10.5118 images/s, max_mem_reserved: 1935 MB, max_mem_allocated: 1858 MB
[09/21 10:24:19] ppdet.engine.callbacks INFO: Epoch: [44] [30/88] learning_rate: 0.002320 loss: 0.835790 loss_cls: 0.539291 loss_iou: 0.070788 loss_dfl: 2.225640 eta: 0:29:11 batch_cost: 0.3582 data_cost: 0.0031 ips: 11.1664 images/s, max_mem_reserved: 1935 MB, max_mem_allocated: 1858 MB
[09/21 10:24:23] ppdet.engine.callbacks INFO: Epoch: [44] [40/88] learning_rate: 0.002313 loss: 0.823282 loss_cls: 0.545952 loss_iou: 0.078369 loss_dfl: 1.584401 eta: 0:29:04 batch_cost: 0.3572 data_cost: 0.0027 ips: 11.1976 images/s, max_mem_reserved: 1935 MB, max_mem_allocated: 1858 MB
[09/21 10:24:27] ppdet.engine.callbacks INFO: Epoch: [44] [50/88] learning_rate: 0.002305 loss: 0.862590 loss_cls: 0.529691 loss_iou: 0.080116 loss_dfl: 2.427756 eta: 0:28:57 batch_cost: 0.3614 data_cost: 0.0025 ips: 11.0671 images/s, max_mem_reserved: 1935 MB, max_mem_allocated: 1858 MB
[09/21 10:24:31] ppdet.engine.callbacks INFO: Epoch: [44] [60/88] learning_rate: 0.002298 loss: 0.837976 loss_cls: 0.567720 loss_iou: 0.079414 loss_dfl: 1.847895 eta: 0:28:50 batch_cost: 0.3611 data_cost: 0.0032 ips: 11.0767 images/s, max_mem_reserved: 1935 MB, max_mem_allocated: 1858 MB
[09/21 10:24:35] ppdet.engine.callbacks INFO: Epoch: [44] [70/88] learning_rate: 0.002290 loss: 0.871075 loss_cls: 0.528295 loss_iou: 0.092091 loss_dfl: 2.486646 eta: 0:28:43 batch_cost: 0.3717 data_cost: 0.0028 ips: 10.7614 images/s, max_mem_reserved: 1935 MB, max_mem_allocated: 1858 MB
[09/21 10:24:39] ppdet.engine.callbacks INFO: Epoch: [44] [80/88] learning_rate: 0.002282 loss: 0.769061 loss_cls: 0.533169 loss_iou: 0.067263 loss_dfl: 1.834801 eta: 0:28:35 batch_cost: 0.3483 data_cost: 0.0026 ips: 11.4846 images/s, max_mem_reserved: 1935 MB, max_mem_allocated: 1858 MB
[09/21 10:24:43] ppdet.utils.checkpoint INFO: Save checkpoint: output
[09/21 10:24:43] ppdet.engine.callbacks INFO: Eval iter: 0
[09/21 10:24:47] ppdet.metrics.metrics INFO: Accumulating evaluatation results...
[09/21 10:24:47] ppdet.metrics.metrics INFO: mAP(0.50, 11point) = 81.51%
[09/21 10:24:47] ppdet.engine.callbacks INFO: Total sample number: 100, average FPS: 24.24528717975664
[09/21 10:24:47] ppdet.engine INFO: Best test bbox ap is 0.818.
[09/21 10:24:47] ppdet.engine.callbacks INFO: Epoch: [45] [ 0/88] learning_rate: 0.002276 loss: 0.804057 loss_cls: 0.549445 loss_iou: 0.072443 loss_dfl: 2.205880 eta: 0:28:30 batch_cost: 0.3550 data_cost: 0.0028 ips: 11.2678 images/s, max_mem_reserved: 1935 MB, max_mem_allocated: 1858 MB
[09/21 10:24:51] ppdet.engine.callbacks INFO: Epoch: [45] [10/88] learning_rate: 0.002269 loss: 0.880583 loss_cls: 0.555300 loss_iou: 0.083017 loss_dfl: 2.431422 eta: 0:28:23 batch_cost: 0.3480 data_cost: 0.0035 ips: 11.4927 images/s, max_mem_reserved: 1935 MB, max_mem_allocated: 1858 MB
[09/21 10:24:55] ppdet.engine.callbacks INFO: Epoch: [45] [20/88] learning_rate: 0.002261 loss: 0.783614 loss_cls: 0.518111 loss_iou: 0.069837 loss_dfl: 2.090654 eta: 0:28:16 batch_cost: 0.3612 data_cost: 0.0031 ips: 11.0754 images/s, max_mem_reserved: 1935 MB, max_mem_allocated: 1858 MB
[09/21 10:24:59] ppdet.engine.callbacks INFO: Epoch: [45] [30/88] learning_rate: 0.002254 loss: 0.880525 loss_cls: 0.563955 loss_iou: 0.075410 loss_dfl: 2.050678 eta: 0:28:09 batch_cost: 0.3482 data_cost: 0.0028 ips: 11.4877 images/s, max_mem_reserved: 1935 MB, max_mem_allocated: 1858 MB
[09/21 10:25:03] ppdet.engine.callbacks INFO: Epoch: [45] [40/88] learning_rate: 0.002246 loss: 1.021892 loss_cls: 0.595875 loss_iou: 0.107039 loss_dfl: 2.595027 eta: 0:28:01 batch_cost: 0.3579 data_cost: 0.0028 ips: 11.1748 images/s, max_mem_reserved: 1935 MB, max_mem_allocated: 1858 MB
[09/21 10:25:07] ppdet.engine.callbacks INFO: Epoch: [45] [50/88] learning_rate: 0.002239 loss: 0.845441 loss_cls: 0.562501 loss_iou: 0.073274 loss_dfl: 1.997763 eta: 0:27:55 batch_cost: 0.3629 data_cost: 0.0027 ips: 11.0230 images/s, max_mem_reserved: 1935 MB, max_mem_allocated: 1858 MB
[09/21 10:25:11] ppdet.engine.callbacks INFO: Epoch: [45] [60/88] learning_rate: 0.002231 loss: 0.839576 loss_cls: 0.537543 loss_iou: 0.072061 loss_dfl: 2.076752 eta: 0:27:48 batch_cost: 0.3684 data_cost: 0.0027 ips: 10.8591 images/s, max_mem_reserved: 1935 MB, max_mem_allocated: 1858 MB
[09/21 10:25:15] ppdet.engine.callbacks INFO: Epoch: [45] [70/88] learning_rate: 0.002223 loss: 0.812077 loss_cls: 0.524699 loss_iou: 0.070052 loss_dfl: 1.709454 eta: 0:27:41 batch_cost: 0.3693 data_cost: 0.0028 ips: 10.8322 images/s, max_mem_reserved: 1935 MB, max_mem_allocated: 1858 MB
[09/21 10:25:19] ppdet.engine.callbacks INFO: Epoch: [45] [80/88] learning_rate: 0.002216 loss: 0.845550 loss_cls: 0.540211 loss_iou: 0.086639 loss_dfl: 1.722979 eta: 0:27:34 batch_cost: 0.3660 data_cost: 0.0030 ips: 10.9302 images/s, max_mem_reserved: 1935 MB, max_mem_allocated: 1858 MB
[09/21 10:25:23] ppdet.engine.callbacks INFO: Epoch: [46] [ 0/88] learning_rate: 0.002210 loss: 0.825002 loss_cls: 0.548968 loss_iou: 0.071211 loss_dfl: 1.946828 eta: 0:27:28 batch_cost: 0.3489 data_cost: 0.0141 ips: 11.4654 images/s, max_mem_reserved: 1935 MB, max_mem_allocated: 1858 MB
[09/21 10:25:27] ppdet.engine.callbacks INFO: Epoch: [46] [10/88] learning_rate: 0.002202 loss: 0.820559 loss_cls: 0.549663 loss_iou: 0.074037 loss_dfl: 1.686366 eta: 0:27:21 batch_cost: 0.3543 data_cost: 0.0025 ips: 11.2910 images/s, max_mem_reserved: 1935 MB, max_mem_allocated: 1858 MB
[09/21 10:25:31] ppdet.engine.callbacks INFO: Epoch: [46] [20/88] learning_rate: 0.002195 loss: 0.851016 loss_cls: 0.555151 loss_iou: 0.077187 loss_dfl: 1.810438 eta: 0:27:15 batch_cost: 0.3831 data_cost: 0.0034 ips: 10.4420 images/s, max_mem_reserved: 1935 MB, max_mem_allocated: 1858 MB
[09/21 10:25:35] ppdet.engine.callbacks INFO: Epoch: [46] [30/88] learning_rate: 0.002187 loss: 0.928096 loss_cls: 0.592526 loss_iou: 0.095543 loss_dfl: 2.236869 eta: 0:27:08 batch_cost: 0.3656 data_cost: 0.0031 ips: 10.9397 images/s, max_mem_reserved: 1935 MB, max_mem_allocated: 1858 MB
[09/21 10:25:39] ppdet.engine.callbacks INFO: Epoch: [46] [40/88] learning_rate: 0.002180 loss: 0.875119 loss_cls: 0.578326 loss_iou: 0.079151 loss_dfl: 2.198647 eta: 0:27:01 batch_cost: 0.3731 data_cost: 0.0030 ips: 10.7209 images/s, max_mem_reserved: 1935 MB, max_mem_allocated: 1858 MB
[09/21 10:25:43] ppdet.engine.callbacks INFO: Epoch: [46] [50/88] learning_rate: 0.002172 loss: 0.861712 loss_cls: 0.550492 loss_iou: 0.080409 loss_dfl: 1.537024 eta: 0:26:54 batch_cost: 0.3582 data_cost: 0.0029 ips: 11.1679 images/s, max_mem_reserved: 1935 MB, max_mem_allocated: 1858 MB
[09/21 10:25:47] ppdet.engine.callbacks INFO: Epoch: [46] [60/88] learning_rate: 0.002164 loss: 0.880302 loss_cls: 0.570805 loss_iou: 0.077381 loss_dfl: 1.933902 eta: 0:26:47 batch_cost: 0.3592 data_cost: 0.0030 ips: 11.1367 images/s, max_mem_reserved: 1935 MB, max_mem_allocated: 1858 MB
[09/21 10:25:51] ppdet.engine.callbacks INFO: Epoch: [46] [70/88] learning_rate: 0.002157 loss: 0.856512 loss_cls: 0.545554 loss_iou: 0.085176 loss_dfl: 2.219651 eta: 0:26:40 batch_cost: 0.3412 data_cost: 0.0029 ips: 11.7218 images/s, max_mem_reserved: 1935 MB, max_mem_allocated: 1858 MB
[09/21 10:25:55] ppdet.engine.callbacks INFO: Epoch: [46] [80/88] learning_rate: 0.002149 loss: 0.812062 loss_cls: 0.544874 loss_iou: 0.069642 loss_dfl: 1.711972 eta: 0:26:33 batch_cost: 0.3620 data_cost: 0.0029 ips: 11.0494 images/s, max_mem_reserved: 1935 MB, max_mem_allocated: 1858 MB
[09/21 10:25:58] ppdet.engine.callbacks INFO: Epoch: [47] [ 0/88] learning_rate: 0.002143 loss: 0.824008 loss_cls: 0.557925 loss_iou: 0.077484 loss_dfl: 2.124941 eta: 0:26:28 batch_cost: 0.3738 data_cost: 0.0163 ips: 10.6995 images/s, max_mem_reserved: 1935 MB, max_mem_allocated: 1858 MB
[09/21 10:26:02] ppdet.engine.callbacks INFO: Epoch: [47] [10/88] learning_rate: 0.002135 loss: 0.809252 loss_cls: 0.534310 loss_iou: 0.070397 loss_dfl: 2.399117 eta: 0:26:21 batch_cost: 0.3563 data_cost: 0.0034 ips: 11.2268 images/s, max_mem_reserved: 1935 MB, max_mem_allocated: 1858 MB
[09/21 10:26:06] ppdet.engine.callbacks INFO: Epoch: [47] [20/88] learning_rate: 0.002128 loss: 0.851230 loss_cls: 0.543515 loss_iou: 0.076836 loss_dfl: 2.034166 eta: 0:26:15 batch_cost: 0.3584 data_cost: 0.0028 ips: 11.1612 images/s, max_mem_reserved: 1935 MB, max_mem_allocated: 1858 MB
[09/21 10:26:10] ppdet.engine.callbacks INFO: Epoch: [47] [30/88] learning_rate: 0.002120 loss: 0.773780 loss_cls: 0.521835 loss_iou: 0.064612 loss_dfl: 2.095752 eta: 0:26:08 batch_cost: 0.3657 data_cost: 0.0028 ips: 10.9393 images/s, max_mem_reserved: 1935 MB, max_mem_allocated: 1858 MB
[09/21 10:26:14] ppdet.engine.callbacks INFO: Epoch: [47] [40/88] learning_rate: 0.002113 loss: 0.866678 loss_cls: 0.550760 loss_iou: 0.089989 loss_dfl: 2.371061 eta: 0:26:01 batch_cost: 0.3637 data_cost: 0.0032 ips: 10.9986 images/s, max_mem_reserved: 1935 MB, max_mem_allocated: 1858 MB
[09/21 10:26:18] ppdet.engine.callbacks INFO: Epoch: [47] [50/88] learning_rate: 0.002105 loss: 0.951522 loss_cls: 0.602930 loss_iou: 0.092438 loss_dfl: 2.195036 eta: 0:25:54 batch_cost: 0.3649 data_cost: 0.0029 ips: 10.9607 images/s, max_mem_reserved: 1935 MB, max_mem_allocated: 1858 MB
[09/21 10:26:22] ppdet.engine.callbacks INFO: Epoch: [47] [60/88] learning_rate: 0.002097 loss: 0.897007 loss_cls: 0.597915 loss_iou: 0.082006 loss_dfl: 2.051224 eta: 0:25:48 batch_cost: 0.3643 data_cost: 0.0028 ips: 10.9794 images/s, max_mem_reserved: 1935 MB, max_mem_allocated: 1858 MB
[09/21 10:26:27] ppdet.engine.callbacks INFO: Epoch: [47] [70/88] learning_rate: 0.002090 loss: 0.830096 loss_cls: 0.540379 loss_iou: 0.068896 loss_dfl: 2.256660 eta: 0:25:41 batch_cost: 0.3608 data_cost: 0.0029 ips: 11.0865 images/s, max_mem_reserved: 1935 MB, max_mem_allocated: 1858 MB
[09/21 10:26:31] ppdet.engine.callbacks INFO: Epoch: [47] [80/88] learning_rate: 0.002082 loss: 0.734175 loss_cls: 0.518159 loss_iou: 0.065122 loss_dfl: 1.463294 eta: 0:25:34 batch_cost: 0.3529 data_cost: 0.0029 ips: 11.3343 images/s, max_mem_reserved: 1935 MB, max_mem_allocated: 1858 MB
[09/21 10:26:34] ppdet.engine.callbacks INFO: Epoch: [48] [ 0/88] learning_rate: 0.002076 loss: 0.762668 loss_cls: 0.495430 loss_iou: 0.063906 loss_dfl: 1.673397 eta: 0:25:29 batch_cost: 0.3553 data_cost: 0.0166 ips: 11.2581 images/s, max_mem_reserved: 1935 MB, max_mem_allocated: 1858 MB
[09/21 10:26:38] ppdet.engine.callbacks INFO: Epoch: [48] [10/88] learning_rate: 0.002069 loss: 0.887746 loss_cls: 0.552934 loss_iou: 0.091233 loss_dfl: 2.094982 eta: 0:25:22 batch_cost: 0.3544 data_cost: 0.0027 ips: 11.2866 images/s, max_mem_reserved: 1935 MB, max_mem_allocated: 1858 MB
[09/21 10:26:42] ppdet.engine.callbacks INFO: Epoch: [48] [20/88] learning_rate: 0.002061 loss: 0.873480 loss_cls: 0.591958 loss_iou: 0.083251 loss_dfl: 1.720824 eta: 0:25:16 batch_cost: 0.3530 data_cost: 0.0030 ips: 11.3319 images/s, max_mem_reserved: 1935 MB, max_mem_allocated: 1858 MB
[09/21 10:26:46] ppdet.engine.callbacks INFO: Epoch: [48] [30/88] learning_rate: 0.002053 loss: 0.824759 loss_cls: 0.556433 loss_iou: 0.078328 loss_dfl: 1.704950 eta: 0:25:09 batch_cost: 0.3584 data_cost: 0.0031 ips: 11.1621 images/s, max_mem_reserved: 1935 MB, max_mem_allocated: 1858 MB
[09/21 10:26:50] ppdet.engine.callbacks INFO: Epoch: [48] [40/88] learning_rate: 0.002046 loss: 0.765735 loss_cls: 0.534134 loss_iou: 0.065152 loss_dfl: 1.799707 eta: 0:25:02 batch_cost: 0.3467 data_cost: 0.0028 ips: 11.5385 images/s, max_mem_reserved: 1935 MB, max_mem_allocated: 1858 MB
[09/21 10:26:54] ppdet.engine.callbacks INFO: Epoch: [48] [50/88] learning_rate: 0.002038 loss: 0.821438 loss_cls: 0.519895 loss_iou: 0.069976 loss_dfl: 2.177047 eta: 0:24:56 batch_cost: 0.3578 data_cost: 0.0028 ips: 11.1795 images/s, max_mem_reserved: 1935 MB, max_mem_allocated: 1858 MB
[09/21 10:26:57] ppdet.engine.callbacks INFO: Epoch: [48] [60/88] learning_rate: 0.002030 loss: 0.914086 loss_cls: 0.566131 loss_iou: 0.082486 loss_dfl: 2.193536 eta: 0:24:49 batch_cost: 0.3479 data_cost: 0.0029 ips: 11.4964 images/s, max_mem_reserved: 1935 MB, max_mem_allocated: 1858 MB
[09/21 10:27:01] ppdet.engine.callbacks INFO: Epoch: [48] [70/88] learning_rate: 0.002023 loss: 0.771080 loss_cls: 0.521904 loss_iou: 0.069319 loss_dfl: 1.951620 eta: 0:24:42 batch_cost: 0.3454 data_cost: 0.0026 ips: 11.5815 images/s, max_mem_reserved: 1935 MB, max_mem_allocated: 1858 MB
[09/21 10:27:05] ppdet.engine.callbacks INFO: Epoch: [48] [80/88] learning_rate: 0.002015 loss: 0.833482 loss_cls: 0.537503 loss_iou: 0.071772 loss_dfl: 2.157614 eta: 0:24:36 batch_cost: 0.3526 data_cost: 0.0027 ips: 11.3438 images/s, max_mem_reserved: 1935 MB, max_mem_allocated: 1858 MB
[09/21 10:27:08] ppdet.engine.callbacks INFO: Epoch: [49] [ 0/88] learning_rate: 0.002009 loss: 0.841335 loss_cls: 0.560468 loss_iou: 0.076641 loss_dfl: 2.226294 eta: 0:24:31 batch_cost: 0.3568 data_cost: 0.0159 ips: 11.2123 images/s, max_mem_reserved: 1935 MB, max_mem_allocated: 1858 MB
[09/21 10:27:12] ppdet.engine.callbacks INFO: Epoch: [49] [10/88] learning_rate: 0.002002 loss: 0.806536 loss_cls: 0.518661 loss_iou: 0.069236 loss_dfl: 1.858553 eta: 0:24:24 batch_cost: 0.3545 data_cost: 0.0026 ips: 11.2824 images/s, max_mem_reserved: 1935 MB, max_mem_allocated: 1858 MB
[09/21 10:27:16] ppdet.engine.callbacks INFO: Epoch: [49] [20/88] learning_rate: 0.001994 loss: 0.824533 loss_cls: 0.524148 loss_iou: 0.072806 loss_dfl: 1.695039 eta: 0:24:18 batch_cost: 0.3497 data_cost: 0.0026 ips: 11.4398 images/s, max_mem_reserved: 1935 MB, max_mem_allocated: 1858 MB
[09/21 10:27:21] ppdet.engine.callbacks INFO: Epoch: [49] [30/88] learning_rate: 0.001986 loss: 0.946185 loss_cls: 0.580339 loss_iou: 0.104629 loss_dfl: 1.866732 eta: 0:24:11 batch_cost: 0.3760 data_cost: 0.0026 ips: 10.6390 images/s, max_mem_reserved: 1935 MB, max_mem_allocated: 1858 MB
[09/21 10:27:25] ppdet.engine.callbacks INFO: Epoch: [49] [40/88] learning_rate: 0.001979 loss: 0.820964 loss_cls: 0.547260 loss_iou: 0.068472 loss_dfl: 1.736616 eta: 0:24:05 batch_cost: 0.3677 data_cost: 0.0027 ips: 10.8797 images/s, max_mem_reserved: 1935 MB, max_mem_allocated: 1858 MB
[09/21 10:27:29] ppdet.engine.callbacks INFO: Epoch: [49] [50/88] learning_rate: 0.001971 loss: 0.747448 loss_cls: 0.516440 loss_iou: 0.063070 loss_dfl: 1.987088 eta: 0:23:58 batch_cost: 0.3604 data_cost: 0.0026 ips: 11.0993 images/s, max_mem_reserved: 1935 MB, max_mem_allocated: 1858 MB
[09/21 10:27:33] ppdet.engine.callbacks INFO: Epoch: [49] [60/88] learning_rate: 0.001963 loss: 0.756822 loss_cls: 0.502766 loss_iou: 0.066093 loss_dfl: 2.240598 eta: 0:23:52 batch_cost: 0.3477 data_cost: 0.0027 ips: 11.5026 images/s, max_mem_reserved: 1935 MB, max_mem_allocated: 1858 MB
[09/21 10:27:36] ppdet.engine.callbacks INFO: Epoch: [49] [70/88] learning_rate: 0.001956 loss: 0.842221 loss_cls: 0.532562 loss_iou: 0.087301 loss_dfl: 2.453465 eta: 0:23:45 batch_cost: 0.3471 data_cost: 0.0029 ips: 11.5224 images/s, max_mem_reserved: 1935 MB, max_mem_allocated: 1858 MB
[09/21 10:27:40] ppdet.engine.callbacks INFO: Epoch: [49] [80/88] learning_rate: 0.001948 loss: 0.848957 loss_cls: 0.566004 loss_iou: 0.074038 loss_dfl: 1.823485 eta: 0:23:39 batch_cost: 0.3558 data_cost: 0.0026 ips: 11.2426 images/s, max_mem_reserved: 1935 MB, max_mem_allocated: 1858 MB
[09/21 10:27:44] ppdet.utils.checkpoint INFO: Save checkpoint: output
[09/21 10:27:44] ppdet.engine.callbacks INFO: Eval iter: 0
[09/21 10:27:47] ppdet.metrics.metrics INFO: Accumulating evaluatation results...
[09/21 10:27:47] ppdet.metrics.metrics INFO: mAP(0.50, 11point) = 81.43%
[09/21 10:27:47] ppdet.engine.callbacks INFO: Total sample number: 100, average FPS: 26.80289440054374
[09/21 10:27:47] ppdet.engine INFO: Best test bbox ap is 0.818.
[09/21 10:27:48] ppdet.engine.callbacks INFO: Epoch: [50] [ 0/88] learning_rate: 0.001942 loss: 0.859546 loss_cls: 0.545568 loss_iou: 0.073648 loss_dfl: 2.111514 eta: 0:23:34 batch_cost: 0.3477 data_cost: 0.0027 ips: 11.5030 images/s, max_mem_reserved: 1935 MB, max_mem_allocated: 1858 MB
[09/21 10:27:52] ppdet.engine.callbacks INFO: Epoch: [50] [10/88] learning_rate: 0.001934 loss: 0.818606 loss_cls: 0.520678 loss_iou: 0.072456 loss_dfl: 2.404381 eta: 0:23:27 batch_cost: 0.3520 data_cost: 0.0030 ips: 11.3646 images/s, max_mem_reserved: 1935 MB, max_mem_allocated: 1858 MB
[09/21 10:27:56] ppdet.engine.callbacks INFO: Epoch: [50] [20/88] learning_rate: 0.001927 loss: 0.792686 loss_cls: 0.539346 loss_iou: 0.070500 loss_dfl: 1.651779 eta: 0:23:21 batch_cost: 0.3523 data_cost: 0.0026 ips: 11.3551 images/s, max_mem_reserved: 1935 MB, max_mem_allocated: 1858 MB
[09/21 10:28:00] ppdet.engine.callbacks INFO: Epoch: [50] [30/88] learning_rate: 0.001919 loss: 0.794690 loss_cls: 0.515738 loss_iou: 0.064689 loss_dfl: 1.764418 eta: 0:23:14 batch_cost: 0.3564 data_cost: 0.0027 ips: 11.2224 images/s, max_mem_reserved: 1935 MB, max_mem_allocated: 1858 MB
[09/21 10:28:04] ppdet.engine.callbacks INFO: Epoch: [50] [40/88] learning_rate: 0.001912 loss: 0.799168 loss_cls: 0.524982 loss_iou: 0.068492 loss_dfl: 2.201279 eta: 0:23:08 batch_cost: 0.3619 data_cost: 0.0028 ips: 11.0541 images/s, max_mem_reserved: 1935 MB, max_mem_allocated: 1858 MB
[09/21 10:28:08] ppdet.engine.callbacks INFO: Epoch: [50] [50/88] learning_rate: 0.001904 loss: 0.816438 loss_cls: 0.539657 loss_iou: 0.065932 loss_dfl: 1.988553 eta: 0:23:02 batch_cost: 0.3720 data_cost: 0.0026 ips: 10.7517 images/s, max_mem_reserved: 1935 MB, max_mem_allocated: 1858 MB
[09/21 10:28:12] ppdet.engine.callbacks INFO: Epoch: [50] [60/88] learning_rate: 0.001896 loss: 0.812950 loss_cls: 0.516153 loss_iou: 0.066915 loss_dfl: 2.188878 eta: 0:22:55 batch_cost: 0.3637 data_cost: 0.0027 ips: 10.9970 images/s, max_mem_reserved: 1935 MB, max_mem_allocated: 1858 MB
[09/21 10:28:16] ppdet.engine.callbacks INFO: Epoch: [50] [70/88] learning_rate: 0.001889 loss: 0.815188 loss_cls: 0.524196 loss_iou: 0.075299 loss_dfl: 2.530144 eta: 0:22:49 batch_cost: 0.3751 data_cost: 0.0030 ips: 10.6647 images/s, max_mem_reserved: 1935 MB, max_mem_allocated: 1858 MB
[09/21 10:28:20] ppdet.engine.callbacks INFO: Epoch: [50] [80/88] learning_rate: 0.001881 loss: 0.831822 loss_cls: 0.549491 loss_iou: 0.079708 loss_dfl: 1.738461 eta: 0:22:43 batch_cost: 0.3632 data_cost: 0.0024 ips: 11.0143 images/s, max_mem_reserved: 1935 MB, max_mem_allocated: 1858 MB
[09/21 10:28:23] ppdet.engine.callbacks INFO: Epoch: [51] [ 0/88] learning_rate: 0.001875 loss: 0.752898 loss_cls: 0.502195 loss_iou: 0.062749 loss_dfl: 1.258312 eta: 0:22:38 batch_cost: 0.3574 data_cost: 0.0134 ips: 11.1923 images/s, max_mem_reserved: 1935 MB, max_mem_allocated: 1858 MB
[09/21 10:28:27] ppdet.engine.callbacks INFO: Epoch: [51] [10/88] learning_rate: 0.001868 loss: 0.818292 loss_cls: 0.550211 loss_iou: 0.071659 loss_dfl: 2.239908 eta: 0:22:31 batch_cost: 0.3595 data_cost: 0.0030 ips: 11.1281 images/s, max_mem_reserved: 1935 MB, max_mem_allocated: 1858 MB
[09/21 10:28:31] ppdet.engine.callbacks INFO: Epoch: [51] [20/88] learning_rate: 0.001860 loss: 0.805570 loss_cls: 0.526400 loss_iou: 0.072862 loss_dfl: 2.011879 eta: 0:22:25 batch_cost: 0.3634 data_cost: 0.0030 ips: 11.0057 images/s, max_mem_reserved: 1935 MB, max_mem_allocated: 1858 MB
[09/21 10:28:35] ppdet.engine.callbacks INFO: Epoch: [51] [30/88] learning_rate: 0.001852 loss: 0.794285 loss_cls: 0.510502 loss_iou: 0.075795 loss_dfl: 1.759324 eta: 0:22:19 batch_cost: 0.3453 data_cost: 0.0026 ips: 11.5846 images/s, max_mem_reserved: 1935 MB, max_mem_allocated: 1858 MB
[09/21 10:28:39] ppdet.engine.callbacks INFO: Epoch: [51] [40/88] learning_rate: 0.001845 loss: 0.773230 loss_cls: 0.555611 loss_iou: 0.065758 loss_dfl: 1.298308 eta: 0:22:13 batch_cost: 0.3640 data_cost: 0.0028 ips: 10.9904 images/s, max_mem_reserved: 1935 MB, max_mem_allocated: 1858 MB
[09/21 10:28:43] ppdet.engine.callbacks INFO: Epoch: [51] [50/88] learning_rate: 0.001837 loss: 0.897883 loss_cls: 0.558022 loss_iou: 0.084768 loss_dfl: 2.528160 eta: 0:22:06 batch_cost: 0.3746 data_cost: 0.0031 ips: 10.6790 images/s, max_mem_reserved: 1935 MB, max_mem_allocated: 1858 MB
[09/21 10:28:47] ppdet.engine.callbacks INFO: Epoch: [51] [60/88] learning_rate: 0.001830 loss: 0.880856 loss_cls: 0.545815 loss_iou: 0.081713 loss_dfl: 2.053459 eta: 0:22:00 batch_cost: 0.3500 data_cost: 0.0028 ips: 11.4292 images/s, max_mem_reserved: 1935 MB, max_mem_allocated: 1858 MB
[09/21 10:28:51] ppdet.engine.callbacks INFO: Epoch: [51] [70/88] learning_rate: 0.001822 loss: 0.841148 loss_cls: 0.553136 loss_iou: 0.079356 loss_dfl: 1.633207 eta: 0:21:54 batch_cost: 0.3669 data_cost: 0.0030 ips: 10.9012 images/s, max_mem_reserved: 1935 MB, max_mem_allocated: 1858 MB
[09/21 10:28:55] ppdet.engine.callbacks INFO: Epoch: [51] [80/88] learning_rate: 0.001814 loss: 0.799874 loss_cls: 0.533112 loss_iou: 0.062597 loss_dfl: 2.126827 eta: 0:21:48 batch_cost: 0.3587 data_cost: 0.0028 ips: 11.1529 images/s, max_mem_reserved: 1935 MB, max_mem_allocated: 1858 MB
[09/21 10:28:58] ppdet.engine.callbacks INFO: Epoch: [52] [ 0/88] learning_rate: 0.001808 loss: 0.887060 loss_cls: 0.560817 loss_iou: 0.092319 loss_dfl: 1.968405 eta: 0:21:43 batch_cost: 0.3866 data_cost: 0.0121 ips: 10.3462 images/s, max_mem_reserved: 1935 MB, max_mem_allocated: 1858 MB
[09/21 10:29:02] ppdet.engine.callbacks INFO: Epoch: [52] [10/88] learning_rate: 0.001801 loss: 0.753034 loss_cls: 0.520120 loss_iou: 0.063119 loss_dfl: 1.762118 eta: 0:21:37 batch_cost: 0.3492 data_cost: 0.0026 ips: 11.4539 images/s, max_mem_reserved: 1935 MB, max_mem_allocated: 1858 MB
[09/21 10:29:06] ppdet.engine.callbacks INFO: Epoch: [52] [20/88] learning_rate: 0.001793 loss: 0.731669 loss_cls: 0.512420 loss_iou: 0.056952 loss_dfl: 1.599004 eta: 0:21:30 batch_cost: 0.3491 data_cost: 0.0029 ips: 11.4568 images/s, max_mem_reserved: 1935 MB, max_mem_allocated: 1858 MB
[09/21 10:29:10] ppdet.engine.callbacks INFO: Epoch: [52] [30/88] learning_rate: 0.001786 loss: 0.915872 loss_cls: 0.603158 loss_iou: 0.084964 loss_dfl: 2.080514 eta: 0:21:24 batch_cost: 0.3736 data_cost: 0.0023 ips: 10.7068 images/s, max_mem_reserved: 1935 MB, max_mem_allocated: 1858 MB
[09/21 10:29:14] ppdet.engine.callbacks INFO: Epoch: [52] [40/88] learning_rate: 0.001778 loss: 0.820696 loss_cls: 0.543544 loss_iou: 0.077900 loss_dfl: 1.915201 eta: 0:21:18 batch_cost: 0.3735 data_cost: 0.0027 ips: 10.7091 images/s, max_mem_reserved: 1935 MB, max_mem_allocated: 1858 MB
[09/21 10:29:18] ppdet.engine.callbacks INFO: Epoch: [52] [50/88] learning_rate: 0.001770 loss: 0.729070 loss_cls: 0.487022 loss_iou: 0.062444 loss_dfl: 1.896597 eta: 0:21:12 batch_cost: 0.3559 data_cost: 0.0031 ips: 11.2377 images/s, max_mem_reserved: 1935 MB, max_mem_allocated: 1858 MB
[09/21 10:29:22] ppdet.engine.callbacks INFO: Epoch: [52] [60/88] learning_rate: 0.001763 loss: 0.728161 loss_cls: 0.490005 loss_iou: 0.058971 loss_dfl: 1.467193 eta: 0:21:06 batch_cost: 0.3398 data_cost: 0.0027 ips: 11.7722 images/s, max_mem_reserved: 1935 MB, max_mem_allocated: 1858 MB
[09/21 10:29:26] ppdet.engine.callbacks INFO: Epoch: [52] [70/88] learning_rate: 0.001755 loss: 0.842104 loss_cls: 0.558043 loss_iou: 0.081369 loss_dfl: 2.139758 eta: 0:21:00 batch_cost: 0.3718 data_cost: 0.0028 ips: 10.7572 images/s, max_mem_reserved: 1935 MB, max_mem_allocated: 1858 MB
[09/21 10:29:30] ppdet.engine.callbacks INFO: Epoch: [52] [80/88] learning_rate: 0.001748 loss: 0.838731 loss_cls: 0.524238 loss_iou: 0.084660 loss_dfl: 2.006929 eta: 0:20:54 batch_cost: 0.3648 data_cost: 0.0028 ips: 10.9642 images/s, max_mem_reserved: 1935 MB, max_mem_allocated: 1858 MB
[09/21 10:29:33] ppdet.engine.callbacks INFO: Epoch: [53] [ 0/88] learning_rate: 0.001742 loss: 0.811300 loss_cls: 0.516756 loss_iou: 0.078268 loss_dfl: 1.584729 eta: 0:20:49 batch_cost: 0.3679 data_cost: 0.0125 ips: 10.8726 images/s, max_mem_reserved: 1935 MB, max_mem_allocated: 1858 MB
[09/21 10:29:38] ppdet.engine.callbacks INFO: Epoch: [53] [10/88] learning_rate: 0.001734 loss: 0.842152 loss_cls: 0.541118 loss_iou: 0.072124 loss_dfl: 1.910073 eta: 0:20:43 batch_cost: 0.3781 data_cost: 0.0028 ips: 10.5800 images/s, max_mem_reserved: 1935 MB, max_mem_allocated: 1858 MB
[09/21 10:29:41] ppdet.engine.callbacks INFO: Epoch: [53] [20/88] learning_rate: 0.001727 loss: 0.771421 loss_cls: 0.515012 loss_iou: 0.067075 loss_dfl: 1.996349 eta: 0:20:37 batch_cost: 0.3525 data_cost: 0.0028 ips: 11.3470 images/s, max_mem_reserved: 1935 MB, max_mem_allocated: 1858 MB
[09/21 10:29:45] ppdet.engine.callbacks INFO: Epoch: [53] [30/88] learning_rate: 0.001719 loss: 0.798754 loss_cls: 0.507085 loss_iou: 0.074123 loss_dfl: 2.312661 eta: 0:20:31 batch_cost: 0.3616 data_cost: 0.0031 ips: 11.0627 images/s, max_mem_reserved: 1935 MB, max_mem_allocated: 1858 MB
[09/21 10:29:49] ppdet.engine.callbacks INFO: Epoch: [53] [40/88] learning_rate: 0.001712 loss: 0.803213 loss_cls: 0.533164 loss_iou: 0.075693 loss_dfl: 1.953780 eta: 0:20:25 batch_cost: 0.3660 data_cost: 0.0026 ips: 10.9282 images/s, max_mem_reserved: 1935 MB, max_mem_allocated: 1858 MB
[09/21 10:29:53] ppdet.engine.callbacks INFO: Epoch: [53] [50/88] learning_rate: 0.001704 loss: 0.828248 loss_cls: 0.504330 loss_iou: 0.063253 loss_dfl: 2.220294 eta: 0:20:18 batch_cost: 0.3490 data_cost: 0.0028 ips: 11.4608 images/s, max_mem_reserved: 1935 MB, max_mem_allocated: 1858 MB
[09/21 10:29:57] ppdet.engine.callbacks INFO: Epoch: [53] [60/88] learning_rate: 0.001696 loss: 0.792539 loss_cls: 0.517245 loss_iou: 0.066089 loss_dfl: 1.804826 eta: 0:20:12 batch_cost: 0.3720 data_cost: 0.0026 ips: 10.7518 images/s, max_mem_reserved: 1935 MB, max_mem_allocated: 1858 MB
[09/21 10:30:01] ppdet.engine.callbacks INFO: Epoch: [53] [70/88] learning_rate: 0.001689 loss: 0.796499 loss_cls: 0.540203 loss_iou: 0.070347 loss_dfl: 1.527274 eta: 0:20:06 batch_cost: 0.3443 data_cost: 0.0032 ips: 11.6173 images/s, max_mem_reserved: 1935 MB, max_mem_allocated: 1858 MB
[09/21 10:30:05] ppdet.engine.callbacks INFO: Epoch: [53] [80/88] learning_rate: 0.001681 loss: 0.812386 loss_cls: 0.540633 loss_iou: 0.071255 loss_dfl: 1.856436 eta: 0:20:00 batch_cost: 0.3656 data_cost: 0.0031 ips: 10.9402 images/s, max_mem_reserved: 1935 MB, max_mem_allocated: 1858 MB
[09/21 10:30:09] ppdet.engine.callbacks INFO: Epoch: [54] [ 0/88] learning_rate: 0.001675 loss: 0.828408 loss_cls: 0.541908 loss_iou: 0.072031 loss_dfl: 1.574751 eta: 0:19:56 batch_cost: 0.3716 data_cost: 0.0132 ips: 10.7630 images/s, max_mem_reserved: 1935 MB, max_mem_allocated: 1858 MB
[09/21 10:30:13] ppdet.engine.callbacks INFO: Epoch: [54] [10/88] learning_rate: 0.001668 loss: 0.825229 loss_cls: 0.554763 loss_iou: 0.072230 loss_dfl: 1.959472 eta: 0:19:50 batch_cost: 0.3548 data_cost: 0.0023 ips: 11.2746 images/s, max_mem_reserved: 1935 MB, max_mem_allocated: 1858 MB
[09/21 10:30:17] ppdet.engine.callbacks INFO: Epoch: [54] [20/88] learning_rate: 0.001660 loss: 0.777756 loss_cls: 0.529923 loss_iou: 0.065963 loss_dfl: 1.909470 eta: 0:19:44 batch_cost: 0.3514 data_cost: 0.0030 ips: 11.3820 images/s, max_mem_reserved: 1935 MB, max_mem_allocated: 1858 MB
[09/21 10:30:21] ppdet.engine.callbacks INFO: Epoch: [54] [30/88] learning_rate: 0.001653 loss: 0.919771 loss_cls: 0.589148 loss_iou: 0.079203 loss_dfl: 2.197449 eta: 0:19:38 batch_cost: 0.3717 data_cost: 0.0027 ips: 10.7619 images/s, max_mem_reserved: 1935 MB, max_mem_allocated: 1858 MB
[09/21 10:30:25] ppdet.engine.callbacks INFO: Epoch: [54] [40/88] learning_rate: 0.001645 loss: 0.789922 loss_cls: 0.537390 loss_iou: 0.067008 loss_dfl: 1.811752 eta: 0:19:32 batch_cost: 0.3541 data_cost: 0.0031 ips: 11.2974 images/s, max_mem_reserved: 1935 MB, max_mem_allocated: 1858 MB
[09/21 10:30:29] ppdet.engine.callbacks INFO: Epoch: [54] [50/88] learning_rate: 0.001638 loss: 0.807660 loss_cls: 0.556465 loss_iou: 0.067349 loss_dfl: 1.722337 eta: 0:19:26 batch_cost: 0.3608 data_cost: 0.0029 ips: 11.0861 images/s, max_mem_reserved: 1935 MB, max_mem_allocated: 1858 MB
[09/21 10:30:32] ppdet.engine.callbacks INFO: Epoch: [54] [60/88] learning_rate: 0.001630 loss: 0.793761 loss_cls: 0.524457 loss_iou: 0.062595 loss_dfl: 1.877774 eta: 0:19:20 batch_cost: 0.3567 data_cost: 0.0028 ips: 11.2136 images/s, max_mem_reserved: 1935 MB, max_mem_allocated: 1858 MB
[09/21 10:30:36] ppdet.engine.callbacks INFO: Epoch: [54] [70/88] learning_rate: 0.001623 loss: 0.839673 loss_cls: 0.536655 loss_iou: 0.072535 loss_dfl: 1.595736 eta: 0:19:14 batch_cost: 0.3476 data_cost: 0.0028 ips: 11.5062 images/s, max_mem_reserved: 1935 MB, max_mem_allocated: 1858 MB
[09/21 10:30:40] ppdet.engine.callbacks INFO: Epoch: [54] [80/88] learning_rate: 0.001615 loss: 0.787153 loss_cls: 0.532688 loss_iou: 0.072732 loss_dfl: 1.508748 eta: 0:19:08 batch_cost: 0.3748 data_cost: 0.0029 ips: 10.6729 images/s, max_mem_reserved: 1935 MB, max_mem_allocated: 1858 MB
[09/21 10:30:44] ppdet.utils.checkpoint INFO: Save checkpoint: output
[09/21 10:30:44] ppdet.engine.callbacks INFO: Eval iter: 0
[09/21 10:30:48] ppdet.metrics.metrics INFO: Accumulating evaluatation results...
[09/21 10:30:48] ppdet.metrics.metrics INFO: mAP(0.50, 11point) = 81.41%
[09/21 10:30:48] ppdet.engine.callbacks INFO: Total sample number: 100, average FPS: 26.79133978097208
[09/21 10:30:48] ppdet.engine INFO: Best test bbox ap is 0.818.
[09/21 10:30:48] ppdet.engine.callbacks INFO: Epoch: [55] [ 0/88] learning_rate: 0.001609 loss: 0.727950 loss_cls: 0.476322 loss_iou: 0.061891 loss_dfl: 1.962232 eta: 0:19:03 batch_cost: 0.3567 data_cost: 0.0026 ips: 11.2134 images/s, max_mem_reserved: 1935 MB, max_mem_allocated: 1858 MB
[09/21 10:30:52] ppdet.engine.callbacks INFO: Epoch: [55] [10/88] learning_rate: 0.001602 loss: 0.770000 loss_cls: 0.511424 loss_iou: 0.064136 loss_dfl: 1.973750 eta: 0:18:57 batch_cost: 0.3466 data_cost: 0.0029 ips: 11.5414 images/s, max_mem_reserved: 1935 MB, max_mem_allocated: 1858 MB
[09/21 10:30:56] ppdet.engine.callbacks INFO: Epoch: [55] [20/88] learning_rate: 0.001595 loss: 0.682613 loss_cls: 0.486137 loss_iou: 0.057157 loss_dfl: 1.224330 eta: 0:18:51 batch_cost: 0.3563 data_cost: 0.0029 ips: 11.2257 images/s, max_mem_reserved: 1935 MB, max_mem_allocated: 1858 MB
[09/21 10:31:00] ppdet.engine.callbacks INFO: Epoch: [55] [30/88] learning_rate: 0.001587 loss: 0.851495 loss_cls: 0.547544 loss_iou: 0.082261 loss_dfl: 1.944315 eta: 0:18:45 batch_cost: 0.3602 data_cost: 0.0029 ips: 11.1057 images/s, max_mem_reserved: 1935 MB, max_mem_allocated: 1858 MB
[09/21 10:31:04] ppdet.engine.callbacks INFO: Epoch: [55] [40/88] learning_rate: 0.001580 loss: 0.781542 loss_cls: 0.539361 loss_iou: 0.071562 loss_dfl: 1.744761 eta: 0:18:39 batch_cost: 0.3649 data_cost: 0.0026 ips: 10.9619 images/s, max_mem_reserved: 1935 MB, max_mem_allocated: 1858 MB
[09/21 10:31:08] ppdet.engine.callbacks INFO: Epoch: [55] [50/88] learning_rate: 0.001572 loss: 0.812350 loss_cls: 0.527177 loss_iou: 0.070880 loss_dfl: 2.051290 eta: 0:18:33 batch_cost: 0.3607 data_cost: 0.0029 ips: 11.0893 images/s, max_mem_reserved: 1935 MB, max_mem_allocated: 1858 MB
[09/21 10:31:12] ppdet.engine.callbacks INFO: Epoch: [55] [60/88] learning_rate: 0.001565 loss: 0.790738 loss_cls: 0.535176 loss_iou: 0.061703 loss_dfl: 1.608929 eta: 0:18:28 batch_cost: 0.3507 data_cost: 0.0028 ips: 11.4066 images/s, max_mem_reserved: 1935 MB, max_mem_allocated: 1858 MB
[09/21 10:31:16] ppdet.engine.callbacks INFO: Epoch: [55] [70/88] learning_rate: 0.001557 loss: 0.823411 loss_cls: 0.547288 loss_iou: 0.074338 loss_dfl: 1.561899 eta: 0:18:22 batch_cost: 0.3634 data_cost: 0.0029 ips: 11.0085 images/s, max_mem_reserved: 1935 MB, max_mem_allocated: 1858 MB
[09/21 10:31:20] ppdet.engine.callbacks INFO: Epoch: [55] [80/88] learning_rate: 0.001550 loss: 0.832895 loss_cls: 0.546227 loss_iou: 0.075731 loss_dfl: 1.983900 eta: 0:18:16 batch_cost: 0.3615 data_cost: 0.0031 ips: 11.0658 images/s, max_mem_reserved: 1935 MB, max_mem_allocated: 1858 MB
[09/21 10:31:23] ppdet.engine.callbacks INFO: Epoch: [56] [ 0/88] learning_rate: 0.001544 loss: 0.724619 loss_cls: 0.492055 loss_iou: 0.057548 loss_dfl: 1.854083 eta: 0:18:11 batch_cost: 0.3691 data_cost: 0.0144 ips: 10.8366 images/s, max_mem_reserved: 1935 MB, max_mem_allocated: 1858 MB
[09/21 10:31:27] ppdet.engine.callbacks INFO: Epoch: [56] [10/88] learning_rate: 0.001537 loss: 0.774033 loss_cls: 0.510378 loss_iou: 0.061484 loss_dfl: 1.787064 eta: 0:18:05 batch_cost: 0.3651 data_cost: 0.0025 ips: 10.9548 images/s, max_mem_reserved: 1935 MB, max_mem_allocated: 1858 MB
[09/21 10:31:31] ppdet.engine.callbacks INFO: Epoch: [56] [20/88] learning_rate: 0.001529 loss: 0.706730 loss_cls: 0.475658 loss_iou: 0.061369 loss_dfl: 1.812239 eta: 0:18:00 batch_cost: 0.3624 data_cost: 0.0027 ips: 11.0383 images/s, max_mem_reserved: 1935 MB, max_mem_allocated: 1858 MB
[09/21 10:31:35] ppdet.engine.callbacks INFO: Epoch: [56] [30/88] learning_rate: 0.001522 loss: 0.803427 loss_cls: 0.532154 loss_iou: 0.072374 loss_dfl: 1.867227 eta: 0:17:54 batch_cost: 0.3534 data_cost: 0.0027 ips: 11.3187 images/s, max_mem_reserved: 1935 MB, max_mem_allocated: 1858 MB
[09/21 10:31:39] ppdet.engine.callbacks INFO: Epoch: [56] [40/88] learning_rate: 0.001514 loss: 0.781743 loss_cls: 0.519632 loss_iou: 0.069153 loss_dfl: 1.513611 eta: 0:17:48 batch_cost: 0.3487 data_cost: 0.0028 ips: 11.4711 images/s, max_mem_reserved: 1935 MB, max_mem_allocated: 1858 MB
[09/21 10:31:43] ppdet.engine.callbacks INFO: Epoch: [56] [50/88] learning_rate: 0.001507 loss: 0.833042 loss_cls: 0.523387 loss_iou: 0.080692 loss_dfl: 2.125712 eta: 0:17:42 batch_cost: 0.3735 data_cost: 0.0027 ips: 10.7091 images/s, max_mem_reserved: 1935 MB, max_mem_allocated: 1858 MB
[09/21 10:31:47] ppdet.engine.callbacks INFO: Epoch: [56] [60/88] learning_rate: 0.001500 loss: 0.724192 loss_cls: 0.493264 loss_iou: 0.060994 loss_dfl: 1.840522 eta: 0:17:36 batch_cost: 0.3453 data_cost: 0.0025 ips: 11.5836 images/s, max_mem_reserved: 1935 MB, max_mem_allocated: 1858 MB
[09/21 10:31:51] ppdet.engine.callbacks INFO: Epoch: [56] [70/88] learning_rate: 0.001492 loss: 0.769224 loss_cls: 0.521071 loss_iou: 0.068517 loss_dfl: 2.246326 eta: 0:17:31 batch_cost: 0.3590 data_cost: 0.0026 ips: 11.1410 images/s, max_mem_reserved: 1935 MB, max_mem_allocated: 1858 MB
[09/21 10:31:55] ppdet.engine.callbacks INFO: Epoch: [56] [80/88] learning_rate: 0.001485 loss: 0.807881 loss_cls: 0.540163 loss_iou: 0.075142 loss_dfl: 1.890684 eta: 0:17:25 batch_cost: 0.3642 data_cost: 0.0027 ips: 10.9819 images/s, max_mem_reserved: 1935 MB, max_mem_allocated: 1858 MB
[09/21 10:31:58] ppdet.engine.callbacks INFO: Epoch: [57] [ 0/88] learning_rate: 0.001479 loss: 0.724459 loss_cls: 0.476585 loss_iou: 0.058424 loss_dfl: 2.037483 eta: 0:17:20 batch_cost: 0.3541 data_cost: 0.0120 ips: 11.2972 images/s, max_mem_reserved: 1935 MB, max_mem_allocated: 1858 MB
[09/21 10:32:02] ppdet.engine.callbacks INFO: Epoch: [57] [10/88] learning_rate: 0.001472 loss: 0.819361 loss_cls: 0.535050 loss_iou: 0.078750 loss_dfl: 1.857925 eta: 0:17:14 batch_cost: 0.3690 data_cost: 0.0030 ips: 10.8396 images/s, max_mem_reserved: 1935 MB, max_mem_allocated: 1858 MB
[09/21 10:32:06] ppdet.engine.callbacks INFO: Epoch: [57] [20/88] learning_rate: 0.001464 loss: 0.801605 loss_cls: 0.522611 loss_iou: 0.071337 loss_dfl: 1.784582 eta: 0:17:09 batch_cost: 0.3505 data_cost: 0.0027 ips: 11.4130 images/s, max_mem_reserved: 1935 MB, max_mem_allocated: 1858 MB
[09/21 10:32:10] ppdet.engine.callbacks INFO: Epoch: [57] [30/88] learning_rate: 0.001457 loss: 0.787608 loss_cls: 0.523967 loss_iou: 0.070740 loss_dfl: 1.879610 eta: 0:17:03 batch_cost: 0.3645 data_cost: 0.0028 ips: 10.9734 images/s, max_mem_reserved: 1935 MB, max_mem_allocated: 1858 MB
[09/21 10:32:14] ppdet.engine.callbacks INFO: Epoch: [57] [40/88] learning_rate: 0.001450 loss: 0.784266 loss_cls: 0.526150 loss_iou: 0.070773 loss_dfl: 1.663606 eta: 0:16:57 batch_cost: 0.3627 data_cost: 0.0027 ips: 11.0287 images/s, max_mem_reserved: 1935 MB, max_mem_allocated: 1858 MB
[09/21 10:32:18] ppdet.engine.callbacks INFO: Epoch: [57] [50/88] learning_rate: 0.001442 loss: 0.818874 loss_cls: 0.519409 loss_iou: 0.081192 loss_dfl: 1.908612 eta: 0:16:51 batch_cost: 0.3720 data_cost: 0.0026 ips: 10.7536 images/s, max_mem_reserved: 1935 MB, max_mem_allocated: 1858 MB
[09/21 10:32:22] ppdet.engine.callbacks INFO: Epoch: [57] [60/88] learning_rate: 0.001435 loss: 0.787276 loss_cls: 0.528857 loss_iou: 0.064389 loss_dfl: 1.677429 eta: 0:16:46 batch_cost: 0.3560 data_cost: 0.0029 ips: 11.2360 images/s, max_mem_reserved: 1935 MB, max_mem_allocated: 1858 MB
[09/21 10:32:26] ppdet.engine.callbacks INFO: Epoch: [57] [70/88] learning_rate: 0.001428 loss: 0.829639 loss_cls: 0.526037 loss_iou: 0.068307 loss_dfl: 2.124163 eta: 0:16:40 batch_cost: 0.3636 data_cost: 0.0029 ips: 11.0011 images/s, max_mem_reserved: 1935 MB, max_mem_allocated: 1858 MB
[09/21 10:32:30] ppdet.engine.callbacks INFO: Epoch: [57] [80/88] learning_rate: 0.001420 loss: 0.745227 loss_cls: 0.505966 loss_iou: 0.067441 loss_dfl: 1.506096 eta: 0:16:34 batch_cost: 0.3528 data_cost: 0.0025 ips: 11.3373 images/s, max_mem_reserved: 1935 MB, max_mem_allocated: 1858 MB
[09/21 10:32:33] ppdet.engine.callbacks INFO: Epoch: [58] [ 0/88] learning_rate: 0.001415 loss: 0.800192 loss_cls: 0.521061 loss_iou: 0.074910 loss_dfl: 1.924130 eta: 0:16:30 batch_cost: 0.3564 data_cost: 0.0126 ips: 11.2224 images/s, max_mem_reserved: 1935 MB, max_mem_allocated: 1858 MB
[09/21 10:32:37] ppdet.engine.callbacks INFO: Epoch: [58] [10/88] learning_rate: 0.001407 loss: 0.798669 loss_cls: 0.510010 loss_iou: 0.074097 loss_dfl: 2.002727 eta: 0:16:24 batch_cost: 0.3639 data_cost: 0.0027 ips: 10.9908 images/s, max_mem_reserved: 1935 MB, max_mem_allocated: 1858 MB
[09/21 10:32:41] ppdet.engine.callbacks INFO: Epoch: [58] [20/88] learning_rate: 0.001400 loss: 0.777708 loss_cls: 0.516094 loss_iou: 0.066247 loss_dfl: 1.688767 eta: 0:16:18 batch_cost: 0.3550 data_cost: 0.0030 ips: 11.2666 images/s, max_mem_reserved: 1935 MB, max_mem_allocated: 1858 MB
[09/21 10:32:45] ppdet.engine.callbacks INFO: Epoch: [58] [30/88] learning_rate: 0.001393 loss: 0.756207 loss_cls: 0.492542 loss_iou: 0.068966 loss_dfl: 1.542769 eta: 0:16:13 batch_cost: 0.3681 data_cost: 0.0029 ips: 10.8677 images/s, max_mem_reserved: 1935 MB, max_mem_allocated: 1858 MB
[09/21 10:32:49] ppdet.engine.callbacks INFO: Epoch: [58] [40/88] learning_rate: 0.001385 loss: 0.780233 loss_cls: 0.495483 loss_iou: 0.069615 loss_dfl: 2.053662 eta: 0:16:07 batch_cost: 0.3627 data_cost: 0.0029 ips: 11.0289 images/s, max_mem_reserved: 1935 MB, max_mem_allocated: 1858 MB
[09/21 10:32:53] ppdet.engine.callbacks INFO: Epoch: [58] [50/88] learning_rate: 0.001378 loss: 0.761742 loss_cls: 0.525103 loss_iou: 0.061893 loss_dfl: 1.833013 eta: 0:16:01 batch_cost: 0.3530 data_cost: 0.0030 ips: 11.3322 images/s, max_mem_reserved: 1935 MB, max_mem_allocated: 1858 MB
[09/21 10:32:57] ppdet.engine.callbacks INFO: Epoch: [58] [60/88] learning_rate: 0.001371 loss: 0.715771 loss_cls: 0.492460 loss_iou: 0.057959 loss_dfl: 1.760790 eta: 0:15:56 batch_cost: 0.3500 data_cost: 0.0029 ips: 11.4280 images/s, max_mem_reserved: 1935 MB, max_mem_allocated: 1858 MB
[09/21 10:33:01] ppdet.engine.callbacks INFO: Epoch: [58] [70/88] learning_rate: 0.001364 loss: 0.726377 loss_cls: 0.482121 loss_iou: 0.055493 loss_dfl: 1.689384 eta: 0:15:50 batch_cost: 0.3502 data_cost: 0.0027 ips: 11.4236 images/s, max_mem_reserved: 1935 MB, max_mem_allocated: 1858 MB
[09/21 10:33:05] ppdet.engine.callbacks INFO: Epoch: [58] [80/88] learning_rate: 0.001357 loss: 0.718212 loss_cls: 0.477917 loss_iou: 0.069856 loss_dfl: 1.696406 eta: 0:15:44 batch_cost: 0.3537 data_cost: 0.0030 ips: 11.3085 images/s, max_mem_reserved: 1935 MB, max_mem_allocated: 1858 MB
[09/21 10:33:08] ppdet.engine.callbacks INFO: Epoch: [59] [ 0/88] learning_rate: 0.001351 loss: 0.875832 loss_cls: 0.533823 loss_iou: 0.084705 loss_dfl: 1.963692 eta: 0:15:40 batch_cost: 0.3764 data_cost: 0.0124 ips: 10.6268 images/s, max_mem_reserved: 1935 MB, max_mem_allocated: 1858 MB
[09/21 10:33:12] ppdet.engine.callbacks INFO: Epoch: [59] [10/88] learning_rate: 0.001344 loss: 0.796326 loss_cls: 0.522710 loss_iou: 0.072741 loss_dfl: 1.442214 eta: 0:15:34 batch_cost: 0.3523 data_cost: 0.0026 ips: 11.3539 images/s, max_mem_reserved: 1935 MB, max_mem_allocated: 1858 MB
[09/21 10:33:16] ppdet.engine.callbacks INFO: Epoch: [59] [20/88] learning_rate: 0.001336 loss: 0.732618 loss_cls: 0.495268 loss_iou: 0.059085 loss_dfl: 1.961114 eta: 0:15:29 batch_cost: 0.3617 data_cost: 0.0028 ips: 11.0580 images/s, max_mem_reserved: 1935 MB, max_mem_allocated: 1858 MB
[09/21 10:33:20] ppdet.engine.callbacks INFO: Epoch: [59] [30/88] learning_rate: 0.001329 loss: 0.734106 loss_cls: 0.480374 loss_iou: 0.062264 loss_dfl: 2.092694 eta: 0:15:23 batch_cost: 0.3577 data_cost: 0.0029 ips: 11.1816 images/s, max_mem_reserved: 1935 MB, max_mem_allocated: 1858 MB
[09/21 10:33:24] ppdet.engine.callbacks INFO: Epoch: [59] [40/88] learning_rate: 0.001322 loss: 0.747615 loss_cls: 0.495860 loss_iou: 0.061266 loss_dfl: 2.031666 eta: 0:15:18 batch_cost: 0.3548 data_cost: 0.0027 ips: 11.2752 images/s, max_mem_reserved: 1935 MB, max_mem_allocated: 1858 MB
[09/21 10:33:28] ppdet.engine.callbacks INFO: Epoch: [59] [50/88] learning_rate: 0.001315 loss: 0.760334 loss_cls: 0.519197 loss_iou: 0.070617 loss_dfl: 1.588206 eta: 0:15:12 batch_cost: 0.3651 data_cost: 0.0028 ips: 10.9545 images/s, max_mem_reserved: 1935 MB, max_mem_allocated: 1858 MB
[09/21 10:33:32] ppdet.engine.callbacks INFO: Epoch: [59] [60/88] learning_rate: 0.001308 loss: 0.771382 loss_cls: 0.513656 loss_iou: 0.075036 loss_dfl: 2.079668 eta: 0:15:06 batch_cost: 0.3623 data_cost: 0.0026 ips: 11.0392 images/s, max_mem_reserved: 1935 MB, max_mem_allocated: 1858 MB
[09/21 10:33:36] ppdet.engine.callbacks INFO: Epoch: [59] [70/88] learning_rate: 0.001301 loss: 0.733383 loss_cls: 0.502784 loss_iou: 0.063134 loss_dfl: 1.109641 eta: 0:15:01 batch_cost: 0.3535 data_cost: 0.0029 ips: 11.3162 images/s, max_mem_reserved: 1935 MB, max_mem_allocated: 1858 MB
[09/21 10:33:40] ppdet.engine.callbacks INFO: Epoch: [59] [80/88] learning_rate: 0.001293 loss: 0.706872 loss_cls: 0.478831 loss_iou: 0.060000 loss_dfl: 1.960841 eta: 0:14:55 batch_cost: 0.3578 data_cost: 0.0027 ips: 11.1805 images/s, max_mem_reserved: 1935 MB, max_mem_allocated: 1858 MB
[09/21 10:33:43] ppdet.utils.checkpoint INFO: Save checkpoint: output
[09/21 10:33:44] ppdet.engine.callbacks INFO: Eval iter: 0
[09/21 10:33:47] ppdet.metrics.metrics INFO: Accumulating evaluatation results...
[09/21 10:33:47] ppdet.metrics.metrics INFO: mAP(0.50, 11point) = 81.40%
[09/21 10:33:47] ppdet.engine.callbacks INFO: Total sample number: 100, average FPS: 25.3904927910816
[09/21 10:33:47] ppdet.engine INFO: Best test bbox ap is 0.818.
[09/21 10:33:48] ppdet.engine.callbacks INFO: Epoch: [60] [ 0/88] learning_rate: 0.001288 loss: 0.749421 loss_cls: 0.489294 loss_iou: 0.071625 loss_dfl: 1.982812 eta: 0:14:51 batch_cost: 0.3643 data_cost: 0.0025 ips: 10.9813 images/s, max_mem_reserved: 1935 MB, max_mem_allocated: 1858 MB
[09/21 10:33:52] ppdet.engine.callbacks INFO: Epoch: [60] [10/88] learning_rate: 0.001281 loss: 0.705166 loss_cls: 0.483774 loss_iou: 0.064290 loss_dfl: 1.075176 eta: 0:14:45 batch_cost: 0.3535 data_cost: 0.0030 ips: 11.3149 images/s, max_mem_reserved: 1935 MB, max_mem_allocated: 1858 MB
[09/21 10:33:56] ppdet.engine.callbacks INFO: Epoch: [60] [20/88] learning_rate: 0.001274 loss: 0.734644 loss_cls: 0.487489 loss_iou: 0.058522 loss_dfl: 1.515493 eta: 0:14:40 batch_cost: 0.3611 data_cost: 0.0027 ips: 11.0780 images/s, max_mem_reserved: 1935 MB, max_mem_allocated: 1858 MB
[09/21 10:34:00] ppdet.engine.callbacks INFO: Epoch: [60] [30/88] learning_rate: 0.001266 loss: 0.696052 loss_cls: 0.492031 loss_iou: 0.056521 loss_dfl: 1.463588 eta: 0:14:34 batch_cost: 0.3423 data_cost: 0.0029 ips: 11.6870 images/s, max_mem_reserved: 1935 MB, max_mem_allocated: 1858 MB
[09/21 10:34:04] ppdet.engine.callbacks INFO: Epoch: [60] [40/88] learning_rate: 0.001259 loss: 0.872037 loss_cls: 0.533570 loss_iou: 0.080065 loss_dfl: 2.468987 eta: 0:14:29 batch_cost: 0.3665 data_cost: 0.0027 ips: 10.9140 images/s, max_mem_reserved: 1935 MB, max_mem_allocated: 1858 MB
[09/21 10:34:08] ppdet.engine.callbacks INFO: Epoch: [60] [50/88] learning_rate: 0.001252 loss: 0.730853 loss_cls: 0.500067 loss_iou: 0.064730 loss_dfl: 1.701118 eta: 0:14:23 batch_cost: 0.3453 data_cost: 0.0025 ips: 11.5858 images/s, max_mem_reserved: 1935 MB, max_mem_allocated: 1858 MB
[09/21 10:34:12] ppdet.engine.callbacks INFO: Epoch: [60] [60/88] learning_rate: 0.001245 loss: 0.763266 loss_cls: 0.510119 loss_iou: 0.065325 loss_dfl: 1.515698 eta: 0:14:18 batch_cost: 0.3640 data_cost: 0.0026 ips: 10.9879 images/s, max_mem_reserved: 1935 MB, max_mem_allocated: 1858 MB
[09/21 10:34:16] ppdet.engine.callbacks INFO: Epoch: [60] [70/88] learning_rate: 0.001238 loss: 0.763390 loss_cls: 0.524292 loss_iou: 0.064860 loss_dfl: 1.620842 eta: 0:14:12 batch_cost: 0.3663 data_cost: 0.0029 ips: 10.9202 images/s, max_mem_reserved: 1935 MB, max_mem_allocated: 1858 MB
[09/21 10:34:19] ppdet.engine.callbacks INFO: Epoch: [60] [80/88] learning_rate: 0.001231 loss: 0.765532 loss_cls: 0.529720 loss_iou: 0.066748 loss_dfl: 2.271757 eta: 0:14:07 batch_cost: 0.3462 data_cost: 0.0023 ips: 11.5545 images/s, max_mem_reserved: 1935 MB, max_mem_allocated: 1858 MB
[09/21 10:34:22] ppdet.engine.callbacks INFO: Epoch: [61] [ 0/88] learning_rate: 0.001225 loss: 0.756263 loss_cls: 0.489511 loss_iou: 0.063623 loss_dfl: 1.714554 eta: 0:14:02 batch_cost: 0.3416 data_cost: 0.0131 ips: 11.7102 images/s, max_mem_reserved: 1935 MB, max_mem_allocated: 1858 MB
[09/21 10:34:26] ppdet.engine.callbacks INFO: Epoch: [61] [10/88] learning_rate: 0.001218 loss: 0.790883 loss_cls: 0.540596 loss_iou: 0.070490 loss_dfl: 2.078326 eta: 0:13:57 batch_cost: 0.3627 data_cost: 0.0026 ips: 11.0282 images/s, max_mem_reserved: 1935 MB, max_mem_allocated: 1858 MB
[09/21 10:34:30] ppdet.engine.callbacks INFO: Epoch: [61] [20/88] learning_rate: 0.001211 loss: 0.732144 loss_cls: 0.505392 loss_iou: 0.060828 loss_dfl: 1.396806 eta: 0:13:51 batch_cost: 0.3447 data_cost: 0.0021 ips: 11.6038 images/s, max_mem_reserved: 1935 MB, max_mem_allocated: 1858 MB
[09/21 10:34:34] ppdet.engine.callbacks INFO: Epoch: [61] [30/88] learning_rate: 0.001204 loss: 0.858209 loss_cls: 0.548504 loss_iou: 0.082416 loss_dfl: 2.436639 eta: 0:13:46 batch_cost: 0.3563 data_cost: 0.0023 ips: 11.2269 images/s, max_mem_reserved: 1935 MB, max_mem_allocated: 1858 MB
[09/21 10:34:38] ppdet.engine.callbacks INFO: Epoch: [61] [40/88] learning_rate: 0.001197 loss: 0.751642 loss_cls: 0.483210 loss_iou: 0.066315 loss_dfl: 1.517662 eta: 0:13:40 batch_cost: 0.3570 data_cost: 0.0020 ips: 11.2038 images/s, max_mem_reserved: 1935 MB, max_mem_allocated: 1858 MB
[09/21 10:34:42] ppdet.engine.callbacks INFO: Epoch: [61] [50/88] learning_rate: 0.001191 loss: 0.708545 loss_cls: 0.478997 loss_iou: 0.054874 loss_dfl: 2.070561 eta: 0:13:35 batch_cost: 0.3475 data_cost: 0.0023 ips: 11.5115 images/s, max_mem_reserved: 1935 MB, max_mem_allocated: 1858 MB
[09/21 10:34:46] ppdet.engine.callbacks INFO: Epoch: [61] [60/88] learning_rate: 0.001184 loss: 0.772638 loss_cls: 0.537956 loss_iou: 0.063192 loss_dfl: 1.744146 eta: 0:13:29 batch_cost: 0.3518 data_cost: 0.0025 ips: 11.3713 images/s, max_mem_reserved: 1935 MB, max_mem_allocated: 1858 MB
[09/21 10:34:50] ppdet.engine.callbacks INFO: Epoch: [61] [70/88] learning_rate: 0.001177 loss: 0.709111 loss_cls: 0.484796 loss_iou: 0.057465 loss_dfl: 1.570272 eta: 0:13:24 batch_cost: 0.3481 data_cost: 0.0022 ips: 11.4909 images/s, max_mem_reserved: 1935 MB, max_mem_allocated: 1858 MB
[09/21 10:34:54] ppdet.engine.callbacks INFO: Epoch: [61] [80/88] learning_rate: 0.001170 loss: 0.711938 loss_cls: 0.501968 loss_iou: 0.052332 loss_dfl: 1.920796 eta: 0:13:18 batch_cost: 0.3552 data_cost: 0.0021 ips: 11.2606 images/s, max_mem_reserved: 1935 MB, max_mem_allocated: 1858 MB
[09/21 10:34:57] ppdet.engine.callbacks INFO: Epoch: [62] [ 0/88] learning_rate: 0.001164 loss: 0.711823 loss_cls: 0.502745 loss_iou: 0.054470 loss_dfl: 2.041607 eta: 0:13:14 batch_cost: 0.3629 data_cost: 0.0137 ips: 11.0234 images/s, max_mem_reserved: 1935 MB, max_mem_allocated: 1858 MB
[09/21 10:35:01] ppdet.engine.callbacks INFO: Epoch: [62] [10/88] learning_rate: 0.001157 loss: 0.790562 loss_cls: 0.499805 loss_iou: 0.071462 loss_dfl: 2.154297 eta: 0:13:08 batch_cost: 0.3545 data_cost: 0.0023 ips: 11.2838 images/s, max_mem_reserved: 1935 MB, max_mem_allocated: 1858 MB
[09/21 10:35:04] ppdet.engine.callbacks INFO: Epoch: [62] [20/88] learning_rate: 0.001150 loss: 0.776941 loss_cls: 0.524971 loss_iou: 0.068201 loss_dfl: 1.771424 eta: 0:13:03 batch_cost: 0.3370 data_cost: 0.0019 ips: 11.8705 images/s, max_mem_reserved: 1935 MB, max_mem_allocated: 1858 MB
[09/21 10:35:08] ppdet.engine.callbacks INFO: Epoch: [62] [30/88] learning_rate: 0.001143 loss: 0.761908 loss_cls: 0.523455 loss_iou: 0.067056 loss_dfl: 1.966681 eta: 0:12:58 batch_cost: 0.3504 data_cost: 0.0021 ips: 11.4157 images/s, max_mem_reserved: 1935 MB, max_mem_allocated: 1858 MB
[09/21 10:35:12] ppdet.engine.callbacks INFO: Epoch: [62] [40/88] learning_rate: 0.001137 loss: 0.765093 loss_cls: 0.508621 loss_iou: 0.065811 loss_dfl: 1.856430 eta: 0:12:52 batch_cost: 0.3644 data_cost: 0.0019 ips: 10.9759 images/s, max_mem_reserved: 1935 MB, max_mem_allocated: 1858 MB
[09/21 10:35:16] ppdet.engine.callbacks INFO: Epoch: [62] [50/88] learning_rate: 0.001130 loss: 0.781773 loss_cls: 0.508694 loss_iou: 0.071561 loss_dfl: 2.024051 eta: 0:12:47 batch_cost: 0.3580 data_cost: 0.0019 ips: 11.1725 images/s, max_mem_reserved: 1935 MB, max_mem_allocated: 1858 MB
[09/21 10:35:20] ppdet.engine.callbacks INFO: Epoch: [62] [60/88] learning_rate: 0.001123 loss: 0.704478 loss_cls: 0.492112 loss_iou: 0.057405 loss_dfl: 1.461081 eta: 0:12:41 batch_cost: 0.3489 data_cost: 0.0019 ips: 11.4660 images/s, max_mem_reserved: 1935 MB, max_mem_allocated: 1858 MB
[09/21 10:35:24] ppdet.engine.callbacks INFO: Epoch: [62] [70/88] learning_rate: 0.001116 loss: 0.790384 loss_cls: 0.503568 loss_iou: 0.066346 loss_dfl: 2.093704 eta: 0:12:36 batch_cost: 0.3585 data_cost: 0.0020 ips: 11.1568 images/s, max_mem_reserved: 1935 MB, max_mem_allocated: 1858 MB
[09/21 10:35:28] ppdet.engine.callbacks INFO: Epoch: [62] [80/88] learning_rate: 0.001109 loss: 0.695724 loss_cls: 0.458585 loss_iou: 0.060254 loss_dfl: 1.822913 eta: 0:12:31 batch_cost: 0.3516 data_cost: 0.0019 ips: 11.3755 images/s, max_mem_reserved: 1935 MB, max_mem_allocated: 1858 MB
[09/21 10:35:31] ppdet.engine.callbacks INFO: Epoch: [63] [ 0/88] learning_rate: 0.001104 loss: 0.767783 loss_cls: 0.528647 loss_iou: 0.060240 loss_dfl: 2.032537 eta: 0:12:26 batch_cost: 0.3759 data_cost: 0.0124 ips: 10.6405 images/s, max_mem_reserved: 1935 MB, max_mem_allocated: 1858 MB
[09/21 10:35:35] ppdet.engine.callbacks INFO: Epoch: [63] [10/88] learning_rate: 0.001097 loss: 0.807495 loss_cls: 0.538420 loss_iou: 0.064636 loss_dfl: 2.151532 eta: 0:12:21 batch_cost: 0.3590 data_cost: 0.0015 ips: 11.1434 images/s, max_mem_reserved: 1935 MB, max_mem_allocated: 1858 MB
[09/21 10:35:39] ppdet.engine.callbacks INFO: Epoch: [63] [20/88] learning_rate: 0.001090 loss: 0.748018 loss_cls: 0.505316 loss_iou: 0.057513 loss_dfl: 1.464215 eta: 0:12:16 batch_cost: 0.3433 data_cost: 0.0013 ips: 11.6525 images/s, max_mem_reserved: 1935 MB, max_mem_allocated: 1858 MB
[09/21 10:35:43] ppdet.engine.callbacks INFO: Epoch: [63] [30/88] learning_rate: 0.001083 loss: 0.800495 loss_cls: 0.547656 loss_iou: 0.077983 loss_dfl: 1.715316 eta: 0:12:10 batch_cost: 0.3576 data_cost: 0.0021 ips: 11.1863 images/s, max_mem_reserved: 1935 MB, max_mem_allocated: 1858 MB
[09/21 10:35:47] ppdet.engine.callbacks INFO: Epoch: [63] [40/88] learning_rate: 0.001077 loss: 0.759234 loss_cls: 0.510580 loss_iou: 0.061780 loss_dfl: 2.169973 eta: 0:12:05 batch_cost: 0.3617 data_cost: 0.0030 ips: 11.0574 images/s, max_mem_reserved: 1935 MB, max_mem_allocated: 1858 MB
[09/21 10:35:51] ppdet.engine.callbacks INFO: Epoch: [63] [50/88] learning_rate: 0.001070 loss: 0.738368 loss_cls: 0.494458 loss_iou: 0.070198 loss_dfl: 1.725185 eta: 0:11:59 batch_cost: 0.3540 data_cost: 0.0025 ips: 11.2981 images/s, max_mem_reserved: 1935 MB, max_mem_allocated: 1858 MB
[09/21 10:35:55] ppdet.engine.callbacks INFO: Epoch: [63] [60/88] learning_rate: 0.001063 loss: 0.729961 loss_cls: 0.483120 loss_iou: 0.060630 loss_dfl: 1.956595 eta: 0:11:54 batch_cost: 0.3575 data_cost: 0.0026 ips: 11.1903 images/s, max_mem_reserved: 1935 MB, max_mem_allocated: 1858 MB
[09/21 10:35:59] ppdet.engine.callbacks INFO: Epoch: [63] [70/88] learning_rate: 0.001056 loss: 0.695291 loss_cls: 0.480430 loss_iou: 0.057970 loss_dfl: 1.326316 eta: 0:11:49 batch_cost: 0.3619 data_cost: 0.0024 ips: 11.0531 images/s, max_mem_reserved: 1935 MB, max_mem_allocated: 1858 MB
[09/21 10:36:03] ppdet.engine.callbacks INFO: Epoch: [63] [80/88] learning_rate: 0.001050 loss: 0.783053 loss_cls: 0.523786 loss_iou: 0.059881 loss_dfl: 2.266753 eta: 0:11:44 batch_cost: 0.3670 data_cost: 0.0022 ips: 10.8978 images/s, max_mem_reserved: 1935 MB, max_mem_allocated: 1858 MB
[09/21 10:36:06] ppdet.engine.callbacks INFO: Epoch: [64] [ 0/88] learning_rate: 0.001044 loss: 0.739975 loss_cls: 0.518413 loss_iou: 0.054163 loss_dfl: 2.024675 eta: 0:11:39 batch_cost: 0.3599 data_cost: 0.0136 ips: 11.1157 images/s, max_mem_reserved: 1935 MB, max_mem_allocated: 1858 MB
[09/21 10:36:10] ppdet.engine.callbacks INFO: Epoch: [64] [10/88] learning_rate: 0.001038 loss: 0.732291 loss_cls: 0.496050 loss_iou: 0.062621 loss_dfl: 1.747626 eta: 0:11:34 batch_cost: 0.3492 data_cost: 0.0021 ips: 11.4540 images/s, max_mem_reserved: 1935 MB, max_mem_allocated: 1858 MB
[09/21 10:36:14] ppdet.engine.callbacks INFO: Epoch: [64] [20/88] learning_rate: 0.001031 loss: 0.725345 loss_cls: 0.498571 loss_iou: 0.060694 loss_dfl: 1.689719 eta: 0:11:29 batch_cost: 0.3429 data_cost: 0.0025 ips: 11.6652 images/s, max_mem_reserved: 1935 MB, max_mem_allocated: 1858 MB
[09/21 10:36:17] ppdet.engine.callbacks INFO: Epoch: [64] [30/88] learning_rate: 0.001024 loss: 0.705333 loss_cls: 0.502292 loss_iou: 0.055148 loss_dfl: 1.900730 eta: 0:11:23 batch_cost: 0.3566 data_cost: 0.0024 ips: 11.2168 images/s, max_mem_reserved: 1935 MB, max_mem_allocated: 1858 MB
[09/21 10:36:21] ppdet.engine.callbacks INFO: Epoch: [64] [40/88] learning_rate: 0.001018 loss: 0.753380 loss_cls: 0.489439 loss_iou: 0.054821 loss_dfl: 1.785280 eta: 0:11:18 batch_cost: 0.3437 data_cost: 0.0025 ips: 11.6388 images/s, max_mem_reserved: 1935 MB, max_mem_allocated: 1858 MB
[09/21 10:36:25] ppdet.engine.callbacks INFO: Epoch: [64] [50/88] learning_rate: 0.001011 loss: 0.735680 loss_cls: 0.520039 loss_iou: 0.058660 loss_dfl: 1.438380 eta: 0:11:13 batch_cost: 0.3582 data_cost: 0.0023 ips: 11.1679 images/s, max_mem_reserved: 1935 MB, max_mem_allocated: 1858 MB
[09/21 10:36:29] ppdet.engine.callbacks INFO: Epoch: [64] [60/88] learning_rate: 0.001004 loss: 0.796958 loss_cls: 0.532465 loss_iou: 0.067451 loss_dfl: 2.185664 eta: 0:11:07 batch_cost: 0.3626 data_cost: 0.0022 ips: 11.0309 images/s, max_mem_reserved: 1935 MB, max_mem_allocated: 1858 MB
[09/21 10:36:33] ppdet.engine.callbacks INFO: Epoch: [64] [70/88] learning_rate: 0.000998 loss: 0.772527 loss_cls: 0.498876 loss_iou: 0.076498 loss_dfl: 2.115140 eta: 0:11:02 batch_cost: 0.3481 data_cost: 0.0023 ips: 11.4907 images/s, max_mem_reserved: 1935 MB, max_mem_allocated: 1858 MB
[09/21 10:36:37] ppdet.engine.callbacks INFO: Epoch: [64] [80/88] learning_rate: 0.000991 loss: 0.778245 loss_cls: 0.530225 loss_iou: 0.070252 loss_dfl: 2.083200 eta: 0:10:57 batch_cost: 0.3706 data_cost: 0.0021 ips: 10.7932 images/s, max_mem_reserved: 1935 MB, max_mem_allocated: 1858 MB
[09/21 10:36:40] ppdet.utils.checkpoint INFO: Save checkpoint: output
[09/21 10:36:40] ppdet.engine.callbacks INFO: Eval iter: 0
[09/21 10:36:44] ppdet.metrics.metrics INFO: Accumulating evaluatation results...
[09/21 10:36:44] ppdet.metrics.metrics INFO: mAP(0.50, 11point) = 81.58%
[09/21 10:36:44] ppdet.engine.callbacks INFO: Total sample number: 100, average FPS: 25.362098745985307
[09/21 10:36:44] ppdet.engine INFO: Best test bbox ap is 0.818.
[09/21 10:36:45] ppdet.engine.callbacks INFO: Epoch: [65] [ 0/88] learning_rate: 0.000986 loss: 0.737129 loss_cls: 0.488359 loss_iou: 0.062513 loss_dfl: 1.720648 eta: 0:10:53 batch_cost: 0.3478 data_cost: 0.0022 ips: 11.5018 images/s, max_mem_reserved: 1935 MB, max_mem_allocated: 1858 MB
[09/21 10:36:49] ppdet.engine.callbacks INFO: Epoch: [65] [10/88] learning_rate: 0.000979 loss: 0.694101 loss_cls: 0.478747 loss_iou: 0.055939 loss_dfl: 1.653256 eta: 0:10:47 batch_cost: 0.3581 data_cost: 0.0020 ips: 11.1685 images/s, max_mem_reserved: 1935 MB, max_mem_allocated: 1858 MB
[09/21 10:36:53] ppdet.engine.callbacks INFO: Epoch: [65] [20/88] learning_rate: 0.000973 loss: 0.716133 loss_cls: 0.477041 loss_iou: 0.055525 loss_dfl: 1.337862 eta: 0:10:42 batch_cost: 0.3579 data_cost: 0.0021 ips: 11.1751 images/s, max_mem_reserved: 1935 MB, max_mem_allocated: 1858 MB
[09/21 10:36:56] ppdet.engine.callbacks INFO: Epoch: [65] [30/88] learning_rate: 0.000966 loss: 0.736192 loss_cls: 0.498137 loss_iou: 0.057174 loss_dfl: 1.723749 eta: 0:10:37 batch_cost: 0.3496 data_cost: 0.0019 ips: 11.4404 images/s, max_mem_reserved: 1935 MB, max_mem_allocated: 1858 MB
[09/21 10:37:00] ppdet.engine.callbacks INFO: Epoch: [65] [40/88] learning_rate: 0.000960 loss: 0.743702 loss_cls: 0.492446 loss_iou: 0.065133 loss_dfl: 1.717057 eta: 0:10:32 batch_cost: 0.3656 data_cost: 0.0024 ips: 10.9411 images/s, max_mem_reserved: 1935 MB, max_mem_allocated: 1858 MB
[09/21 10:37:04] ppdet.engine.callbacks INFO: Epoch: [65] [50/88] learning_rate: 0.000953 loss: 0.753064 loss_cls: 0.513083 loss_iou: 0.061425 loss_dfl: 2.034827 eta: 0:10:26 batch_cost: 0.3699 data_cost: 0.0024 ips: 10.8144 images/s, max_mem_reserved: 1935 MB, max_mem_allocated: 1858 MB
[09/21 10:37:08] ppdet.engine.callbacks INFO: Epoch: [65] [60/88] learning_rate: 0.000947 loss: 0.813884 loss_cls: 0.526703 loss_iou: 0.075940 loss_dfl: 1.839273 eta: 0:10:21 batch_cost: 0.3511 data_cost: 0.0026 ips: 11.3926 images/s, max_mem_reserved: 1935 MB, max_mem_allocated: 1858 MB
[09/21 10:37:12] ppdet.engine.callbacks INFO: Epoch: [65] [70/88] learning_rate: 0.000940 loss: 0.788772 loss_cls: 0.501960 loss_iou: 0.063991 loss_dfl: 2.296783 eta: 0:10:16 batch_cost: 0.3546 data_cost: 0.0020 ips: 11.2789 images/s, max_mem_reserved: 1935 MB, max_mem_allocated: 1858 MB
[09/21 10:37:16] ppdet.engine.callbacks INFO: Epoch: [65] [80/88] learning_rate: 0.000934 loss: 0.731262 loss_cls: 0.519639 loss_iou: 0.060157 loss_dfl: 1.487197 eta: 0:10:11 batch_cost: 0.3562 data_cost: 0.0026 ips: 11.2302 images/s, max_mem_reserved: 1935 MB, max_mem_allocated: 1858 MB
[09/21 10:37:19] ppdet.engine.callbacks INFO: Epoch: [66] [ 0/88] learning_rate: 0.000929 loss: 0.818219 loss_cls: 0.530196 loss_iou: 0.062564 loss_dfl: 1.969311 eta: 0:10:07 batch_cost: 0.3748 data_cost: 0.0150 ips: 10.6718 images/s, max_mem_reserved: 1935 MB, max_mem_allocated: 1858 MB
[09/21 10:37:23] ppdet.engine.callbacks INFO: Epoch: [66] [10/88] learning_rate: 0.000922 loss: 0.886415 loss_cls: 0.552626 loss_iou: 0.089671 loss_dfl: 2.220361 eta: 0:10:01 batch_cost: 0.3674 data_cost: 0.0026 ips: 10.8872 images/s, max_mem_reserved: 1935 MB, max_mem_allocated: 1858 MB
[09/21 10:37:27] ppdet.engine.callbacks INFO: Epoch: [66] [20/88] learning_rate: 0.000916 loss: 0.685186 loss_cls: 0.476761 loss_iou: 0.052889 loss_dfl: 1.149780 eta: 0:09:56 batch_cost: 0.3448 data_cost: 0.0023 ips: 11.5993 images/s, max_mem_reserved: 1935 MB, max_mem_allocated: 1858 MB
[09/21 10:37:31] ppdet.engine.callbacks INFO: Epoch: [66] [30/88] learning_rate: 0.000910 loss: 0.713650 loss_cls: 0.456461 loss_iou: 0.057872 loss_dfl: 2.420804 eta: 0:09:51 batch_cost: 0.3385 data_cost: 0.0025 ips: 11.8178 images/s, max_mem_reserved: 1935 MB, max_mem_allocated: 1858 MB
[09/21 10:37:35] ppdet.engine.callbacks INFO: Epoch: [66] [40/88] learning_rate: 0.000903 loss: 0.753173 loss_cls: 0.515597 loss_iou: 0.064178 loss_dfl: 1.474398 eta: 0:09:46 batch_cost: 0.3510 data_cost: 0.0023 ips: 11.3963 images/s, max_mem_reserved: 1935 MB, max_mem_allocated: 1858 MB
[09/21 10:37:39] ppdet.engine.callbacks INFO: Epoch: [66] [50/88] learning_rate: 0.000897 loss: 0.700717 loss_cls: 0.482042 loss_iou: 0.059689 loss_dfl: 1.403494 eta: 0:09:40 batch_cost: 0.3557 data_cost: 0.0022 ips: 11.2445 images/s, max_mem_reserved: 1935 MB, max_mem_allocated: 1858 MB
[09/21 10:37:42] ppdet.engine.callbacks INFO: Epoch: [66] [60/88] learning_rate: 0.000890 loss: 0.686276 loss_cls: 0.490160 loss_iou: 0.054180 loss_dfl: 1.485551 eta: 0:09:35 batch_cost: 0.3558 data_cost: 0.0022 ips: 11.2437 images/s, max_mem_reserved: 1935 MB, max_mem_allocated: 1858 MB
[09/21 10:37:46] ppdet.engine.callbacks INFO: Epoch: [66] [70/88] learning_rate: 0.000884 loss: 0.760879 loss_cls: 0.511420 loss_iou: 0.058643 loss_dfl: 1.952872 eta: 0:09:30 batch_cost: 0.3521 data_cost: 0.0022 ips: 11.3598 images/s, max_mem_reserved: 1935 MB, max_mem_allocated: 1858 MB
[09/21 10:37:50] ppdet.engine.callbacks INFO: Epoch: [66] [80/88] learning_rate: 0.000878 loss: 0.753266 loss_cls: 0.500630 loss_iou: 0.063927 loss_dfl: 1.901453 eta: 0:09:25 batch_cost: 0.3726 data_cost: 0.0023 ips: 10.7361 images/s, max_mem_reserved: 1935 MB, max_mem_allocated: 1858 MB
[09/21 10:37:54] ppdet.engine.callbacks INFO: Epoch: [67] [ 0/88] learning_rate: 0.000873 loss: 0.790962 loss_cls: 0.512020 loss_iou: 0.065471 loss_dfl: 1.926441 eta: 0:09:21 batch_cost: 0.3717 data_cost: 0.0130 ips: 10.7610 images/s, max_mem_reserved: 1935 MB, max_mem_allocated: 1858 MB
[09/21 10:37:58] ppdet.engine.callbacks INFO: Epoch: [67] [10/88] learning_rate: 0.000866 loss: 0.792320 loss_cls: 0.491747 loss_iou: 0.077659 loss_dfl: 1.691154 eta: 0:09:16 batch_cost: 0.3598 data_cost: 0.0023 ips: 11.1168 images/s, max_mem_reserved: 1935 MB, max_mem_allocated: 1858 MB
[09/21 10:38:02] ppdet.engine.callbacks INFO: Epoch: [67] [20/88] learning_rate: 0.000860 loss: 0.673605 loss_cls: 0.474918 loss_iou: 0.057644 loss_dfl: 1.487646 eta: 0:09:11 batch_cost: 0.3713 data_cost: 0.0023 ips: 10.7717 images/s, max_mem_reserved: 1935 MB, max_mem_allocated: 1858 MB
[09/21 10:38:06] ppdet.engine.callbacks INFO: Epoch: [67] [30/88] learning_rate: 0.000854 loss: 0.797099 loss_cls: 0.512043 loss_iou: 0.059152 loss_dfl: 2.129431 eta: 0:09:05 batch_cost: 0.3673 data_cost: 0.0027 ips: 10.8916 images/s, max_mem_reserved: 1935 MB, max_mem_allocated: 1858 MB
[09/21 10:38:10] ppdet.engine.callbacks INFO: Epoch: [67] [40/88] learning_rate: 0.000848 loss: 0.735939 loss_cls: 0.496787 loss_iou: 0.057027 loss_dfl: 1.636984 eta: 0:09:00 batch_cost: 0.3597 data_cost: 0.0030 ips: 11.1214 images/s, max_mem_reserved: 1935 MB, max_mem_allocated: 1858 MB
[09/21 10:38:14] ppdet.engine.callbacks INFO: Epoch: [67] [50/88] learning_rate: 0.000842 loss: 0.727262 loss_cls: 0.498130 loss_iou: 0.056263 loss_dfl: 1.728626 eta: 0:08:55 batch_cost: 0.3730 data_cost: 0.0029 ips: 10.7230 images/s, max_mem_reserved: 1935 MB, max_mem_allocated: 1858 MB
[09/21 10:38:18] ppdet.engine.callbacks INFO: Epoch: [67] [60/88] learning_rate: 0.000835 loss: 0.792155 loss_cls: 0.493590 loss_iou: 0.062308 loss_dfl: 2.113972 eta: 0:08:50 batch_cost: 0.3642 data_cost: 0.0027 ips: 10.9838 images/s, max_mem_reserved: 1935 MB, max_mem_allocated: 1858 MB
[09/21 10:38:22] ppdet.engine.callbacks INFO: Epoch: [67] [70/88] learning_rate: 0.000829 loss: 0.756876 loss_cls: 0.490060 loss_iou: 0.070525 loss_dfl: 1.954200 eta: 0:08:45 batch_cost: 0.3663 data_cost: 0.0031 ips: 10.9206 images/s, max_mem_reserved: 1935 MB, max_mem_allocated: 1858 MB
[09/21 10:38:26] ppdet.engine.callbacks INFO: Epoch: [67] [80/88] learning_rate: 0.000823 loss: 0.715469 loss_cls: 0.476151 loss_iou: 0.059128 loss_dfl: 1.844031 eta: 0:08:40 batch_cost: 0.3577 data_cost: 0.0027 ips: 11.1818 images/s, max_mem_reserved: 1935 MB, max_mem_allocated: 1858 MB
[09/21 10:38:29] ppdet.engine.callbacks INFO: Epoch: [68] [ 0/88] learning_rate: 0.000818 loss: 0.767507 loss_cls: 0.508249 loss_iou: 0.067920 loss_dfl: 1.671038 eta: 0:08:36 batch_cost: 0.3541 data_cost: 0.0131 ips: 11.2959 images/s, max_mem_reserved: 1935 MB, max_mem_allocated: 1858 MB
[09/21 10:38:33] ppdet.engine.callbacks INFO: Epoch: [68] [10/88] learning_rate: 0.000812 loss: 0.942753 loss_cls: 0.565442 loss_iou: 0.097167 loss_dfl: 2.396899 eta: 0:08:31 batch_cost: 0.3844 data_cost: 0.0029 ips: 10.4059 images/s, max_mem_reserved: 1935 MB, max_mem_allocated: 1858 MB
[09/21 10:38:37] ppdet.engine.callbacks INFO: Epoch: [68] [20/88] learning_rate: 0.000806 loss: 0.793843 loss_cls: 0.525240 loss_iou: 0.071878 loss_dfl: 1.964030 eta: 0:08:26 batch_cost: 0.3716 data_cost: 0.0026 ips: 10.7656 images/s, max_mem_reserved: 1935 MB, max_mem_allocated: 1858 MB
[09/21 10:38:41] ppdet.engine.callbacks INFO: Epoch: [68] [30/88] learning_rate: 0.000800 loss: 0.754194 loss_cls: 0.518044 loss_iou: 0.066173 loss_dfl: 1.862525 eta: 0:08:20 batch_cost: 0.3584 data_cost: 0.0031 ips: 11.1609 images/s, max_mem_reserved: 1935 MB, max_mem_allocated: 1858 MB
[09/21 10:38:45] ppdet.engine.callbacks INFO: Epoch: [68] [40/88] learning_rate: 0.000794 loss: 0.741318 loss_cls: 0.497680 loss_iou: 0.057132 loss_dfl: 1.634581 eta: 0:08:15 batch_cost: 0.3605 data_cost: 0.0031 ips: 11.0970 images/s, max_mem_reserved: 1935 MB, max_mem_allocated: 1858 MB
[09/21 10:38:49] ppdet.engine.callbacks INFO: Epoch: [68] [50/88] learning_rate: 0.000788 loss: 0.708464 loss_cls: 0.489189 loss_iou: 0.057036 loss_dfl: 1.646362 eta: 0:08:10 batch_cost: 0.3677 data_cost: 0.0031 ips: 10.8787 images/s, max_mem_reserved: 1935 MB, max_mem_allocated: 1858 MB
[09/21 10:38:53] ppdet.engine.callbacks INFO: Epoch: [68] [60/88] learning_rate: 0.000781 loss: 0.763906 loss_cls: 0.525192 loss_iou: 0.061811 loss_dfl: 1.954287 eta: 0:08:05 batch_cost: 0.3650 data_cost: 0.0026 ips: 10.9589 images/s, max_mem_reserved: 1935 MB, max_mem_allocated: 1858 MB
[09/21 10:38:57] ppdet.engine.callbacks INFO: Epoch: [68] [70/88] learning_rate: 0.000775 loss: 0.798664 loss_cls: 0.524753 loss_iou: 0.071634 loss_dfl: 1.585636 eta: 0:08:00 batch_cost: 0.3651 data_cost: 0.0030 ips: 10.9553 images/s, max_mem_reserved: 1935 MB, max_mem_allocated: 1858 MB
[09/21 10:39:01] ppdet.engine.callbacks INFO: Epoch: [68] [80/88] learning_rate: 0.000769 loss: 0.714481 loss_cls: 0.473802 loss_iou: 0.056511 loss_dfl: 1.705174 eta: 0:07:55 batch_cost: 0.3455 data_cost: 0.0030 ips: 11.5791 images/s, max_mem_reserved: 1935 MB, max_mem_allocated: 1858 MB
[09/21 10:39:05] ppdet.engine.callbacks INFO: Epoch: [69] [ 0/88] learning_rate: 0.000765 loss: 0.741821 loss_cls: 0.512962 loss_iou: 0.057733 loss_dfl: 1.346179 eta: 0:07:51 batch_cost: 0.3693 data_cost: 0.0134 ips: 10.8319 images/s, max_mem_reserved: 1935 MB, max_mem_allocated: 1858 MB
[09/21 10:39:09] ppdet.engine.callbacks INFO: Epoch: [69] [10/88] learning_rate: 0.000759 loss: 0.725924 loss_cls: 0.485621 loss_iou: 0.063691 loss_dfl: 1.863694 eta: 0:07:46 batch_cost: 0.3696 data_cost: 0.0026 ips: 10.8223 images/s, max_mem_reserved: 1935 MB, max_mem_allocated: 1858 MB
[09/21 10:39:13] ppdet.engine.callbacks INFO: Epoch: [69] [20/88] learning_rate: 0.000753 loss: 0.702589 loss_cls: 0.486800 loss_iou: 0.058696 loss_dfl: 1.456141 eta: 0:07:41 batch_cost: 0.3535 data_cost: 0.0027 ips: 11.3149 images/s, max_mem_reserved: 1935 MB, max_mem_allocated: 1858 MB
[09/21 10:39:17] ppdet.engine.callbacks INFO: Epoch: [69] [30/88] learning_rate: 0.000747 loss: 0.732456 loss_cls: 0.465277 loss_iou: 0.062254 loss_dfl: 1.648303 eta: 0:07:36 batch_cost: 0.3496 data_cost: 0.0028 ips: 11.4430 images/s, max_mem_reserved: 1935 MB, max_mem_allocated: 1858 MB
[09/21 10:39:21] ppdet.engine.callbacks INFO: Epoch: [69] [40/88] learning_rate: 0.000741 loss: 0.805741 loss_cls: 0.532781 loss_iou: 0.066660 loss_dfl: 1.853181 eta: 0:07:31 batch_cost: 0.3758 data_cost: 0.0028 ips: 10.6444 images/s, max_mem_reserved: 1935 MB, max_mem_allocated: 1858 MB
[09/21 10:39:25] ppdet.engine.callbacks INFO: Epoch: [69] [50/88] learning_rate: 0.000735 loss: 0.673742 loss_cls: 0.481216 loss_iou: 0.057937 loss_dfl: 1.448469 eta: 0:07:26 batch_cost: 0.3541 data_cost: 0.0027 ips: 11.2975 images/s, max_mem_reserved: 1935 MB, max_mem_allocated: 1858 MB
[09/21 10:39:29] ppdet.engine.callbacks INFO: Epoch: [69] [60/88] learning_rate: 0.000729 loss: 0.711365 loss_cls: 0.475924 loss_iou: 0.054540 loss_dfl: 1.621788 eta: 0:07:21 batch_cost: 0.3604 data_cost: 0.0029 ips: 11.0974 images/s, max_mem_reserved: 1935 MB, max_mem_allocated: 1858 MB
[09/21 10:39:33] ppdet.engine.callbacks INFO: Epoch: [69] [70/88] learning_rate: 0.000723 loss: 0.779343 loss_cls: 0.522347 loss_iou: 0.068507 loss_dfl: 1.943631 eta: 0:07:16 batch_cost: 0.3607 data_cost: 0.0028 ips: 11.0887 images/s, max_mem_reserved: 1935 MB, max_mem_allocated: 1858 MB
[09/21 10:39:37] ppdet.engine.callbacks INFO: Epoch: [69] [80/88] learning_rate: 0.000717 loss: 0.781321 loss_cls: 0.508306 loss_iou: 0.071739 loss_dfl: 2.056444 eta: 0:07:11 batch_cost: 0.3671 data_cost: 0.0026 ips: 10.8962 images/s, max_mem_reserved: 1935 MB, max_mem_allocated: 1858 MB
[09/21 10:39:40] ppdet.utils.checkpoint INFO: Save checkpoint: output
[09/21 10:39:40] ppdet.engine.callbacks INFO: Eval iter: 0
[09/21 10:39:44] ppdet.metrics.metrics INFO: Accumulating evaluatation results...
[09/21 10:39:44] ppdet.metrics.metrics INFO: mAP(0.50, 11point) = 81.51%
[09/21 10:39:44] ppdet.engine.callbacks INFO: Total sample number: 100, average FPS: 27.566589454263152
[09/21 10:39:44] ppdet.engine INFO: Best test bbox ap is 0.818.
[09/21 10:39:44] ppdet.engine.callbacks INFO: Epoch: [70] [ 0/88] learning_rate: 0.000713 loss: 0.731431 loss_cls: 0.485463 loss_iou: 0.056232 loss_dfl: 1.836434 eta: 0:07:07 batch_cost: 0.3532 data_cost: 0.0022 ips: 11.3253 images/s, max_mem_reserved: 1935 MB, max_mem_allocated: 1858 MB
[09/21 10:39:48] ppdet.engine.callbacks INFO: Epoch: [70] [10/88] learning_rate: 0.000707 loss: 0.793854 loss_cls: 0.525002 loss_iou: 0.068566 loss_dfl: 1.707488 eta: 0:07:01 batch_cost: 0.3596 data_cost: 0.0027 ips: 11.1247 images/s, max_mem_reserved: 1935 MB, max_mem_allocated: 1858 MB
[09/21 10:39:52] ppdet.engine.callbacks INFO: Epoch: [70] [20/88] learning_rate: 0.000701 loss: 0.738107 loss_cls: 0.486959 loss_iou: 0.064019 loss_dfl: 1.592252 eta: 0:06:56 batch_cost: 0.3551 data_cost: 0.0028 ips: 11.2640 images/s, max_mem_reserved: 1935 MB, max_mem_allocated: 1858 MB
[09/21 10:39:56] ppdet.engine.callbacks INFO: Epoch: [70] [30/88] learning_rate: 0.000695 loss: 0.851406 loss_cls: 0.551289 loss_iou: 0.071562 loss_dfl: 2.103252 eta: 0:06:51 batch_cost: 0.3688 data_cost: 0.0030 ips: 10.8448 images/s, max_mem_reserved: 1935 MB, max_mem_allocated: 1858 MB
[09/21 10:40:00] ppdet.engine.callbacks INFO: Epoch: [70] [40/88] learning_rate: 0.000689 loss: 0.697568 loss_cls: 0.487646 loss_iou: 0.056973 loss_dfl: 2.019228 eta: 0:06:46 batch_cost: 0.3569 data_cost: 0.0030 ips: 11.2073 images/s, max_mem_reserved: 1935 MB, max_mem_allocated: 1858 MB
[09/21 10:40:04] ppdet.engine.callbacks INFO: Epoch: [70] [50/88] learning_rate: 0.000684 loss: 0.699117 loss_cls: 0.470088 loss_iou: 0.063210 loss_dfl: 1.462128 eta: 0:06:41 batch_cost: 0.3698 data_cost: 0.0028 ips: 10.8174 images/s, max_mem_reserved: 1935 MB, max_mem_allocated: 1858 MB
[09/21 10:40:08] ppdet.engine.callbacks INFO: Epoch: [70] [60/88] learning_rate: 0.000678 loss: 0.721653 loss_cls: 0.488303 loss_iou: 0.056183 loss_dfl: 1.595698 eta: 0:06:36 batch_cost: 0.3628 data_cost: 0.0025 ips: 11.0268 images/s, max_mem_reserved: 1935 MB, max_mem_allocated: 1858 MB
[09/21 10:40:12] ppdet.engine.callbacks INFO: Epoch: [70] [70/88] learning_rate: 0.000672 loss: 0.801515 loss_cls: 0.517185 loss_iou: 0.065644 loss_dfl: 2.248994 eta: 0:06:31 batch_cost: 0.3788 data_cost: 0.0029 ips: 10.5585 images/s, max_mem_reserved: 1935 MB, max_mem_allocated: 1858 MB
[09/21 10:40:16] ppdet.engine.callbacks INFO: Epoch: [70] [80/88] learning_rate: 0.000667 loss: 0.758936 loss_cls: 0.491347 loss_iou: 0.059572 loss_dfl: 2.029657 eta: 0:06:26 batch_cost: 0.3594 data_cost: 0.0030 ips: 11.1301 images/s, max_mem_reserved: 1935 MB, max_mem_allocated: 1858 MB
[09/21 10:40:20] ppdet.engine.callbacks INFO: Epoch: [71] [ 0/88] learning_rate: 0.000662 loss: 0.751401 loss_cls: 0.495440 loss_iou: 0.060387 loss_dfl: 1.650974 eta: 0:06:22 batch_cost: 0.3669 data_cost: 0.0129 ips: 10.9015 images/s, max_mem_reserved: 1935 MB, max_mem_allocated: 1858 MB
[09/21 10:40:24] ppdet.engine.callbacks INFO: Epoch: [71] [10/88] learning_rate: 0.000656 loss: 0.743041 loss_cls: 0.496709 loss_iou: 0.064539 loss_dfl: 1.504377 eta: 0:06:17 batch_cost: 0.3622 data_cost: 0.0027 ips: 11.0448 images/s, max_mem_reserved: 1935 MB, max_mem_allocated: 1858 MB
[09/21 10:40:28] ppdet.engine.callbacks INFO: Epoch: [71] [20/88] learning_rate: 0.000651 loss: 0.818877 loss_cls: 0.539809 loss_iou: 0.068866 loss_dfl: 2.346737 eta: 0:06:13 batch_cost: 0.3808 data_cost: 0.0029 ips: 10.5051 images/s, max_mem_reserved: 1935 MB, max_mem_allocated: 1858 MB
[09/21 10:40:32] ppdet.engine.callbacks INFO: Epoch: [71] [30/88] learning_rate: 0.000645 loss: 0.681789 loss_cls: 0.482712 loss_iou: 0.054718 loss_dfl: 1.414396 eta: 0:06:08 batch_cost: 0.3526 data_cost: 0.0027 ips: 11.3446 images/s, max_mem_reserved: 1935 MB, max_mem_allocated: 1858 MB
[09/21 10:40:36] ppdet.engine.callbacks INFO: Epoch: [71] [40/88] learning_rate: 0.000640 loss: 0.748098 loss_cls: 0.504276 loss_iou: 0.057335 loss_dfl: 1.967415 eta: 0:06:03 batch_cost: 0.3594 data_cost: 0.0029 ips: 11.1287 images/s, max_mem_reserved: 1935 MB, max_mem_allocated: 1858 MB
[09/21 10:40:40] ppdet.engine.callbacks INFO: Epoch: [71] [50/88] learning_rate: 0.000634 loss: 0.722734 loss_cls: 0.477840 loss_iou: 0.058749 loss_dfl: 1.590313 eta: 0:05:58 batch_cost: 0.3599 data_cost: 0.0028 ips: 11.1154 images/s, max_mem_reserved: 1935 MB, max_mem_allocated: 1858 MB
[09/21 10:40:44] ppdet.engine.callbacks INFO: Epoch: [71] [60/88] learning_rate: 0.000628 loss: 0.742344 loss_cls: 0.509452 loss_iou: 0.063604 loss_dfl: 1.718760 eta: 0:05:53 batch_cost: 0.3676 data_cost: 0.0029 ips: 10.8802 images/s, max_mem_reserved: 1935 MB, max_mem_allocated: 1858 MB
[09/21 10:40:48] ppdet.engine.callbacks INFO: Epoch: [71] [70/88] learning_rate: 0.000623 loss: 0.724622 loss_cls: 0.492138 loss_iou: 0.057858 loss_dfl: 1.944720 eta: 0:05:48 batch_cost: 0.3570 data_cost: 0.0030 ips: 11.2059 images/s, max_mem_reserved: 1935 MB, max_mem_allocated: 1858 MB
[09/21 10:40:52] ppdet.engine.callbacks INFO: Epoch: [71] [80/88] learning_rate: 0.000617 loss: 0.775150 loss_cls: 0.519715 loss_iou: 0.070185 loss_dfl: 1.745828 eta: 0:05:43 batch_cost: 0.3675 data_cost: 0.0029 ips: 10.8855 images/s, max_mem_reserved: 1935 MB, max_mem_allocated: 1858 MB
[09/21 10:40:55] ppdet.engine.callbacks INFO: Epoch: [72] [ 0/88] learning_rate: 0.000613 loss: 0.757843 loss_cls: 0.523076 loss_iou: 0.065334 loss_dfl: 1.407543 eta: 0:05:39 batch_cost: 0.3634 data_cost: 0.0136 ips: 11.0086 images/s, max_mem_reserved: 1935 MB, max_mem_allocated: 1858 MB
[09/21 10:40:59] ppdet.engine.callbacks INFO: Epoch: [72] [10/88] learning_rate: 0.000607 loss: 0.720013 loss_cls: 0.478397 loss_iou: 0.059747 loss_dfl: 1.999041 eta: 0:05:34 batch_cost: 0.3791 data_cost: 0.0029 ips: 10.5523 images/s, max_mem_reserved: 1935 MB, max_mem_allocated: 1858 MB
[09/21 10:41:03] ppdet.engine.callbacks INFO: Epoch: [72] [20/88] learning_rate: 0.000602 loss: 0.704534 loss_cls: 0.467080 loss_iou: 0.060646 loss_dfl: 1.544765 eta: 0:05:29 batch_cost: 0.3520 data_cost: 0.0029 ips: 11.3634 images/s, max_mem_reserved: 1935 MB, max_mem_allocated: 1858 MB
[09/21 10:41:07] ppdet.engine.callbacks INFO: Epoch: [72] [30/88] learning_rate: 0.000597 loss: 0.766863 loss_cls: 0.509277 loss_iou: 0.067582 loss_dfl: 1.670349 eta: 0:05:24 batch_cost: 0.3528 data_cost: 0.0028 ips: 11.3385 images/s, max_mem_reserved: 1935 MB, max_mem_allocated: 1858 MB
[09/21 10:41:11] ppdet.engine.callbacks INFO: Epoch: [72] [40/88] learning_rate: 0.000591 loss: 0.710801 loss_cls: 0.455877 loss_iou: 0.057850 loss_dfl: 2.071071 eta: 0:05:19 batch_cost: 0.3577 data_cost: 0.0026 ips: 11.1839 images/s, max_mem_reserved: 1935 MB, max_mem_allocated: 1858 MB
[09/21 10:41:15] ppdet.engine.callbacks INFO: Epoch: [72] [50/88] learning_rate: 0.000586 loss: 0.821097 loss_cls: 0.551726 loss_iou: 0.076132 loss_dfl: 1.918538 eta: 0:05:14 batch_cost: 0.3833 data_cost: 0.0027 ips: 10.4367 images/s, max_mem_reserved: 1935 MB, max_mem_allocated: 1858 MB
[09/21 10:41:19] ppdet.engine.callbacks INFO: Epoch: [72] [60/88] learning_rate: 0.000580 loss: 0.715961 loss_cls: 0.472840 loss_iou: 0.057176 loss_dfl: 2.189928 eta: 0:05:09 batch_cost: 0.3507 data_cost: 0.0028 ips: 11.4063 images/s, max_mem_reserved: 1935 MB, max_mem_allocated: 1858 MB
[09/21 10:41:23] ppdet.engine.callbacks INFO: Epoch: [72] [70/88] learning_rate: 0.000575 loss: 0.634395 loss_cls: 0.435797 loss_iou: 0.051484 loss_dfl: 1.558839 eta: 0:05:04 batch_cost: 0.3565 data_cost: 0.0030 ips: 11.2195 images/s, max_mem_reserved: 1935 MB, max_mem_allocated: 1858 MB
[09/21 10:41:27] ppdet.engine.callbacks INFO: Epoch: [72] [80/88] learning_rate: 0.000570 loss: 0.738301 loss_cls: 0.497651 loss_iou: 0.061442 loss_dfl: 1.881549 eta: 0:04:59 batch_cost: 0.3603 data_cost: 0.0023 ips: 11.1017 images/s, max_mem_reserved: 1935 MB, max_mem_allocated: 1858 MB
[09/21 10:41:30] ppdet.engine.callbacks INFO: Epoch: [73] [ 0/88] learning_rate: 0.000565 loss: 0.743276 loss_cls: 0.500181 loss_iou: 0.067502 loss_dfl: 1.728303 eta: 0:04:55 batch_cost: 0.3615 data_cost: 0.0136 ips: 11.0644 images/s, max_mem_reserved: 1935 MB, max_mem_allocated: 1858 MB
[09/21 10:41:34] ppdet.engine.callbacks INFO: Epoch: [73] [10/88] learning_rate: 0.000560 loss: 0.759605 loss_cls: 0.491436 loss_iou: 0.070957 loss_dfl: 1.961454 eta: 0:04:50 batch_cost: 0.3477 data_cost: 0.0027 ips: 11.5047 images/s, max_mem_reserved: 1935 MB, max_mem_allocated: 1858 MB
[09/21 10:41:38] ppdet.engine.callbacks INFO: Epoch: [73] [20/88] learning_rate: 0.000555 loss: 0.830370 loss_cls: 0.526726 loss_iou: 0.073647 loss_dfl: 2.156491 eta: 0:04:46 batch_cost: 0.3781 data_cost: 0.0027 ips: 10.5802 images/s, max_mem_reserved: 1935 MB, max_mem_allocated: 1858 MB
[09/21 10:41:42] ppdet.engine.callbacks INFO: Epoch: [73] [30/88] learning_rate: 0.000550 loss: 0.697963 loss_cls: 0.475274 loss_iou: 0.050193 loss_dfl: 1.788444 eta: 0:04:41 batch_cost: 0.3526 data_cost: 0.0028 ips: 11.3453 images/s, max_mem_reserved: 1935 MB, max_mem_allocated: 1858 MB
[09/21 10:41:47] ppdet.engine.callbacks INFO: Epoch: [73] [40/88] learning_rate: 0.000544 loss: 0.674904 loss_cls: 0.477021 loss_iou: 0.050815 loss_dfl: 1.426295 eta: 0:04:36 batch_cost: 0.3778 data_cost: 0.0028 ips: 10.5872 images/s, max_mem_reserved: 1935 MB, max_mem_allocated: 1858 MB
[09/21 10:41:51] ppdet.engine.callbacks INFO: Epoch: [73] [50/88] learning_rate: 0.000539 loss: 0.730541 loss_cls: 0.498920 loss_iou: 0.063409 loss_dfl: 1.684734 eta: 0:04:31 batch_cost: 0.3615 data_cost: 0.0026 ips: 11.0650 images/s, max_mem_reserved: 1935 MB, max_mem_allocated: 1858 MB
[09/21 10:41:55] ppdet.engine.callbacks INFO: Epoch: [73] [60/88] learning_rate: 0.000534 loss: 0.760435 loss_cls: 0.512227 loss_iou: 0.063927 loss_dfl: 1.880043 eta: 0:04:26 batch_cost: 0.3625 data_cost: 0.0028 ips: 11.0356 images/s, max_mem_reserved: 1935 MB, max_mem_allocated: 1858 MB
[09/21 10:41:59] ppdet.engine.callbacks INFO: Epoch: [73] [70/88] learning_rate: 0.000529 loss: 0.719508 loss_cls: 0.490333 loss_iou: 0.055601 loss_dfl: 1.627070 eta: 0:04:21 batch_cost: 0.3636 data_cost: 0.0029 ips: 11.0025 images/s, max_mem_reserved: 1935 MB, max_mem_allocated: 1858 MB
[09/21 10:42:03] ppdet.engine.callbacks INFO: Epoch: [73] [80/88] learning_rate: 0.000524 loss: 0.709992 loss_cls: 0.489866 loss_iou: 0.064057 loss_dfl: 1.468623 eta: 0:04:16 batch_cost: 0.3698 data_cost: 0.0029 ips: 10.8168 images/s, max_mem_reserved: 1935 MB, max_mem_allocated: 1858 MB
[09/21 10:42:06] ppdet.engine.callbacks INFO: Epoch: [74] [ 0/88] learning_rate: 0.000520 loss: 0.749836 loss_cls: 0.516169 loss_iou: 0.057258 loss_dfl: 1.579382 eta: 0:04:12 batch_cost: 0.3629 data_cost: 0.0131 ips: 11.0212 images/s, max_mem_reserved: 1935 MB, max_mem_allocated: 1858 MB
[09/21 10:42:10] ppdet.engine.callbacks INFO: Epoch: [74] [10/88] learning_rate: 0.000514 loss: 0.781571 loss_cls: 0.517419 loss_iou: 0.068472 loss_dfl: 1.922728 eta: 0:04:07 batch_cost: 0.3620 data_cost: 0.0027 ips: 11.0493 images/s, max_mem_reserved: 1935 MB, max_mem_allocated: 1858 MB
[09/21 10:42:14] ppdet.engine.callbacks INFO: Epoch: [74] [20/88] learning_rate: 0.000509 loss: 0.687287 loss_cls: 0.470493 loss_iou: 0.059182 loss_dfl: 1.489870 eta: 0:04:02 batch_cost: 0.3659 data_cost: 0.0030 ips: 10.9316 images/s, max_mem_reserved: 1935 MB, max_mem_allocated: 1858 MB
[09/21 10:42:18] ppdet.engine.callbacks INFO: Epoch: [74] [30/88] learning_rate: 0.000504 loss: 0.701386 loss_cls: 0.492066 loss_iou: 0.052122 loss_dfl: 1.836236 eta: 0:03:58 batch_cost: 0.3569 data_cost: 0.0025 ips: 11.2089 images/s, max_mem_reserved: 1935 MB, max_mem_allocated: 1858 MB
[09/21 10:42:22] ppdet.engine.callbacks INFO: Epoch: [74] [40/88] learning_rate: 0.000499 loss: 0.672939 loss_cls: 0.450860 loss_iou: 0.056905 loss_dfl: 1.411201 eta: 0:03:53 batch_cost: 0.3497 data_cost: 0.0027 ips: 11.4400 images/s, max_mem_reserved: 1935 MB, max_mem_allocated: 1858 MB
[09/21 10:42:26] ppdet.engine.callbacks INFO: Epoch: [74] [50/88] learning_rate: 0.000494 loss: 0.707644 loss_cls: 0.498519 loss_iou: 0.059009 loss_dfl: 1.427554 eta: 0:03:48 batch_cost: 0.3797 data_cost: 0.0031 ips: 10.5334 images/s, max_mem_reserved: 1935 MB, max_mem_allocated: 1858 MB
[09/21 10:42:30] ppdet.engine.callbacks INFO: Epoch: [74] [60/88] learning_rate: 0.000489 loss: 0.774388 loss_cls: 0.505263 loss_iou: 0.067361 loss_dfl: 1.941555 eta: 0:03:43 batch_cost: 0.3606 data_cost: 0.0030 ips: 11.0928 images/s, max_mem_reserved: 1935 MB, max_mem_allocated: 1858 MB
[09/21 10:42:34] ppdet.engine.callbacks INFO: Epoch: [74] [70/88] learning_rate: 0.000484 loss: 0.665127 loss_cls: 0.473704 loss_iou: 0.050610 loss_dfl: 1.271239 eta: 0:03:38 batch_cost: 0.3593 data_cost: 0.0031 ips: 11.1336 images/s, max_mem_reserved: 1935 MB, max_mem_allocated: 1858 MB
[09/21 10:42:38] ppdet.engine.callbacks INFO: Epoch: [74] [80/88] learning_rate: 0.000479 loss: 0.804531 loss_cls: 0.520712 loss_iou: 0.068262 loss_dfl: 1.778715 eta: 0:03:33 batch_cost: 0.3675 data_cost: 0.0028 ips: 10.8855 images/s, max_mem_reserved: 1935 MB, max_mem_allocated: 1858 MB
[09/21 10:42:42] ppdet.utils.checkpoint INFO: Save checkpoint: output
[09/21 10:42:42] ppdet.engine.callbacks INFO: Eval iter: 0
[09/21 10:42:45] ppdet.metrics.metrics INFO: Accumulating evaluatation results...
[09/21 10:42:45] ppdet.metrics.metrics INFO: mAP(0.50, 11point) = 81.74%
[09/21 10:42:45] ppdet.engine.callbacks INFO: Total sample number: 100, average FPS: 27.02702667871647
[09/21 10:42:45] ppdet.engine INFO: Best test bbox ap is 0.818.
[09/21 10:42:46] ppdet.engine.callbacks INFO: Epoch: [75] [ 0/88] learning_rate: 0.000475 loss: 0.767799 loss_cls: 0.483467 loss_iou: 0.065370 loss_dfl: 2.045742 eta: 0:03:29 batch_cost: 0.3674 data_cost: 0.0030 ips: 10.8886 images/s, max_mem_reserved: 1935 MB, max_mem_allocated: 1858 MB
[09/21 10:42:50] ppdet.engine.callbacks INFO: Epoch: [75] [10/88] learning_rate: 0.000470 loss: 0.761941 loss_cls: 0.504939 loss_iou: 0.061312 loss_dfl: 1.940469 eta: 0:03:25 batch_cost: 0.3616 data_cost: 0.0023 ips: 11.0605 images/s, max_mem_reserved: 1935 MB, max_mem_allocated: 1858 MB
[09/21 10:42:54] ppdet.engine.callbacks INFO: Epoch: [75] [20/88] learning_rate: 0.000466 loss: 0.714951 loss_cls: 0.478398 loss_iou: 0.058729 loss_dfl: 1.629811 eta: 0:03:20 batch_cost: 0.3416 data_cost: 0.0022 ips: 11.7112 images/s, max_mem_reserved: 1935 MB, max_mem_allocated: 1858 MB
[09/21 10:42:58] ppdet.engine.callbacks INFO: Epoch: [75] [30/88] learning_rate: 0.000461 loss: 0.738585 loss_cls: 0.479326 loss_iou: 0.067330 loss_dfl: 1.486656 eta: 0:03:15 batch_cost: 0.3420 data_cost: 0.0022 ips: 11.6959 images/s, max_mem_reserved: 1935 MB, max_mem_allocated: 1858 MB
[09/21 10:43:01] ppdet.engine.callbacks INFO: Epoch: [75] [40/88] learning_rate: 0.000456 loss: 0.686528 loss_cls: 0.465156 loss_iou: 0.060705 loss_dfl: 1.815709 eta: 0:03:10 batch_cost: 0.3510 data_cost: 0.0027 ips: 11.3967 images/s, max_mem_reserved: 1935 MB, max_mem_allocated: 1858 MB
[09/21 10:43:05] ppdet.engine.callbacks INFO: Epoch: [75] [50/88] learning_rate: 0.000451 loss: 0.742552 loss_cls: 0.515133 loss_iou: 0.063560 loss_dfl: 1.554331 eta: 0:03:05 batch_cost: 0.3483 data_cost: 0.0024 ips: 11.4842 images/s, max_mem_reserved: 1935 MB, max_mem_allocated: 1858 MB
[09/21 10:43:09] ppdet.engine.callbacks INFO: Epoch: [75] [60/88] learning_rate: 0.000446 loss: 0.685178 loss_cls: 0.477259 loss_iou: 0.060991 loss_dfl: 1.288679 eta: 0:03:00 batch_cost: 0.3512 data_cost: 0.0022 ips: 11.3910 images/s, max_mem_reserved: 1935 MB, max_mem_allocated: 1858 MB
[09/21 10:43:13] ppdet.engine.callbacks INFO: Epoch: [75] [70/88] learning_rate: 0.000441 loss: 0.702373 loss_cls: 0.481334 loss_iou: 0.058343 loss_dfl: 1.872932 eta: 0:02:56 batch_cost: 0.3626 data_cost: 0.0028 ips: 11.0318 images/s, max_mem_reserved: 1935 MB, max_mem_allocated: 1858 MB
[09/21 10:43:17] ppdet.engine.callbacks INFO: Epoch: [75] [80/88] learning_rate: 0.000437 loss: 0.706615 loss_cls: 0.485016 loss_iou: 0.053391 loss_dfl: 1.828271 eta: 0:02:51 batch_cost: 0.3530 data_cost: 0.0021 ips: 11.3320 images/s, max_mem_reserved: 1935 MB, max_mem_allocated: 1858 MB
[09/21 10:43:20] ppdet.engine.callbacks INFO: Epoch: [76] [ 0/88] learning_rate: 0.000433 loss: 0.738017 loss_cls: 0.500411 loss_iou: 0.066780 loss_dfl: 1.828271 eta: 0:02:47 batch_cost: 0.3817 data_cost: 0.0131 ips: 10.4781 images/s, max_mem_reserved: 1935 MB, max_mem_allocated: 1858 MB
[09/21 10:43:24] ppdet.engine.callbacks INFO: Epoch: [76] [10/88] learning_rate: 0.000428 loss: 0.647066 loss_cls: 0.460601 loss_iou: 0.053915 loss_dfl: 1.076520 eta: 0:02:42 batch_cost: 0.3509 data_cost: 0.0025 ips: 11.3980 images/s, max_mem_reserved: 1935 MB, max_mem_allocated: 1858 MB
[09/21 10:43:28] ppdet.engine.callbacks INFO: Epoch: [76] [20/88] learning_rate: 0.000423 loss: 0.803802 loss_cls: 0.515059 loss_iou: 0.078519 loss_dfl: 1.634453 eta: 0:02:37 batch_cost: 0.3530 data_cost: 0.0022 ips: 11.3320 images/s, max_mem_reserved: 1935 MB, max_mem_allocated: 1858 MB
[09/21 10:43:32] ppdet.engine.callbacks INFO: Epoch: [76] [30/88] learning_rate: 0.000419 loss: 0.767381 loss_cls: 0.489909 loss_iou: 0.064496 loss_dfl: 1.645980 eta: 0:02:32 batch_cost: 0.3577 data_cost: 0.0025 ips: 11.1835 images/s, max_mem_reserved: 1935 MB, max_mem_allocated: 1858 MB
[09/21 10:43:36] ppdet.engine.callbacks INFO: Epoch: [76] [40/88] learning_rate: 0.000414 loss: 0.805408 loss_cls: 0.514222 loss_iou: 0.067134 loss_dfl: 2.147362 eta: 0:02:28 batch_cost: 0.3477 data_cost: 0.0022 ips: 11.5050 images/s, max_mem_reserved: 1935 MB, max_mem_allocated: 1858 MB
[09/21 10:43:40] ppdet.engine.callbacks INFO: Epoch: [76] [50/88] learning_rate: 0.000409 loss: 0.704606 loss_cls: 0.485398 loss_iou: 0.055890 loss_dfl: 1.386529 eta: 0:02:23 batch_cost: 0.3442 data_cost: 0.0029 ips: 11.6224 images/s, max_mem_reserved: 1935 MB, max_mem_allocated: 1858 MB
[09/21 10:43:43] ppdet.engine.callbacks INFO: Epoch: [76] [60/88] learning_rate: 0.000405 loss: 0.727291 loss_cls: 0.490473 loss_iou: 0.059048 loss_dfl: 1.823596 eta: 0:02:18 batch_cost: 0.3439 data_cost: 0.0026 ips: 11.6310 images/s, max_mem_reserved: 1935 MB, max_mem_allocated: 1858 MB
[09/21 10:43:47] ppdet.engine.callbacks INFO: Epoch: [76] [70/88] learning_rate: 0.000400 loss: 0.746341 loss_cls: 0.507769 loss_iou: 0.058484 loss_dfl: 1.658484 eta: 0:02:13 batch_cost: 0.3549 data_cost: 0.0023 ips: 11.2704 images/s, max_mem_reserved: 1935 MB, max_mem_allocated: 1858 MB
[09/21 10:43:51] ppdet.engine.callbacks INFO: Epoch: [76] [80/88] learning_rate: 0.000396 loss: 0.661226 loss_cls: 0.465812 loss_iou: 0.054414 loss_dfl: 1.791289 eta: 0:02:08 batch_cost: 0.3676 data_cost: 0.0023 ips: 10.8821 images/s, max_mem_reserved: 1935 MB, max_mem_allocated: 1858 MB
[09/21 10:43:55] ppdet.engine.callbacks INFO: Epoch: [77] [ 0/88] learning_rate: 0.000392 loss: 0.657702 loss_cls: 0.451696 loss_iou: 0.052938 loss_dfl: 1.358875 eta: 0:02:05 batch_cost: 0.3673 data_cost: 0.0133 ips: 10.8904 images/s, max_mem_reserved: 1935 MB, max_mem_allocated: 1858 MB
[09/21 10:43:59] ppdet.engine.callbacks INFO: Epoch: [77] [10/88] learning_rate: 0.000388 loss: 0.712462 loss_cls: 0.503135 loss_iou: 0.051968 loss_dfl: 1.612949 eta: 0:02:00 batch_cost: 0.3512 data_cost: 0.0021 ips: 11.3885 images/s, max_mem_reserved: 1935 MB, max_mem_allocated: 1858 MB
[09/21 10:44:03] ppdet.engine.callbacks INFO: Epoch: [77] [20/88] learning_rate: 0.000383 loss: 0.677645 loss_cls: 0.475076 loss_iou: 0.056652 loss_dfl: 1.476532 eta: 0:01:55 batch_cost: 0.3575 data_cost: 0.0023 ips: 11.1880 images/s, max_mem_reserved: 1935 MB, max_mem_allocated: 1858 MB
[09/21 10:44:06] ppdet.engine.callbacks INFO: Epoch: [77] [30/88] learning_rate: 0.000379 loss: 0.673506 loss_cls: 0.458961 loss_iou: 0.055940 loss_dfl: 1.440850 eta: 0:01:50 batch_cost: 0.3488 data_cost: 0.0022 ips: 11.4664 images/s, max_mem_reserved: 1935 MB, max_mem_allocated: 1858 MB
[09/21 10:44:10] ppdet.engine.callbacks INFO: Epoch: [77] [40/88] learning_rate: 0.000374 loss: 0.714016 loss_cls: 0.496055 loss_iou: 0.055273 loss_dfl: 1.784549 eta: 0:01:46 batch_cost: 0.3538 data_cost: 0.0025 ips: 11.3058 images/s, max_mem_reserved: 1935 MB, max_mem_allocated: 1858 MB
[09/21 10:44:14] ppdet.engine.callbacks INFO: Epoch: [77] [50/88] learning_rate: 0.000370 loss: 0.713753 loss_cls: 0.483050 loss_iou: 0.055195 loss_dfl: 1.860071 eta: 0:01:41 batch_cost: 0.3484 data_cost: 0.0025 ips: 11.4810 images/s, max_mem_reserved: 1935 MB, max_mem_allocated: 1858 MB
[09/21 10:44:18] ppdet.engine.callbacks INFO: Epoch: [77] [60/88] learning_rate: 0.000365 loss: 0.769951 loss_cls: 0.505647 loss_iou: 0.062425 loss_dfl: 2.543454 eta: 0:01:36 batch_cost: 0.3568 data_cost: 0.0030 ips: 11.2121 images/s, max_mem_reserved: 1935 MB, max_mem_allocated: 1858 MB
[09/21 10:44:22] ppdet.engine.callbacks INFO: Epoch: [77] [70/88] learning_rate: 0.000361 loss: 0.670461 loss_cls: 0.457322 loss_iou: 0.053210 loss_dfl: 1.727382 eta: 0:01:31 batch_cost: 0.3505 data_cost: 0.0024 ips: 11.4134 images/s, max_mem_reserved: 1935 MB, max_mem_allocated: 1858 MB
[09/21 10:44:26] ppdet.engine.callbacks INFO: Epoch: [77] [80/88] learning_rate: 0.000357 loss: 0.776771 loss_cls: 0.506601 loss_iou: 0.071071 loss_dfl: 2.160755 eta: 0:01:26 batch_cost: 0.3664 data_cost: 0.0025 ips: 10.9168 images/s, max_mem_reserved: 1935 MB, max_mem_allocated: 1858 MB
[09/21 10:44:29] ppdet.engine.callbacks INFO: Epoch: [78] [ 0/88] learning_rate: 0.000353 loss: 0.749482 loss_cls: 0.497716 loss_iou: 0.059923 loss_dfl: 1.760879 eta: 0:01:23 batch_cost: 0.3664 data_cost: 0.0135 ips: 10.9169 images/s, max_mem_reserved: 1935 MB, max_mem_allocated: 1858 MB
[09/21 10:44:33] ppdet.engine.callbacks INFO: Epoch: [78] [10/88] learning_rate: 0.000349 loss: 0.702925 loss_cls: 0.489843 loss_iou: 0.059458 loss_dfl: 1.774678 eta: 0:01:18 batch_cost: 0.3543 data_cost: 0.0028 ips: 11.2886 images/s, max_mem_reserved: 1935 MB, max_mem_allocated: 1858 MB
[09/21 10:44:37] ppdet.engine.callbacks INFO: Epoch: [78] [20/88] learning_rate: 0.000345 loss: 0.733603 loss_cls: 0.506200 loss_iou: 0.059314 loss_dfl: 1.696996 eta: 0:01:13 batch_cost: 0.3654 data_cost: 0.0031 ips: 10.9474 images/s, max_mem_reserved: 1935 MB, max_mem_allocated: 1858 MB
[09/21 10:44:41] ppdet.engine.callbacks INFO: Epoch: [78] [30/88] learning_rate: 0.000340 loss: 0.748246 loss_cls: 0.499637 loss_iou: 0.064710 loss_dfl: 1.660465 eta: 0:01:08 batch_cost: 0.3619 data_cost: 0.0026 ips: 11.0523 images/s, max_mem_reserved: 1935 MB, max_mem_allocated: 1858 MB
[09/21 10:44:45] ppdet.engine.callbacks INFO: Epoch: [78] [40/88] learning_rate: 0.000336 loss: 0.730758 loss_cls: 0.500045 loss_iou: 0.058739 loss_dfl: 1.909846 eta: 0:01:04 batch_cost: 0.3596 data_cost: 0.0027 ips: 11.1245 images/s, max_mem_reserved: 1935 MB, max_mem_allocated: 1858 MB
[09/21 10:44:49] ppdet.engine.callbacks INFO: Epoch: [78] [50/88] learning_rate: 0.000332 loss: 0.737396 loss_cls: 0.472942 loss_iou: 0.060657 loss_dfl: 1.927698 eta: 0:00:59 batch_cost: 0.3501 data_cost: 0.0030 ips: 11.4254 images/s, max_mem_reserved: 1935 MB, max_mem_allocated: 1858 MB
[09/21 10:44:52] ppdet.engine.callbacks INFO: Epoch: [78] [60/88] learning_rate: 0.000328 loss: 0.667277 loss_cls: 0.471039 loss_iou: 0.050896 loss_dfl: 1.496199 eta: 0:00:54 batch_cost: 0.3352 data_cost: 0.0023 ips: 11.9346 images/s, max_mem_reserved: 1935 MB, max_mem_allocated: 1858 MB
[09/21 10:44:56] ppdet.engine.callbacks INFO: Epoch: [78] [70/88] learning_rate: 0.000323 loss: 0.692570 loss_cls: 0.488607 loss_iou: 0.057311 loss_dfl: 1.470125 eta: 0:00:49 batch_cost: 0.3612 data_cost: 0.0023 ips: 11.0746 images/s, max_mem_reserved: 1935 MB, max_mem_allocated: 1858 MB
[09/21 10:45:00] ppdet.engine.callbacks INFO: Epoch: [78] [80/88] learning_rate: 0.000319 loss: 0.758857 loss_cls: 0.509057 loss_iou: 0.057890 loss_dfl: 1.954385 eta: 0:00:45 batch_cost: 0.3536 data_cost: 0.0024 ips: 11.3128 images/s, max_mem_reserved: 1935 MB, max_mem_allocated: 1858 MB
[09/21 10:45:03] ppdet.engine.callbacks INFO: Epoch: [79] [ 0/88] learning_rate: 0.000316 loss: 0.861383 loss_cls: 0.535570 loss_iou: 0.081031 loss_dfl: 2.190433 eta: 0:00:41 batch_cost: 0.3629 data_cost: 0.0134 ips: 11.0208 images/s, max_mem_reserved: 1935 MB, max_mem_allocated: 1858 MB
[09/21 10:45:08] ppdet.engine.callbacks INFO: Epoch: [79] [10/88] learning_rate: 0.000312 loss: 0.771618 loss_cls: 0.531777 loss_iou: 0.065468 loss_dfl: 2.125067 eta: 0:00:36 batch_cost: 0.3582 data_cost: 0.0022 ips: 11.1660 images/s, max_mem_reserved: 1935 MB, max_mem_allocated: 1858 MB
[09/21 10:45:11] ppdet.engine.callbacks INFO: Epoch: [79] [20/88] learning_rate: 0.000308 loss: 0.725925 loss_cls: 0.488570 loss_iou: 0.054940 loss_dfl: 1.848546 eta: 0:00:32 batch_cost: 0.3501 data_cost: 0.0025 ips: 11.4244 images/s, max_mem_reserved: 1935 MB, max_mem_allocated: 1858 MB
[09/21 10:45:15] ppdet.engine.callbacks INFO: Epoch: [79] [30/88] learning_rate: 0.000304 loss: 0.720373 loss_cls: 0.471738 loss_iou: 0.061833 loss_dfl: 1.878735 eta: 0:00:27 batch_cost: 0.3527 data_cost: 0.0028 ips: 11.3395 images/s, max_mem_reserved: 1935 MB, max_mem_allocated: 1858 MB
[09/21 10:45:19] ppdet.engine.callbacks INFO: Epoch: [79] [40/88] learning_rate: 0.000300 loss: 0.720784 loss_cls: 0.468761 loss_iou: 0.054631 loss_dfl: 2.121328 eta: 0:00:22 batch_cost: 0.3535 data_cost: 0.0024 ips: 11.3150 images/s, max_mem_reserved: 1935 MB, max_mem_allocated: 1858 MB
[09/21 10:45:24] ppdet.engine.callbacks INFO: Epoch: [79] [50/88] learning_rate: 0.000296 loss: 0.716499 loss_cls: 0.461718 loss_iou: 0.056079 loss_dfl: 1.559662 eta: 0:00:17 batch_cost: 0.3493 data_cost: 0.0027 ips: 11.4515 images/s, max_mem_reserved: 1935 MB, max_mem_allocated: 1858 MB
[09/21 10:45:28] ppdet.engine.callbacks INFO: Epoch: [79] [60/88] learning_rate: 0.000292 loss: 0.687209 loss_cls: 0.475825 loss_iou: 0.054727 loss_dfl: 1.613548 eta: 0:00:13 batch_cost: 0.3657 data_cost: 0.0028 ips: 10.9365 images/s, max_mem_reserved: 1935 MB, max_mem_allocated: 1858 MB
[09/21 10:45:32] ppdet.engine.callbacks INFO: Epoch: [79] [70/88] learning_rate: 0.000288 loss: 0.739343 loss_cls: 0.496513 loss_iou: 0.059612 loss_dfl: 1.851190 eta: 0:00:08 batch_cost: 0.3598 data_cost: 0.0020 ips: 11.1169 images/s, max_mem_reserved: 1935 MB, max_mem_allocated: 1858 MB
[09/21 10:45:36] ppdet.engine.callbacks INFO: Epoch: [79] [80/88] learning_rate: 0.000284 loss: 0.811641 loss_cls: 0.506479 loss_iou: 0.068019 loss_dfl: 1.841979 eta: 0:00:03 batch_cost: 0.3684 data_cost: 0.0015 ips: 10.8573 images/s, max_mem_reserved: 1935 MB, max_mem_allocated: 1858 MB
[09/21 10:45:39] ppdet.utils.checkpoint INFO: Save checkpoint: output
[09/21 10:45:39] ppdet.engine.callbacks INFO: Eval iter: 0
[09/21 10:45:43] ppdet.metrics.metrics INFO: Accumulating evaluatation results...
[09/21 10:45:43] ppdet.metrics.metrics INFO: mAP(0.50, 11point) = 81.67%
[09/21 10:45:43] ppdet.engine.callbacks INFO: Total sample number: 100, average FPS: 24.45350608360767
[09/21 10:45:43] ppdet.engine INFO: Best test bbox ap is 0.818.
