Warning: Unable to use numba in PP-Tracking, please install numba, for example(python3.7): `pip install numba==0.56.4`
Warning: Unable to use numba in PP-Tracking, please install numba, for example(python3.7): `pip install numba==0.56.4`
loading annotations into memory...
Done (t=0.02s)
creating index...
index created!
[09/21 15:08:21] ppdet.data.source.coco INFO: Load [1065 samples valid, 0 samples invalid] in file dataset/banknotes_obb\annotations/train_plus_aug.json.
[09/21 15:08:27] ppdet.utils.checkpoint INFO: The shape [15] in pretrained weight yolo_head.pred_cls.0.bias is unmatched with the shape [1] in model yolo_head.pred_cls.0.bias. And the weight yolo_head.pred_cls.0.bias will not be loaded
[09/21 15:08:27] ppdet.utils.checkpoint INFO: The shape [15, 384, 3, 3] in pretrained weight yolo_head.pred_cls.0.weight is unmatched with the shape [1, 384, 3, 3] in model yolo_head.pred_cls.0.weight. And the weight yolo_head.pred_cls.0.weight will not be loaded
[09/21 15:08:27] ppdet.utils.checkpoint INFO: The shape [15] in pretrained weight yolo_head.pred_cls.1.bias is unmatched with the shape [1] in model yolo_head.pred_cls.1.bias. And the weight yolo_head.pred_cls.1.bias will not be loaded
[09/21 15:08:27] ppdet.utils.checkpoint INFO: The shape [15, 192, 3, 3] in pretrained weight yolo_head.pred_cls.1.weight is unmatched with the shape [1, 192, 3, 3] in model yolo_head.pred_cls.1.weight. And the weight yolo_head.pred_cls.1.weight will not be loaded
[09/21 15:08:27] ppdet.utils.checkpoint INFO: The shape [15] in pretrained weight yolo_head.pred_cls.2.bias is unmatched with the shape [1] in model yolo_head.pred_cls.2.bias. And the weight yolo_head.pred_cls.2.bias will not be loaded
[09/21 15:08:27] ppdet.utils.checkpoint INFO: The shape [15, 96, 3, 3] in pretrained weight yolo_head.pred_cls.2.weight is unmatched with the shape [1, 96, 3, 3] in model yolo_head.pred_cls.2.weight. And the weight yolo_head.pred_cls.2.weight will not be loaded
[09/21 15:08:27] ppdet.utils.checkpoint INFO: Finish loading model weights: C:\Users\Clara/.cache/paddle/weights\ppyoloe_r_crn_s_3x_dota.pdparams
[09/21 15:08:29] ppdet.engine.callbacks INFO: Epoch: [0] [  0/266] learning_rate: 0.000000 loss: 2.534420 loss_cls: 1.455909 loss_iou: 0.357201 loss_dfl: 3.710171 eta: 7:11:45 batch_cost: 2.4347 data_cost: 0.0098 ips: 1.6429 images/s, max_mem_reserved: 1935 MB, max_mem_allocated: 1613 MB
[09/21 15:08:33] ppdet.engine.callbacks INFO: Epoch: [0] [ 10/266] learning_rate: 0.000200 loss: 2.415416 loss_cls: 1.440600 loss_iou: 0.323425 loss_dfl: 3.813724 eta: 1:40:09 batch_cost: 0.3784 data_cost: 0.0025 ips: 10.5716 images/s, max_mem_reserved: 1935 MB, max_mem_allocated: 1827 MB
[09/21 15:08:38] ppdet.engine.callbacks INFO: Epoch: [0] [ 20/266] learning_rate: 0.000400 loss: 2.010366 loss_cls: 1.031381 loss_iou: 0.297807 loss_dfl: 3.878889 eta: 1:25:09 batch_cost: 0.3886 data_cost: 0.0021 ips: 10.2941 images/s, max_mem_reserved: 1935 MB, max_mem_allocated: 1827 MB
[09/21 15:08:42] ppdet.engine.callbacks INFO: Epoch: [0] [ 30/266] learning_rate: 0.000600 loss: 1.974185 loss_cls: 1.051051 loss_iou: 0.293378 loss_dfl: 3.582629 eta: 1:19:46 batch_cost: 0.3880 data_cost: 0.0030 ips: 10.3090 images/s, max_mem_reserved: 2083 MB, max_mem_allocated: 1865 MB
[09/21 15:08:47] ppdet.engine.callbacks INFO: Epoch: [0] [ 40/266] learning_rate: 0.000800 loss: 1.836241 loss_cls: 1.012202 loss_iou: 0.275283 loss_dfl: 3.455598 eta: 1:17:12 batch_cost: 0.3935 data_cost: 0.0034 ips: 10.1657 images/s, max_mem_reserved: 2083 MB, max_mem_allocated: 1865 MB
[09/21 15:08:51] ppdet.engine.callbacks INFO: Epoch: [0] [ 50/266] learning_rate: 0.001000 loss: 1.793093 loss_cls: 0.979999 loss_iou: 0.254805 loss_dfl: 3.592740 eta: 1:15:01 batch_cost: 0.3760 data_cost: 0.0023 ips: 10.6372 images/s, max_mem_reserved: 2083 MB, max_mem_allocated: 1865 MB
[09/21 15:08:55] ppdet.engine.callbacks INFO: Epoch: [0] [ 60/266] learning_rate: 0.001200 loss: 1.701461 loss_cls: 0.900097 loss_iou: 0.249706 loss_dfl: 3.766189 eta: 1:13:42 batch_cost: 0.3817 data_cost: 0.0024 ips: 10.4804 images/s, max_mem_reserved: 2083 MB, max_mem_allocated: 1865 MB
[09/21 15:08:59] ppdet.engine.callbacks INFO: Epoch: [0] [ 70/266] learning_rate: 0.001400 loss: 1.739032 loss_cls: 1.020489 loss_iou: 0.220529 loss_dfl: 3.554485 eta: 1:13:02 batch_cost: 0.3941 data_cost: 0.0024 ips: 10.1509 images/s, max_mem_reserved: 2083 MB, max_mem_allocated: 1865 MB
[09/21 15:09:04] ppdet.engine.callbacks INFO: Epoch: [0] [ 80/266] learning_rate: 0.001600 loss: 1.752878 loss_cls: 0.986684 loss_iou: 0.226705 loss_dfl: 3.893904 eta: 1:12:20 batch_cost: 0.3855 data_cost: 0.0021 ips: 10.3774 images/s, max_mem_reserved: 2083 MB, max_mem_allocated: 1865 MB
[09/21 15:09:08] ppdet.engine.callbacks INFO: Epoch: [0] [ 90/266] learning_rate: 0.001800 loss: 1.707910 loss_cls: 0.945426 loss_iou: 0.240446 loss_dfl: 3.340669 eta: 1:11:53 batch_cost: 0.3919 data_cost: 0.0027 ips: 10.2075 images/s, max_mem_reserved: 2249 MB, max_mem_allocated: 1902 MB
[09/21 15:09:12] ppdet.engine.callbacks INFO: Epoch: [0] [100/266] learning_rate: 0.002000 loss: 1.713417 loss_cls: 0.988230 loss_iou: 0.221009 loss_dfl: 3.613993 eta: 1:11:29 batch_cost: 0.3890 data_cost: 0.0029 ips: 10.2819 images/s, max_mem_reserved: 2249 MB, max_mem_allocated: 1940 MB
[09/21 15:09:16] ppdet.engine.callbacks INFO: Epoch: [0] [110/266] learning_rate: 0.002200 loss: 1.683377 loss_cls: 0.942265 loss_iou: 0.230770 loss_dfl: 3.143601 eta: 1:10:54 batch_cost: 0.3749 data_cost: 0.0023 ips: 10.6709 images/s, max_mem_reserved: 2249 MB, max_mem_allocated: 1940 MB
[09/21 15:09:21] ppdet.engine.callbacks INFO: Epoch: [0] [120/266] learning_rate: 0.002400 loss: 1.684451 loss_cls: 0.993629 loss_iou: 0.208750 loss_dfl: 3.521521 eta: 1:10:28 batch_cost: 0.3787 data_cost: 0.0022 ips: 10.5629 images/s, max_mem_reserved: 2249 MB, max_mem_allocated: 1940 MB
[09/21 15:09:25] ppdet.engine.callbacks INFO: Epoch: [0] [130/266] learning_rate: 0.002600 loss: 1.701151 loss_cls: 1.033127 loss_iou: 0.213511 loss_dfl: 3.141205 eta: 1:10:20 batch_cost: 0.3972 data_cost: 0.0031 ips: 10.0694 images/s, max_mem_reserved: 2249 MB, max_mem_allocated: 1940 MB
[09/21 15:09:29] ppdet.engine.callbacks INFO: Epoch: [0] [140/266] learning_rate: 0.002800 loss: 1.718972 loss_cls: 1.043043 loss_iou: 0.198830 loss_dfl: 3.643428 eta: 1:10:06 batch_cost: 0.3883 data_cost: 0.0029 ips: 10.3012 images/s, max_mem_reserved: 2249 MB, max_mem_allocated: 1940 MB
[09/21 15:09:34] ppdet.engine.callbacks INFO: Epoch: [0] [150/266] learning_rate: 0.003000 loss: 1.786431 loss_cls: 1.051263 loss_iou: 0.227081 loss_dfl: 3.644110 eta: 1:09:58 batch_cost: 0.3950 data_cost: 0.0025 ips: 10.1257 images/s, max_mem_reserved: 2249 MB, max_mem_allocated: 1940 MB
[09/21 15:09:38] ppdet.engine.callbacks INFO: Epoch: [0] [160/266] learning_rate: 0.003200 loss: 1.792948 loss_cls: 1.056639 loss_iou: 0.217853 loss_dfl: 3.630248 eta: 1:09:50 batch_cost: 0.3931 data_cost: 0.0029 ips: 10.1751 images/s, max_mem_reserved: 2249 MB, max_mem_allocated: 1940 MB
[09/21 15:09:42] ppdet.engine.callbacks INFO: Epoch: [0] [170/266] learning_rate: 0.003400 loss: 1.842830 loss_cls: 1.122142 loss_iou: 0.201791 loss_dfl: 3.815672 eta: 1:09:35 batch_cost: 0.3827 data_cost: 0.0026 ips: 10.4508 images/s, max_mem_reserved: 2249 MB, max_mem_allocated: 1940 MB
[09/21 15:09:47] ppdet.engine.callbacks INFO: Epoch: [0] [180/266] learning_rate: 0.003600 loss: 1.836268 loss_cls: 1.078007 loss_iou: 0.227774 loss_dfl: 3.537309 eta: 1:09:27 batch_cost: 0.3916 data_cost: 0.0024 ips: 10.2138 images/s, max_mem_reserved: 2249 MB, max_mem_allocated: 1940 MB
[09/21 15:09:51] ppdet.engine.callbacks INFO: Epoch: [0] [190/266] learning_rate: 0.003800 loss: 1.828259 loss_cls: 1.087834 loss_iou: 0.212052 loss_dfl: 3.578586 eta: 1:09:22 batch_cost: 0.3966 data_cost: 0.0030 ips: 10.0860 images/s, max_mem_reserved: 2249 MB, max_mem_allocated: 1940 MB
[09/21 15:09:55] ppdet.engine.callbacks INFO: Epoch: [0] [200/266] learning_rate: 0.004000 loss: 1.770702 loss_cls: 1.036882 loss_iou: 0.219887 loss_dfl: 3.892403 eta: 1:09:17 batch_cost: 0.3968 data_cost: 0.0024 ips: 10.0803 images/s, max_mem_reserved: 2249 MB, max_mem_allocated: 1940 MB
[09/21 15:10:00] ppdet.engine.callbacks INFO: Epoch: [0] [210/266] learning_rate: 0.004000 loss: 1.756094 loss_cls: 1.102543 loss_iou: 0.200890 loss_dfl: 3.561286 eta: 1:09:05 batch_cost: 0.3824 data_cost: 0.0025 ips: 10.4609 images/s, max_mem_reserved: 2249 MB, max_mem_allocated: 1940 MB
[09/21 15:10:04] ppdet.engine.callbacks INFO: Epoch: [0] [220/266] learning_rate: 0.004000 loss: 1.814478 loss_cls: 1.079782 loss_iou: 0.229803 loss_dfl: 3.835423 eta: 1:09:00 batch_cost: 0.3934 data_cost: 0.0028 ips: 10.1679 images/s, max_mem_reserved: 2249 MB, max_mem_allocated: 1940 MB
[09/21 15:10:08] ppdet.engine.callbacks INFO: Epoch: [0] [230/266] learning_rate: 0.004000 loss: 1.776969 loss_cls: 1.083275 loss_iou: 0.205819 loss_dfl: 3.447720 eta: 1:08:52 batch_cost: 0.3900 data_cost: 0.0029 ips: 10.2552 images/s, max_mem_reserved: 2249 MB, max_mem_allocated: 1940 MB
[09/21 15:10:13] ppdet.engine.callbacks INFO: Epoch: [0] [240/266] learning_rate: 0.004000 loss: 1.668474 loss_cls: 1.068927 loss_iou: 0.181330 loss_dfl: 3.311982 eta: 1:08:41 batch_cost: 0.3792 data_cost: 0.0024 ips: 10.5487 images/s, max_mem_reserved: 2249 MB, max_mem_allocated: 1940 MB
[09/21 15:10:17] ppdet.engine.callbacks INFO: Epoch: [0] [250/266] learning_rate: 0.004000 loss: 1.787507 loss_cls: 1.115323 loss_iou: 0.196997 loss_dfl: 3.551312 eta: 1:08:31 batch_cost: 0.3815 data_cost: 0.0026 ips: 10.4856 images/s, max_mem_reserved: 2249 MB, max_mem_allocated: 1940 MB
[09/21 15:10:21] ppdet.engine.callbacks INFO: Epoch: [0] [260/266] learning_rate: 0.004000 loss: 1.744645 loss_cls: 1.048002 loss_iou: 0.186286 loss_dfl: 3.682033 eta: 1:08:33 batch_cost: 0.4116 data_cost: 0.0025 ips: 9.7192 images/s, max_mem_reserved: 2249 MB, max_mem_allocated: 1940 MB
[09/21 15:10:24] ppdet.engine.callbacks INFO: Epoch: [1] [  0/266] learning_rate: 0.004000 loss: 1.742390 loss_cls: 1.028426 loss_iou: 0.218137 loss_dfl: 3.717036 eta: 1:08:45 batch_cost: 0.4415 data_cost: 0.0351 ips: 9.0594 images/s, max_mem_reserved: 2249 MB, max_mem_allocated: 1940 MB
[09/21 15:10:29] ppdet.engine.callbacks INFO: Epoch: [1] [ 10/266] learning_rate: 0.004000 loss: 1.764343 loss_cls: 1.100281 loss_iou: 0.203694 loss_dfl: 3.308763 eta: 1:08:42 batch_cost: 0.4003 data_cost: 0.0017 ips: 9.9924 images/s, max_mem_reserved: 2249 MB, max_mem_allocated: 1940 MB
[09/21 15:10:33] ppdet.engine.callbacks INFO: Epoch: [1] [ 20/266] learning_rate: 0.004000 loss: 1.740659 loss_cls: 1.101205 loss_iou: 0.203715 loss_dfl: 3.303481 eta: 1:08:40 batch_cost: 0.4029 data_cost: 0.0015 ips: 9.9283 images/s, max_mem_reserved: 2249 MB, max_mem_allocated: 1978 MB
[09/21 15:10:38] ppdet.engine.callbacks INFO: Epoch: [1] [ 30/266] learning_rate: 0.003999 loss: 1.768772 loss_cls: 1.070541 loss_iou: 0.202793 loss_dfl: 3.638537 eta: 1:08:30 batch_cost: 0.3810 data_cost: 0.0019 ips: 10.4978 images/s, max_mem_reserved: 2249 MB, max_mem_allocated: 1978 MB
[09/21 15:10:42] ppdet.engine.callbacks INFO: Epoch: [1] [ 40/266] learning_rate: 0.003999 loss: 1.720676 loss_cls: 1.058729 loss_iou: 0.197941 loss_dfl: 3.102194 eta: 1:08:21 batch_cost: 0.3836 data_cost: 0.0020 ips: 10.4285 images/s, max_mem_reserved: 2249 MB, max_mem_allocated: 1978 MB
[09/21 15:10:46] ppdet.engine.callbacks INFO: Epoch: [1] [ 50/266] learning_rate: 0.003999 loss: 1.707918 loss_cls: 1.077442 loss_iou: 0.183643 loss_dfl: 3.128767 eta: 1:08:13 batch_cost: 0.3836 data_cost: 0.0019 ips: 10.4275 images/s, max_mem_reserved: 2249 MB, max_mem_allocated: 1978 MB
[09/21 15:10:51] ppdet.engine.callbacks INFO: Epoch: [1] [ 60/266] learning_rate: 0.003999 loss: 1.728941 loss_cls: 1.082512 loss_iou: 0.195263 loss_dfl: 3.130060 eta: 1:08:09 batch_cost: 0.3965 data_cost: 0.0031 ips: 10.0871 images/s, max_mem_reserved: 2249 MB, max_mem_allocated: 1978 MB
[09/21 15:10:55] ppdet.engine.callbacks INFO: Epoch: [1] [ 70/266] learning_rate: 0.003999 loss: 1.661855 loss_cls: 1.074328 loss_iou: 0.183512 loss_dfl: 3.308304 eta: 1:07:55 batch_cost: 0.3648 data_cost: 0.0026 ips: 10.9654 images/s, max_mem_reserved: 2249 MB, max_mem_allocated: 1978 MB
[09/21 15:10:59] ppdet.engine.callbacks INFO: Epoch: [1] [ 80/266] learning_rate: 0.003999 loss: 1.659343 loss_cls: 1.035372 loss_iou: 0.179109 loss_dfl: 3.240753 eta: 1:07:49 batch_cost: 0.3875 data_cost: 0.0036 ips: 10.3236 images/s, max_mem_reserved: 2249 MB, max_mem_allocated: 1978 MB
[09/21 15:11:03] ppdet.engine.callbacks INFO: Epoch: [1] [ 90/266] learning_rate: 0.003998 loss: 1.662785 loss_cls: 1.032186 loss_iou: 0.192087 loss_dfl: 4.012399 eta: 1:07:46 batch_cost: 0.3984 data_cost: 0.0026 ips: 10.0409 images/s, max_mem_reserved: 2249 MB, max_mem_allocated: 1978 MB
[09/21 15:11:08] ppdet.engine.callbacks INFO: Epoch: [1] [100/266] learning_rate: 0.003998 loss: 1.729510 loss_cls: 1.031396 loss_iou: 0.209558 loss_dfl: 3.409758 eta: 1:07:42 batch_cost: 0.3957 data_cost: 0.0030 ips: 10.1093 images/s, max_mem_reserved: 2249 MB, max_mem_allocated: 1978 MB
[09/21 15:11:12] ppdet.engine.callbacks INFO: Epoch: [1] [110/266] learning_rate: 0.003998 loss: 1.734365 loss_cls: 1.095984 loss_iou: 0.204701 loss_dfl: 3.338919 eta: 1:07:35 batch_cost: 0.3847 data_cost: 0.0027 ips: 10.3973 images/s, max_mem_reserved: 2249 MB, max_mem_allocated: 1978 MB
[09/21 15:11:16] ppdet.engine.callbacks INFO: Epoch: [1] [120/266] learning_rate: 0.003998 loss: 1.707234 loss_cls: 1.077735 loss_iou: 0.191990 loss_dfl: 3.322421 eta: 1:07:28 batch_cost: 0.3819 data_cost: 0.0028 ips: 10.4745 images/s, max_mem_reserved: 2249 MB, max_mem_allocated: 1978 MB
[09/21 15:11:21] ppdet.engine.callbacks INFO: Epoch: [1] [130/266] learning_rate: 0.003998 loss: 1.667178 loss_cls: 1.057725 loss_iou: 0.186483 loss_dfl: 3.033596 eta: 1:07:23 batch_cost: 0.3914 data_cost: 0.0025 ips: 10.2204 images/s, max_mem_reserved: 2249 MB, max_mem_allocated: 1978 MB
[09/21 15:11:25] ppdet.engine.callbacks INFO: Epoch: [1] [140/266] learning_rate: 0.003997 loss: 1.695803 loss_cls: 1.022369 loss_iou: 0.204142 loss_dfl: 3.433489 eta: 1:07:17 batch_cost: 0.3871 data_cost: 0.0027 ips: 10.3344 images/s, max_mem_reserved: 2249 MB, max_mem_allocated: 1978 MB
[09/21 15:11:29] ppdet.engine.callbacks INFO: Epoch: [1] [150/266] learning_rate: 0.003997 loss: 1.723327 loss_cls: 1.100462 loss_iou: 0.174592 loss_dfl: 3.772889 eta: 1:07:13 batch_cost: 0.3944 data_cost: 0.0030 ips: 10.1432 images/s, max_mem_reserved: 2249 MB, max_mem_allocated: 1978 MB
[09/21 15:11:34] ppdet.engine.callbacks INFO: Epoch: [1] [160/266] learning_rate: 0.003997 loss: 1.735169 loss_cls: 1.047464 loss_iou: 0.202946 loss_dfl: 3.164830 eta: 1:07:10 batch_cost: 0.3969 data_cost: 0.0027 ips: 10.0786 images/s, max_mem_reserved: 2249 MB, max_mem_allocated: 1978 MB
[09/21 15:11:38] ppdet.engine.callbacks INFO: Epoch: [1] [170/266] learning_rate: 0.003997 loss: 1.677896 loss_cls: 1.042799 loss_iou: 0.188886 loss_dfl: 3.422586 eta: 1:07:05 batch_cost: 0.3901 data_cost: 0.0028 ips: 10.2539 images/s, max_mem_reserved: 2249 MB, max_mem_allocated: 1978 MB
[09/21 15:11:42] ppdet.engine.callbacks INFO: Epoch: [1] [180/266] learning_rate: 0.003996 loss: 1.657212 loss_cls: 1.005062 loss_iou: 0.176634 loss_dfl: 3.659993 eta: 1:07:04 batch_cost: 0.4081 data_cost: 0.0022 ips: 9.8008 images/s, max_mem_reserved: 2249 MB, max_mem_allocated: 1978 MB
[09/21 15:11:47] ppdet.engine.callbacks INFO: Epoch: [1] [190/266] learning_rate: 0.003996 loss: 1.664452 loss_cls: 1.005587 loss_iou: 0.196733 loss_dfl: 3.567711 eta: 1:07:01 batch_cost: 0.3993 data_cost: 0.0030 ips: 10.0178 images/s, max_mem_reserved: 2249 MB, max_mem_allocated: 1978 MB
[09/21 15:11:51] ppdet.engine.callbacks INFO: Epoch: [1] [200/266] learning_rate: 0.003996 loss: 1.668595 loss_cls: 1.022952 loss_iou: 0.200156 loss_dfl: 3.442777 eta: 1:06:55 batch_cost: 0.3863 data_cost: 0.0028 ips: 10.3552 images/s, max_mem_reserved: 2249 MB, max_mem_allocated: 1978 MB
[09/21 15:11:55] ppdet.engine.callbacks INFO: Epoch: [1] [210/266] learning_rate: 0.003995 loss: 1.696153 loss_cls: 1.039954 loss_iou: 0.186818 loss_dfl: 3.359321 eta: 1:06:51 batch_cost: 0.3951 data_cost: 0.0025 ips: 10.1242 images/s, max_mem_reserved: 2249 MB, max_mem_allocated: 1978 MB
[09/21 15:12:00] ppdet.engine.callbacks INFO: Epoch: [1] [220/266] learning_rate: 0.003995 loss: 1.659526 loss_cls: 1.013403 loss_iou: 0.186918 loss_dfl: 3.280828 eta: 1:06:48 batch_cost: 0.3973 data_cost: 0.0023 ips: 10.0685 images/s, max_mem_reserved: 2249 MB, max_mem_allocated: 1978 MB
[09/21 15:12:04] ppdet.engine.callbacks INFO: Epoch: [1] [230/266] learning_rate: 0.003995 loss: 1.719530 loss_cls: 1.053109 loss_iou: 0.195600 loss_dfl: 3.621172 eta: 1:06:45 batch_cost: 0.3999 data_cost: 0.0031 ips: 10.0015 images/s, max_mem_reserved: 2249 MB, max_mem_allocated: 1978 MB
[09/21 15:12:09] ppdet.engine.callbacks INFO: Epoch: [1] [240/266] learning_rate: 0.003994 loss: 1.677291 loss_cls: 1.039309 loss_iou: 0.193357 loss_dfl: 2.962000 eta: 1:06:43 batch_cost: 0.4066 data_cost: 0.0025 ips: 9.8374 images/s, max_mem_reserved: 2249 MB, max_mem_allocated: 1978 MB
[09/21 15:12:13] ppdet.engine.callbacks INFO: Epoch: [1] [250/266] learning_rate: 0.003994 loss: 1.671132 loss_cls: 1.055529 loss_iou: 0.198494 loss_dfl: 3.199165 eta: 1:06:39 batch_cost: 0.3929 data_cost: 0.0026 ips: 10.1796 images/s, max_mem_reserved: 2249 MB, max_mem_allocated: 1978 MB
[09/21 15:12:17] ppdet.engine.callbacks INFO: Epoch: [1] [260/266] learning_rate: 0.003993 loss: 1.680463 loss_cls: 1.059541 loss_iou: 0.173180 loss_dfl: 3.144746 eta: 1:06:34 batch_cost: 0.3924 data_cost: 0.0028 ips: 10.1944 images/s, max_mem_reserved: 2249 MB, max_mem_allocated: 1978 MB
[09/21 15:12:20] ppdet.engine.callbacks INFO: Epoch: [2] [  0/266] learning_rate: 0.003993 loss: 1.674261 loss_cls: 1.047823 loss_iou: 0.181221 loss_dfl: 3.291974 eta: 1:06:36 batch_cost: 0.4158 data_cost: 0.0343 ips: 9.6201 images/s, max_mem_reserved: 2249 MB, max_mem_allocated: 1978 MB
[09/21 15:12:25] ppdet.engine.callbacks INFO: Epoch: [2] [ 10/266] learning_rate: 0.003993 loss: 1.656507 loss_cls: 1.048414 loss_iou: 0.172132 loss_dfl: 3.215213 eta: 1:06:31 batch_cost: 0.3903 data_cost: 0.0015 ips: 10.2480 images/s, max_mem_reserved: 2249 MB, max_mem_allocated: 1978 MB
[09/21 15:12:29] ppdet.engine.callbacks INFO: Epoch: [2] [ 20/266] learning_rate: 0.003992 loss: 1.639673 loss_cls: 1.060662 loss_iou: 0.172814 loss_dfl: 3.065991 eta: 1:06:24 batch_cost: 0.3773 data_cost: 0.0014 ips: 10.6020 images/s, max_mem_reserved: 2249 MB, max_mem_allocated: 1978 MB
[09/21 15:12:33] ppdet.engine.callbacks INFO: Epoch: [2] [ 30/266] learning_rate: 0.003992 loss: 1.606512 loss_cls: 1.022936 loss_iou: 0.172922 loss_dfl: 3.225244 eta: 1:06:19 batch_cost: 0.3927 data_cost: 0.0020 ips: 10.1859 images/s, max_mem_reserved: 2249 MB, max_mem_allocated: 1978 MB
[09/21 15:12:38] ppdet.engine.callbacks INFO: Epoch: [2] [ 40/266] learning_rate: 0.003991 loss: 1.634278 loss_cls: 1.028843 loss_iou: 0.185907 loss_dfl: 3.569538 eta: 1:06:16 batch_cost: 0.3997 data_cost: 0.0023 ips: 10.0086 images/s, max_mem_reserved: 2249 MB, max_mem_allocated: 1978 MB
[09/21 15:12:42] ppdet.engine.callbacks INFO: Epoch: [2] [ 50/266] learning_rate: 0.003991 loss: 1.736894 loss_cls: 1.047814 loss_iou: 0.204914 loss_dfl: 3.052707 eta: 1:06:14 batch_cost: 0.4022 data_cost: 0.0027 ips: 9.9457 images/s, max_mem_reserved: 2249 MB, max_mem_allocated: 1978 MB
[09/21 15:12:47] ppdet.engine.callbacks INFO: Epoch: [2] [ 60/266] learning_rate: 0.003990 loss: 1.664683 loss_cls: 1.063854 loss_iou: 0.173408 loss_dfl: 3.587530 eta: 1:06:08 batch_cost: 0.3879 data_cost: 0.0028 ips: 10.3132 images/s, max_mem_reserved: 2249 MB, max_mem_allocated: 1978 MB
[09/21 15:12:51] ppdet.engine.callbacks INFO: Epoch: [2] [ 70/266] learning_rate: 0.003990 loss: 1.637296 loss_cls: 1.047845 loss_iou: 0.186988 loss_dfl: 3.330762 eta: 1:06:03 batch_cost: 0.3861 data_cost: 0.0026 ips: 10.3593 images/s, max_mem_reserved: 2249 MB, max_mem_allocated: 1978 MB
[09/21 15:12:55] ppdet.engine.callbacks INFO: Epoch: [2] [ 80/266] learning_rate: 0.003989 loss: 1.606137 loss_cls: 1.027218 loss_iou: 0.169861 loss_dfl: 3.151830 eta: 1:05:57 batch_cost: 0.3806 data_cost: 0.0026 ips: 10.5106 images/s, max_mem_reserved: 2249 MB, max_mem_allocated: 1978 MB
[09/21 15:12:59] ppdet.engine.callbacks INFO: Epoch: [2] [ 90/266] learning_rate: 0.003989 loss: 1.598340 loss_cls: 1.003871 loss_iou: 0.177437 loss_dfl: 2.925105 eta: 1:05:51 batch_cost: 0.3865 data_cost: 0.0032 ips: 10.3490 images/s, max_mem_reserved: 2249 MB, max_mem_allocated: 1978 MB
[09/21 15:13:04] ppdet.engine.callbacks INFO: Epoch: [2] [100/266] learning_rate: 0.003988 loss: 1.630026 loss_cls: 1.039793 loss_iou: 0.177656 loss_dfl: 3.272423 eta: 1:05:47 batch_cost: 0.3910 data_cost: 0.0030 ips: 10.2301 images/s, max_mem_reserved: 2249 MB, max_mem_allocated: 1978 MB
[09/21 15:13:08] ppdet.engine.callbacks INFO: Epoch: [2] [110/266] learning_rate: 0.003988 loss: 1.606163 loss_cls: 1.027898 loss_iou: 0.171579 loss_dfl: 2.841982 eta: 1:05:46 batch_cost: 0.4136 data_cost: 0.0030 ips: 9.6705 images/s, max_mem_reserved: 2249 MB, max_mem_allocated: 1978 MB
[09/21 15:13:12] ppdet.engine.callbacks INFO: Epoch: [2] [120/266] learning_rate: 0.003987 loss: 1.640733 loss_cls: 1.038722 loss_iou: 0.160232 loss_dfl: 3.422819 eta: 1:05:39 batch_cost: 0.3721 data_cost: 0.0036 ips: 10.7503 images/s, max_mem_reserved: 2249 MB, max_mem_allocated: 1978 MB
[09/21 15:13:17] ppdet.engine.callbacks INFO: Epoch: [2] [130/266] learning_rate: 0.003987 loss: 1.613860 loss_cls: 0.985343 loss_iou: 0.180271 loss_dfl: 3.263362 eta: 1:05:37 batch_cost: 0.4128 data_cost: 0.0026 ips: 9.6895 images/s, max_mem_reserved: 2249 MB, max_mem_allocated: 1978 MB
[09/21 15:13:21] ppdet.engine.callbacks INFO: Epoch: [2] [140/266] learning_rate: 0.003986 loss: 1.650638 loss_cls: 1.015172 loss_iou: 0.190150 loss_dfl: 3.384988 eta: 1:05:35 batch_cost: 0.4064 data_cost: 0.0025 ips: 9.8427 images/s, max_mem_reserved: 2249 MB, max_mem_allocated: 1978 MB
[09/21 15:13:26] ppdet.engine.callbacks INFO: Epoch: [2] [150/266] learning_rate: 0.003986 loss: 1.662720 loss_cls: 1.031973 loss_iou: 0.178748 loss_dfl: 3.615281 eta: 1:05:30 batch_cost: 0.3866 data_cost: 0.0027 ips: 10.3454 images/s, max_mem_reserved: 2249 MB, max_mem_allocated: 1978 MB
[09/21 15:13:30] ppdet.engine.callbacks INFO: Epoch: [2] [160/266] learning_rate: 0.003985 loss: 1.605510 loss_cls: 1.012417 loss_iou: 0.174481 loss_dfl: 3.124189 eta: 1:05:26 batch_cost: 0.3950 data_cost: 0.0024 ips: 10.1279 images/s, max_mem_reserved: 2249 MB, max_mem_allocated: 1978 MB
[09/21 15:13:35] ppdet.engine.callbacks INFO: Epoch: [2] [170/266] learning_rate: 0.003984 loss: 1.575149 loss_cls: 0.972542 loss_iou: 0.169020 loss_dfl: 3.045826 eta: 1:05:24 batch_cost: 0.4045 data_cost: 0.0024 ips: 9.8882 images/s, max_mem_reserved: 2249 MB, max_mem_allocated: 1978 MB
[09/21 15:13:39] ppdet.engine.callbacks INFO: Epoch: [2] [180/266] learning_rate: 0.003984 loss: 1.680052 loss_cls: 1.044765 loss_iou: 0.191113 loss_dfl: 3.128268 eta: 1:05:19 batch_cost: 0.3921 data_cost: 0.0034 ips: 10.2020 images/s, max_mem_reserved: 2249 MB, max_mem_allocated: 1978 MB
[09/21 15:13:43] ppdet.engine.callbacks INFO: Epoch: [2] [190/266] learning_rate: 0.003983 loss: 1.663050 loss_cls: 1.045888 loss_iou: 0.188053 loss_dfl: 3.209309 eta: 1:05:15 batch_cost: 0.3959 data_cost: 0.0030 ips: 10.1038 images/s, max_mem_reserved: 2249 MB, max_mem_allocated: 1978 MB
[09/21 15:13:48] ppdet.engine.callbacks INFO: Epoch: [2] [200/266] learning_rate: 0.003982 loss: 1.615703 loss_cls: 0.972250 loss_iou: 0.193304 loss_dfl: 3.817299 eta: 1:05:11 batch_cost: 0.3925 data_cost: 0.0024 ips: 10.1916 images/s, max_mem_reserved: 2249 MB, max_mem_allocated: 1978 MB
[09/21 15:13:52] ppdet.engine.callbacks INFO: Epoch: [2] [210/266] learning_rate: 0.003982 loss: 1.601821 loss_cls: 1.037914 loss_iou: 0.172197 loss_dfl: 2.916401 eta: 1:05:07 batch_cost: 0.3966 data_cost: 0.0027 ips: 10.0862 images/s, max_mem_reserved: 2249 MB, max_mem_allocated: 1978 MB
[09/21 15:13:56] ppdet.engine.callbacks INFO: Epoch: [2] [220/266] learning_rate: 0.003981 loss: 1.680710 loss_cls: 1.056678 loss_iou: 0.186955 loss_dfl: 3.414924 eta: 1:05:04 batch_cost: 0.3950 data_cost: 0.0031 ips: 10.1261 images/s, max_mem_reserved: 2249 MB, max_mem_allocated: 1978 MB
[09/21 15:14:01] ppdet.engine.callbacks INFO: Epoch: [2] [230/266] learning_rate: 0.003980 loss: 1.674815 loss_cls: 1.066514 loss_iou: 0.180667 loss_dfl: 2.946803 eta: 1:04:58 batch_cost: 0.3839 data_cost: 0.0029 ips: 10.4199 images/s, max_mem_reserved: 2249 MB, max_mem_allocated: 1978 MB
[09/21 15:14:05] ppdet.engine.callbacks INFO: Epoch: [2] [240/266] learning_rate: 0.003980 loss: 1.580314 loss_cls: 1.013828 loss_iou: 0.167521 loss_dfl: 2.883756 eta: 1:04:54 batch_cost: 0.3952 data_cost: 0.0024 ips: 10.1214 images/s, max_mem_reserved: 2249 MB, max_mem_allocated: 1978 MB
[09/21 15:14:09] ppdet.engine.callbacks INFO: Epoch: [2] [250/266] learning_rate: 0.003979 loss: 1.559811 loss_cls: 1.003499 loss_iou: 0.156841 loss_dfl: 3.167265 eta: 1:04:52 batch_cost: 0.4061 data_cost: 0.0032 ips: 9.8505 images/s, max_mem_reserved: 2249 MB, max_mem_allocated: 1978 MB
[09/21 15:14:14] ppdet.engine.callbacks INFO: Epoch: [2] [260/266] learning_rate: 0.003978 loss: 1.618079 loss_cls: 1.046996 loss_iou: 0.178402 loss_dfl: 2.940222 eta: 1:04:49 batch_cost: 0.4010 data_cost: 0.0025 ips: 9.9742 images/s, max_mem_reserved: 2249 MB, max_mem_allocated: 1978 MB
[09/21 15:14:17] ppdet.engine.callbacks INFO: Epoch: [3] [  0/266] learning_rate: 0.003978 loss: 1.625025 loss_cls: 1.051727 loss_iou: 0.179591 loss_dfl: 3.109663 eta: 1:04:49 batch_cost: 0.4238 data_cost: 0.0351 ips: 9.4385 images/s, max_mem_reserved: 2249 MB, max_mem_allocated: 1978 MB
[09/21 15:14:21] ppdet.engine.callbacks INFO: Epoch: [3] [ 10/266] learning_rate: 0.003977 loss: 1.625677 loss_cls: 1.010783 loss_iou: 0.174134 loss_dfl: 3.168974 eta: 1:04:44 batch_cost: 0.3885 data_cost: 0.0011 ips: 10.2964 images/s, max_mem_reserved: 2249 MB, max_mem_allocated: 1978 MB
[09/21 15:14:26] ppdet.engine.callbacks INFO: Epoch: [3] [ 20/266] learning_rate: 0.003976 loss: 1.596823 loss_cls: 1.019900 loss_iou: 0.177556 loss_dfl: 2.964936 eta: 1:04:40 batch_cost: 0.3946 data_cost: 0.0014 ips: 10.1366 images/s, max_mem_reserved: 2249 MB, max_mem_allocated: 1978 MB
[09/21 15:14:30] ppdet.engine.callbacks INFO: Epoch: [3] [ 30/266] learning_rate: 0.003975 loss: 1.609506 loss_cls: 1.018150 loss_iou: 0.166982 loss_dfl: 3.532822 eta: 1:04:36 batch_cost: 0.3931 data_cost: 0.0018 ips: 10.1755 images/s, max_mem_reserved: 2249 MB, max_mem_allocated: 1978 MB
[09/21 15:14:34] ppdet.engine.callbacks INFO: Epoch: [3] [ 40/266] learning_rate: 0.003975 loss: 1.586060 loss_cls: 1.001438 loss_iou: 0.185634 loss_dfl: 3.082694 eta: 1:04:32 batch_cost: 0.3960 data_cost: 0.0017 ips: 10.1009 images/s, max_mem_reserved: 2249 MB, max_mem_allocated: 1978 MB
[09/21 15:14:39] ppdet.engine.callbacks INFO: Epoch: [3] [ 50/266] learning_rate: 0.003974 loss: 1.596569 loss_cls: 1.005772 loss_iou: 0.175632 loss_dfl: 2.930014 eta: 1:04:27 batch_cost: 0.3884 data_cost: 0.0025 ips: 10.2983 images/s, max_mem_reserved: 2249 MB, max_mem_allocated: 1978 MB
[09/21 15:14:43] ppdet.engine.callbacks INFO: Epoch: [3] [ 60/266] learning_rate: 0.003973 loss: 1.589547 loss_cls: 1.062384 loss_iou: 0.151233 loss_dfl: 3.250350 eta: 1:04:22 batch_cost: 0.3839 data_cost: 0.0028 ips: 10.4195 images/s, max_mem_reserved: 2249 MB, max_mem_allocated: 1978 MB
[09/21 15:14:47] ppdet.engine.callbacks INFO: Epoch: [3] [ 70/266] learning_rate: 0.003972 loss: 1.629610 loss_cls: 1.003661 loss_iou: 0.188670 loss_dfl: 3.640216 eta: 1:04:18 batch_cost: 0.3922 data_cost: 0.0025 ips: 10.1981 images/s, max_mem_reserved: 2249 MB, max_mem_allocated: 1978 MB
[09/21 15:14:52] ppdet.engine.callbacks INFO: Epoch: [3] [ 80/266] learning_rate: 0.003971 loss: 1.628587 loss_cls: 1.055924 loss_iou: 0.152506 loss_dfl: 3.130291 eta: 1:04:13 batch_cost: 0.3835 data_cost: 0.0027 ips: 10.4296 images/s, max_mem_reserved: 2249 MB, max_mem_allocated: 1978 MB
[09/21 15:14:56] ppdet.engine.callbacks INFO: Epoch: [3] [ 90/266] learning_rate: 0.003970 loss: 1.670272 loss_cls: 1.044995 loss_iou: 0.173433 loss_dfl: 3.294333 eta: 1:04:09 batch_cost: 0.3932 data_cost: 0.0032 ips: 10.1741 images/s, max_mem_reserved: 2249 MB, max_mem_allocated: 1978 MB
[09/21 15:15:00] ppdet.engine.callbacks INFO: Epoch: [3] [100/266] learning_rate: 0.003970 loss: 1.659272 loss_cls: 1.034040 loss_iou: 0.176597 loss_dfl: 3.427235 eta: 1:04:03 batch_cost: 0.3835 data_cost: 0.0025 ips: 10.4316 images/s, max_mem_reserved: 2249 MB, max_mem_allocated: 1978 MB
[09/21 15:15:05] ppdet.engine.callbacks INFO: Epoch: [3] [110/266] learning_rate: 0.003969 loss: 1.576747 loss_cls: 1.016791 loss_iou: 0.172812 loss_dfl: 3.239883 eta: 1:03:58 batch_cost: 0.3809 data_cost: 0.0026 ips: 10.5002 images/s, max_mem_reserved: 2249 MB, max_mem_allocated: 1978 MB
[09/21 15:15:09] ppdet.engine.callbacks INFO: Epoch: [3] [120/266] learning_rate: 0.003968 loss: 1.614935 loss_cls: 1.034774 loss_iou: 0.174997 loss_dfl: 3.081873 eta: 1:03:55 batch_cost: 0.4012 data_cost: 0.0025 ips: 9.9698 images/s, max_mem_reserved: 2249 MB, max_mem_allocated: 1978 MB
[09/21 15:15:13] ppdet.engine.callbacks INFO: Epoch: [3] [130/266] learning_rate: 0.003967 loss: 1.656717 loss_cls: 1.026406 loss_iou: 0.171499 loss_dfl: 2.964100 eta: 1:03:49 batch_cost: 0.3795 data_cost: 0.0028 ips: 10.5394 images/s, max_mem_reserved: 2249 MB, max_mem_allocated: 1978 MB
[09/21 15:15:18] ppdet.engine.callbacks INFO: Epoch: [3] [140/266] learning_rate: 0.003966 loss: 1.579166 loss_cls: 1.020567 loss_iou: 0.165399 loss_dfl: 3.021544 eta: 1:03:46 batch_cost: 0.4010 data_cost: 0.0023 ips: 9.9739 images/s, max_mem_reserved: 2249 MB, max_mem_allocated: 1978 MB
[09/21 15:15:22] ppdet.engine.callbacks INFO: Epoch: [3] [150/266] learning_rate: 0.003965 loss: 1.654458 loss_cls: 1.064274 loss_iou: 0.177224 loss_dfl: 2.956517 eta: 1:03:42 batch_cost: 0.3953 data_cost: 0.0026 ips: 10.1178 images/s, max_mem_reserved: 2249 MB, max_mem_allocated: 1978 MB
[09/21 15:15:26] ppdet.engine.callbacks INFO: Epoch: [3] [160/266] learning_rate: 0.003964 loss: 1.610085 loss_cls: 1.053596 loss_iou: 0.151522 loss_dfl: 3.405516 eta: 1:03:39 batch_cost: 0.4024 data_cost: 0.0027 ips: 9.9399 images/s, max_mem_reserved: 2249 MB, max_mem_allocated: 1978 MB
[09/21 15:15:31] ppdet.engine.callbacks INFO: Epoch: [3] [170/266] learning_rate: 0.003963 loss: 1.577344 loss_cls: 1.020066 loss_iou: 0.156971 loss_dfl: 2.676921 eta: 1:03:34 batch_cost: 0.3825 data_cost: 0.0025 ips: 10.4571 images/s, max_mem_reserved: 2249 MB, max_mem_allocated: 1978 MB
[09/21 15:15:35] ppdet.engine.callbacks INFO: Epoch: [3] [180/266] learning_rate: 0.003962 loss: 1.587212 loss_cls: 1.007893 loss_iou: 0.164820 loss_dfl: 3.100247 eta: 1:03:31 batch_cost: 0.4019 data_cost: 0.0024 ips: 9.9518 images/s, max_mem_reserved: 2249 MB, max_mem_allocated: 1978 MB
[09/21 15:15:40] ppdet.engine.callbacks INFO: Epoch: [3] [190/266] learning_rate: 0.003961 loss: 1.593180 loss_cls: 1.008256 loss_iou: 0.171543 loss_dfl: 3.562632 eta: 1:03:27 batch_cost: 0.3954 data_cost: 0.0027 ips: 10.1162 images/s, max_mem_reserved: 2249 MB, max_mem_allocated: 1978 MB
[09/21 15:15:44] ppdet.engine.callbacks INFO: Epoch: [3] [200/266] learning_rate: 0.003960 loss: 1.578565 loss_cls: 0.983416 loss_iou: 0.162582 loss_dfl: 3.264331 eta: 1:03:23 batch_cost: 0.3943 data_cost: 0.0028 ips: 10.1445 images/s, max_mem_reserved: 2249 MB, max_mem_allocated: 1978 MB
[09/21 15:15:48] ppdet.engine.callbacks INFO: Epoch: [3] [210/266] learning_rate: 0.003959 loss: 1.591311 loss_cls: 0.992396 loss_iou: 0.171169 loss_dfl: 3.189053 eta: 1:03:19 batch_cost: 0.3992 data_cost: 0.0028 ips: 10.0193 images/s, max_mem_reserved: 2249 MB, max_mem_allocated: 1978 MB
[09/21 15:15:53] ppdet.engine.callbacks INFO: Epoch: [3] [220/266] learning_rate: 0.003958 loss: 1.555646 loss_cls: 1.006190 loss_iou: 0.157188 loss_dfl: 3.037227 eta: 1:03:16 batch_cost: 0.3984 data_cost: 0.0025 ips: 10.0398 images/s, max_mem_reserved: 2249 MB, max_mem_allocated: 1978 MB
[09/21 15:15:57] ppdet.engine.callbacks INFO: Epoch: [3] [230/266] learning_rate: 0.003957 loss: 1.579689 loss_cls: 1.031657 loss_iou: 0.152454 loss_dfl: 2.953747 eta: 1:03:12 batch_cost: 0.3911 data_cost: 0.0030 ips: 10.2269 images/s, max_mem_reserved: 2249 MB, max_mem_allocated: 1978 MB
[09/21 15:16:01] ppdet.engine.callbacks INFO: Epoch: [3] [240/266] learning_rate: 0.003956 loss: 1.555296 loss_cls: 1.012705 loss_iou: 0.147790 loss_dfl: 3.355316 eta: 1:03:07 batch_cost: 0.3870 data_cost: 0.0028 ips: 10.3349 images/s, max_mem_reserved: 2249 MB, max_mem_allocated: 1978 MB
[09/21 15:16:06] ppdet.engine.callbacks INFO: Epoch: [3] [250/266] learning_rate: 0.003955 loss: 1.599031 loss_cls: 0.988472 loss_iou: 0.174357 loss_dfl: 3.426055 eta: 1:03:04 batch_cost: 0.4038 data_cost: 0.0027 ips: 9.9067 images/s, max_mem_reserved: 2249 MB, max_mem_allocated: 1978 MB
[09/21 15:16:10] ppdet.engine.callbacks INFO: Epoch: [3] [260/266] learning_rate: 0.003954 loss: 1.618586 loss_cls: 0.991786 loss_iou: 0.178584 loss_dfl: 3.000307 eta: 1:03:00 batch_cost: 0.3924 data_cost: 0.0029 ips: 10.1930 images/s, max_mem_reserved: 2249 MB, max_mem_allocated: 1978 MB
[09/21 15:16:13] ppdet.utils.checkpoint INFO: Save checkpoint: output_aug
loading annotations into memory...
Done (t=0.01s)
creating index...
index created!
[09/21 15:16:13] ppdet.data.source.coco INFO: Load [100 samples valid, 0 samples invalid] in file dataset/banknotes_obb\annotations/valid.json.
loading annotations into memory...
Done (t=0.00s)
creating index...
index created!
[09/21 15:16:14] ppdet.engine.callbacks INFO: Eval iter: 0
[09/21 15:16:24] ppdet.metrics.metrics INFO: Accumulating evaluatation results...
[09/21 15:16:24] ppdet.metrics.metrics INFO: mAP(0.50, 11point) = 74.86%
[09/21 15:16:24] ppdet.engine.callbacks INFO: Total sample number: 100, average FPS: 9.494164533897811
[09/21 15:16:24] ppdet.engine INFO: Best test bbox ap is 0.749.
[09/21 15:16:24] ppdet.utils.checkpoint INFO: Save checkpoint: output_aug
[09/21 15:16:25] ppdet.engine.callbacks INFO: Epoch: [4] [  0/266] learning_rate: 0.003954 loss: 1.600966 loss_cls: 1.010224 loss_iou: 0.167921 loss_dfl: 2.851789 eta: 1:02:57 batch_cost: 0.3928 data_cost: 0.0026 ips: 10.1841 images/s, max_mem_reserved: 2249 MB, max_mem_allocated: 1978 MB
[09/21 15:16:29] ppdet.engine.callbacks INFO: Epoch: [4] [ 10/266] learning_rate: 0.003952 loss: 1.568819 loss_cls: 1.019563 loss_iou: 0.158029 loss_dfl: 3.082676 eta: 1:02:53 batch_cost: 0.3874 data_cost: 0.0030 ips: 10.3252 images/s, max_mem_reserved: 2249 MB, max_mem_allocated: 1978 MB
[09/21 15:16:33] ppdet.engine.callbacks INFO: Epoch: [4] [ 20/266] learning_rate: 0.003951 loss: 1.527542 loss_cls: 1.011441 loss_iou: 0.149177 loss_dfl: 2.851876 eta: 1:02:48 batch_cost: 0.3854 data_cost: 0.0043 ips: 10.3777 images/s, max_mem_reserved: 2249 MB, max_mem_allocated: 1978 MB
[09/21 15:16:38] ppdet.engine.callbacks INFO: Epoch: [4] [ 30/266] learning_rate: 0.003950 loss: 1.646391 loss_cls: 1.008378 loss_iou: 0.172814 loss_dfl: 3.166049 eta: 1:02:44 batch_cost: 0.3938 data_cost: 0.0025 ips: 10.1584 images/s, max_mem_reserved: 2249 MB, max_mem_allocated: 1978 MB
[09/21 15:16:42] ppdet.engine.callbacks INFO: Epoch: [4] [ 40/266] learning_rate: 0.003949 loss: 1.579273 loss_cls: 1.032109 loss_iou: 0.154426 loss_dfl: 2.721844 eta: 1:02:40 batch_cost: 0.3899 data_cost: 0.0026 ips: 10.2600 images/s, max_mem_reserved: 2249 MB, max_mem_allocated: 1978 MB
[09/21 15:16:46] ppdet.engine.callbacks INFO: Epoch: [4] [ 50/266] learning_rate: 0.003948 loss: 1.598724 loss_cls: 1.001149 loss_iou: 0.171385 loss_dfl: 3.448570 eta: 1:02:35 batch_cost: 0.3820 data_cost: 0.0027 ips: 10.4704 images/s, max_mem_reserved: 2249 MB, max_mem_allocated: 1978 MB
[09/21 15:16:51] ppdet.engine.callbacks INFO: Epoch: [4] [ 60/266] learning_rate: 0.003947 loss: 1.624828 loss_cls: 1.011778 loss_iou: 0.181616 loss_dfl: 3.082119 eta: 1:02:31 batch_cost: 0.3961 data_cost: 0.0025 ips: 10.0986 images/s, max_mem_reserved: 2249 MB, max_mem_allocated: 1978 MB
[09/21 15:16:55] ppdet.engine.callbacks INFO: Epoch: [4] [ 70/266] learning_rate: 0.003946 loss: 1.577765 loss_cls: 0.991395 loss_iou: 0.175823 loss_dfl: 2.913463 eta: 1:02:27 batch_cost: 0.3950 data_cost: 0.0027 ips: 10.1275 images/s, max_mem_reserved: 2249 MB, max_mem_allocated: 1978 MB
[09/21 15:16:59] ppdet.engine.callbacks INFO: Epoch: [4] [ 80/266] learning_rate: 0.003945 loss: 1.539644 loss_cls: 0.997578 loss_iou: 0.170953 loss_dfl: 3.158615 eta: 1:02:23 batch_cost: 0.3983 data_cost: 0.0031 ips: 10.0414 images/s, max_mem_reserved: 2249 MB, max_mem_allocated: 1978 MB
[09/21 15:17:04] ppdet.engine.callbacks INFO: Epoch: [4] [ 90/266] learning_rate: 0.003943 loss: 1.603360 loss_cls: 1.003416 loss_iou: 0.176618 loss_dfl: 3.038517 eta: 1:02:21 batch_cost: 0.4126 data_cost: 0.0028 ips: 9.6952 images/s, max_mem_reserved: 2249 MB, max_mem_allocated: 1978 MB
[09/21 15:17:08] ppdet.engine.callbacks INFO: Epoch: [4] [100/266] learning_rate: 0.003942 loss: 1.584022 loss_cls: 1.010020 loss_iou: 0.171864 loss_dfl: 2.954545 eta: 1:02:17 batch_cost: 0.3961 data_cost: 0.0032 ips: 10.0997 images/s, max_mem_reserved: 2249 MB, max_mem_allocated: 1978 MB
[09/21 15:17:12] ppdet.engine.callbacks INFO: Epoch: [4] [110/266] learning_rate: 0.003941 loss: 1.566703 loss_cls: 1.011349 loss_iou: 0.153190 loss_dfl: 3.416502 eta: 1:02:12 batch_cost: 0.3820 data_cost: 0.0028 ips: 10.4709 images/s, max_mem_reserved: 2249 MB, max_mem_allocated: 1978 MB
[09/21 15:17:17] ppdet.engine.callbacks INFO: Epoch: [4] [120/266] learning_rate: 0.003940 loss: 1.683017 loss_cls: 1.001771 loss_iou: 0.185832 loss_dfl: 3.315896 eta: 1:02:10 batch_cost: 0.4124 data_cost: 0.0029 ips: 9.6984 images/s, max_mem_reserved: 2249 MB, max_mem_allocated: 1978 MB
[09/21 15:17:21] ppdet.engine.callbacks INFO: Epoch: [4] [130/266] learning_rate: 0.003939 loss: 1.557016 loss_cls: 1.003172 loss_iou: 0.165619 loss_dfl: 3.051809 eta: 1:02:06 batch_cost: 0.3976 data_cost: 0.0028 ips: 10.0616 images/s, max_mem_reserved: 2249 MB, max_mem_allocated: 1978 MB
[09/21 15:17:25] ppdet.engine.callbacks INFO: Epoch: [4] [140/266] learning_rate: 0.003937 loss: 1.581065 loss_cls: 1.028184 loss_iou: 0.160592 loss_dfl: 3.017205 eta: 1:02:00 batch_cost: 0.3738 data_cost: 0.0028 ips: 10.7000 images/s, max_mem_reserved: 2249 MB, max_mem_allocated: 1978 MB
[09/21 15:17:30] ppdet.engine.callbacks INFO: Epoch: [4] [150/266] learning_rate: 0.003936 loss: 1.583195 loss_cls: 1.021695 loss_iou: 0.164642 loss_dfl: 2.993607 eta: 1:01:57 batch_cost: 0.4024 data_cost: 0.0024 ips: 9.9393 images/s, max_mem_reserved: 2249 MB, max_mem_allocated: 1978 MB
[09/21 15:17:34] ppdet.engine.callbacks INFO: Epoch: [4] [160/266] learning_rate: 0.003935 loss: 1.575650 loss_cls: 1.019771 loss_iou: 0.152600 loss_dfl: 3.235010 eta: 1:01:53 batch_cost: 0.3950 data_cost: 0.0023 ips: 10.1262 images/s, max_mem_reserved: 2249 MB, max_mem_allocated: 1978 MB
[09/21 15:17:39] ppdet.engine.callbacks INFO: Epoch: [4] [170/266] learning_rate: 0.003934 loss: 1.606682 loss_cls: 1.021208 loss_iou: 0.162525 loss_dfl: 2.942340 eta: 1:01:50 batch_cost: 0.4101 data_cost: 0.0031 ips: 9.7537 images/s, max_mem_reserved: 2249 MB, max_mem_allocated: 1978 MB
[09/21 15:17:43] ppdet.engine.callbacks INFO: Epoch: [4] [180/266] learning_rate: 0.003932 loss: 1.596848 loss_cls: 1.050470 loss_iou: 0.153921 loss_dfl: 3.297235 eta: 1:01:47 batch_cost: 0.3981 data_cost: 0.0026 ips: 10.0484 images/s, max_mem_reserved: 2249 MB, max_mem_allocated: 1978 MB
[09/21 15:17:48] ppdet.engine.callbacks INFO: Epoch: [4] [190/266] learning_rate: 0.003931 loss: 1.614652 loss_cls: 1.023896 loss_iou: 0.163580 loss_dfl: 3.089640 eta: 1:01:44 batch_cost: 0.4134 data_cost: 0.0026 ips: 9.6763 images/s, max_mem_reserved: 2249 MB, max_mem_allocated: 1978 MB
[09/21 15:17:52] ppdet.engine.callbacks INFO: Epoch: [4] [200/266] learning_rate: 0.003930 loss: 1.561700 loss_cls: 1.016646 loss_iou: 0.149755 loss_dfl: 2.906615 eta: 1:01:41 batch_cost: 0.4007 data_cost: 0.0029 ips: 9.9829 images/s, max_mem_reserved: 2249 MB, max_mem_allocated: 1978 MB
[09/21 15:17:56] ppdet.engine.callbacks INFO: Epoch: [4] [210/266] learning_rate: 0.003928 loss: 1.592310 loss_cls: 1.012981 loss_iou: 0.162455 loss_dfl: 3.442756 eta: 1:01:37 batch_cost: 0.3909 data_cost: 0.0028 ips: 10.2331 images/s, max_mem_reserved: 2249 MB, max_mem_allocated: 1978 MB
[09/21 15:18:01] ppdet.engine.callbacks INFO: Epoch: [4] [220/266] learning_rate: 0.003927 loss: 1.580657 loss_cls: 1.018975 loss_iou: 0.168263 loss_dfl: 3.252372 eta: 1:01:33 batch_cost: 0.4060 data_cost: 0.0024 ips: 9.8522 images/s, max_mem_reserved: 2249 MB, max_mem_allocated: 1978 MB
[09/21 15:18:05] ppdet.engine.callbacks INFO: Epoch: [4] [230/266] learning_rate: 0.003926 loss: 1.563394 loss_cls: 1.016628 loss_iou: 0.157922 loss_dfl: 3.279142 eta: 1:01:30 batch_cost: 0.4017 data_cost: 0.0028 ips: 9.9565 images/s, max_mem_reserved: 2249 MB, max_mem_allocated: 1978 MB
[09/21 15:18:10] ppdet.engine.callbacks INFO: Epoch: [4] [240/266] learning_rate: 0.003924 loss: 1.556216 loss_cls: 0.998819 loss_iou: 0.162040 loss_dfl: 3.327074 eta: 1:01:27 batch_cost: 0.4052 data_cost: 0.0025 ips: 9.8722 images/s, max_mem_reserved: 2249 MB, max_mem_allocated: 1978 MB
[09/21 15:18:14] ppdet.engine.callbacks INFO: Epoch: [4] [250/266] learning_rate: 0.003923 loss: 1.547606 loss_cls: 0.979505 loss_iou: 0.165806 loss_dfl: 2.957643 eta: 1:01:23 batch_cost: 0.4030 data_cost: 0.0024 ips: 9.9260 images/s, max_mem_reserved: 2249 MB, max_mem_allocated: 1978 MB
[09/21 15:18:19] ppdet.engine.callbacks INFO: Epoch: [4] [260/266] learning_rate: 0.003922 loss: 1.482710 loss_cls: 0.971254 loss_iou: 0.139379 loss_dfl: 3.150102 eta: 1:01:20 batch_cost: 0.4006 data_cost: 0.0022 ips: 9.9860 images/s, max_mem_reserved: 2249 MB, max_mem_allocated: 1978 MB
[09/21 15:18:22] ppdet.engine.callbacks INFO: Epoch: [5] [  0/266] learning_rate: 0.003921 loss: 1.488446 loss_cls: 0.965117 loss_iou: 0.151997 loss_dfl: 3.131867 eta: 1:01:20 batch_cost: 0.4368 data_cost: 0.0324 ips: 9.1565 images/s, max_mem_reserved: 2249 MB, max_mem_allocated: 1978 MB
[09/21 15:18:26] ppdet.engine.callbacks INFO: Epoch: [5] [ 10/266] learning_rate: 0.003919 loss: 1.481265 loss_cls: 0.959690 loss_iou: 0.154028 loss_dfl: 2.431533 eta: 1:01:15 batch_cost: 0.3846 data_cost: 0.0010 ips: 10.4015 images/s, max_mem_reserved: 2249 MB, max_mem_allocated: 1978 MB
[09/21 15:18:31] ppdet.engine.callbacks INFO: Epoch: [5] [ 20/266] learning_rate: 0.003918 loss: 1.541817 loss_cls: 0.998366 loss_iou: 0.151594 loss_dfl: 3.128441 eta: 1:01:11 batch_cost: 0.3922 data_cost: 0.0013 ips: 10.1995 images/s, max_mem_reserved: 2249 MB, max_mem_allocated: 1978 MB
[09/21 15:18:35] ppdet.engine.callbacks INFO: Epoch: [5] [ 30/266] learning_rate: 0.003917 loss: 1.527223 loss_cls: 0.960651 loss_iou: 0.161926 loss_dfl: 3.253596 eta: 1:01:08 batch_cost: 0.3984 data_cost: 0.0016 ips: 10.0391 images/s, max_mem_reserved: 2249 MB, max_mem_allocated: 2009 MB
[09/21 15:18:40] ppdet.engine.callbacks INFO: Epoch: [5] [ 40/266] learning_rate: 0.003915 loss: 1.597845 loss_cls: 1.007459 loss_iou: 0.165755 loss_dfl: 3.325125 eta: 1:01:03 batch_cost: 0.3931 data_cost: 0.0015 ips: 10.1763 images/s, max_mem_reserved: 2249 MB, max_mem_allocated: 2009 MB
[09/21 15:18:44] ppdet.engine.callbacks INFO: Epoch: [5] [ 50/266] learning_rate: 0.003914 loss: 1.513649 loss_cls: 0.981526 loss_iou: 0.145989 loss_dfl: 3.052386 eta: 1:01:00 batch_cost: 0.4009 data_cost: 0.0023 ips: 9.9786 images/s, max_mem_reserved: 2249 MB, max_mem_allocated: 2009 MB
[09/21 15:18:48] ppdet.engine.callbacks INFO: Epoch: [5] [ 60/266] learning_rate: 0.003912 loss: 1.463965 loss_cls: 0.969320 loss_iou: 0.148726 loss_dfl: 2.798582 eta: 1:00:55 batch_cost: 0.3848 data_cost: 0.0022 ips: 10.3939 images/s, max_mem_reserved: 2249 MB, max_mem_allocated: 2009 MB
[09/21 15:18:53] ppdet.engine.callbacks INFO: Epoch: [5] [ 70/266] learning_rate: 0.003911 loss: 1.562918 loss_cls: 0.942513 loss_iou: 0.168312 loss_dfl: 3.742541 eta: 1:00:51 batch_cost: 0.3967 data_cost: 0.0022 ips: 10.0825 images/s, max_mem_reserved: 2249 MB, max_mem_allocated: 2009 MB
[09/21 15:18:57] ppdet.engine.callbacks INFO: Epoch: [5] [ 80/266] learning_rate: 0.003909 loss: 1.555084 loss_cls: 0.936840 loss_iou: 0.160404 loss_dfl: 3.119035 eta: 1:00:48 batch_cost: 0.3993 data_cost: 0.0029 ips: 10.0172 images/s, max_mem_reserved: 2249 MB, max_mem_allocated: 2009 MB
[09/21 15:19:02] ppdet.engine.callbacks INFO: Epoch: [5] [ 90/266] learning_rate: 0.003908 loss: 1.595439 loss_cls: 0.973635 loss_iou: 0.172761 loss_dfl: 3.605247 eta: 1:00:44 batch_cost: 0.3956 data_cost: 0.0022 ips: 10.1117 images/s, max_mem_reserved: 2249 MB, max_mem_allocated: 2009 MB
[09/21 15:19:06] ppdet.engine.callbacks INFO: Epoch: [5] [100/266] learning_rate: 0.003906 loss: 1.485620 loss_cls: 0.963599 loss_iou: 0.165987 loss_dfl: 2.954683 eta: 1:00:40 batch_cost: 0.3975 data_cost: 0.0025 ips: 10.0642 images/s, max_mem_reserved: 2249 MB, max_mem_allocated: 2009 MB
[09/21 15:19:10] ppdet.engine.callbacks INFO: Epoch: [5] [110/266] learning_rate: 0.003905 loss: 1.565984 loss_cls: 1.003973 loss_iou: 0.163618 loss_dfl: 3.077974 eta: 1:00:36 batch_cost: 0.4005 data_cost: 0.0028 ips: 9.9866 images/s, max_mem_reserved: 2249 MB, max_mem_allocated: 2009 MB
[09/21 15:19:15] ppdet.engine.callbacks INFO: Epoch: [5] [120/266] learning_rate: 0.003903 loss: 1.529597 loss_cls: 0.972003 loss_iou: 0.155583 loss_dfl: 3.323941 eta: 1:00:33 batch_cost: 0.3978 data_cost: 0.0022 ips: 10.0563 images/s, max_mem_reserved: 2249 MB, max_mem_allocated: 2009 MB
[09/21 15:19:19] ppdet.engine.callbacks INFO: Epoch: [5] [130/266] learning_rate: 0.003902 loss: 1.488306 loss_cls: 0.956013 loss_iou: 0.147459 loss_dfl: 3.151473 eta: 1:00:28 batch_cost: 0.3933 data_cost: 0.0029 ips: 10.1700 images/s, max_mem_reserved: 2249 MB, max_mem_allocated: 2009 MB
[09/21 15:19:24] ppdet.engine.callbacks INFO: Epoch: [5] [140/266] learning_rate: 0.003900 loss: 1.682714 loss_cls: 1.041728 loss_iou: 0.178052 loss_dfl: 3.864883 eta: 1:00:25 batch_cost: 0.4042 data_cost: 0.0027 ips: 9.8960 images/s, max_mem_reserved: 2249 MB, max_mem_allocated: 2009 MB
[09/21 15:19:28] ppdet.engine.callbacks INFO: Epoch: [5] [150/266] learning_rate: 0.003898 loss: 1.555860 loss_cls: 1.001478 loss_iou: 0.163234 loss_dfl: 3.126920 eta: 1:00:21 batch_cost: 0.4009 data_cost: 0.0024 ips: 9.9783 images/s, max_mem_reserved: 2249 MB, max_mem_allocated: 2009 MB
[09/21 15:19:32] ppdet.engine.callbacks INFO: Epoch: [5] [160/266] learning_rate: 0.003897 loss: 1.504853 loss_cls: 0.954542 loss_iou: 0.155243 loss_dfl: 3.103831 eta: 1:00:18 batch_cost: 0.4045 data_cost: 0.0028 ips: 9.8881 images/s, max_mem_reserved: 2249 MB, max_mem_allocated: 2009 MB
[09/21 15:19:37] ppdet.engine.callbacks INFO: Epoch: [5] [170/266] learning_rate: 0.003895 loss: 1.535148 loss_cls: 0.968282 loss_iou: 0.160233 loss_dfl: 3.040913 eta: 1:00:16 batch_cost: 0.4253 data_cost: 0.0033 ips: 9.4045 images/s, max_mem_reserved: 2249 MB, max_mem_allocated: 2009 MB
[09/21 15:19:42] ppdet.engine.callbacks INFO: Epoch: [5] [180/266] learning_rate: 0.003894 loss: 1.607549 loss_cls: 1.033848 loss_iou: 0.160632 loss_dfl: 3.115858 eta: 1:00:12 batch_cost: 0.4002 data_cost: 0.0025 ips: 9.9942 images/s, max_mem_reserved: 2249 MB, max_mem_allocated: 2009 MB
[09/21 15:19:46] ppdet.engine.callbacks INFO: Epoch: [5] [190/266] learning_rate: 0.003892 loss: 1.530721 loss_cls: 0.982491 loss_iou: 0.172003 loss_dfl: 2.880068 eta: 1:00:08 batch_cost: 0.3986 data_cost: 0.0028 ips: 10.0361 images/s, max_mem_reserved: 2249 MB, max_mem_allocated: 2009 MB
[09/21 15:19:50] ppdet.engine.callbacks INFO: Epoch: [5] [200/266] learning_rate: 0.003890 loss: 1.547513 loss_cls: 1.000459 loss_iou: 0.168890 loss_dfl: 3.573900 eta: 1:00:05 batch_cost: 0.4034 data_cost: 0.0029 ips: 9.9161 images/s, max_mem_reserved: 2249 MB, max_mem_allocated: 2009 MB
[09/21 15:19:55] ppdet.engine.callbacks INFO: Epoch: [5] [210/266] learning_rate: 0.003889 loss: 1.541227 loss_cls: 0.991973 loss_iou: 0.162329 loss_dfl: 3.137728 eta: 1:00:01 batch_cost: 0.3955 data_cost: 0.0029 ips: 10.1139 images/s, max_mem_reserved: 2249 MB, max_mem_allocated: 2009 MB
[09/21 15:19:59] ppdet.engine.callbacks INFO: Epoch: [5] [220/266] learning_rate: 0.003887 loss: 1.505704 loss_cls: 0.955115 loss_iou: 0.158324 loss_dfl: 3.138881 eta: 0:59:57 batch_cost: 0.3916 data_cost: 0.0025 ips: 10.2156 images/s, max_mem_reserved: 2249 MB, max_mem_allocated: 2009 MB
[09/21 15:20:03] ppdet.engine.callbacks INFO: Epoch: [5] [230/266] learning_rate: 0.003886 loss: 1.518738 loss_cls: 0.943833 loss_iou: 0.158770 loss_dfl: 3.132442 eta: 0:59:52 batch_cost: 0.3892 data_cost: 0.0026 ips: 10.2764 images/s, max_mem_reserved: 2249 MB, max_mem_allocated: 2009 MB
[09/21 15:20:08] ppdet.engine.callbacks INFO: Epoch: [5] [240/266] learning_rate: 0.003884 loss: 1.520768 loss_cls: 0.966781 loss_iou: 0.156388 loss_dfl: 3.033570 eta: 0:59:49 batch_cost: 0.3983 data_cost: 0.0023 ips: 10.0419 images/s, max_mem_reserved: 2249 MB, max_mem_allocated: 2009 MB
[09/21 15:20:12] ppdet.engine.callbacks INFO: Epoch: [5] [250/266] learning_rate: 0.003882 loss: 1.467945 loss_cls: 0.946528 loss_iou: 0.157856 loss_dfl: 2.802229 eta: 0:59:45 batch_cost: 0.4086 data_cost: 0.0024 ips: 9.7902 images/s, max_mem_reserved: 2249 MB, max_mem_allocated: 2009 MB
[09/21 15:20:17] ppdet.engine.callbacks INFO: Epoch: [5] [260/266] learning_rate: 0.003880 loss: 1.501060 loss_cls: 0.953344 loss_iou: 0.161624 loss_dfl: 2.485796 eta: 0:59:42 batch_cost: 0.3993 data_cost: 0.0028 ips: 10.0164 images/s, max_mem_reserved: 2249 MB, max_mem_allocated: 2009 MB
[09/21 15:20:20] ppdet.engine.callbacks INFO: Epoch: [6] [  0/266] learning_rate: 0.003879 loss: 1.557889 loss_cls: 0.969282 loss_iou: 0.169835 loss_dfl: 2.583974 eta: 0:59:41 batch_cost: 0.4296 data_cost: 0.0329 ips: 9.3108 images/s, max_mem_reserved: 2249 MB, max_mem_allocated: 2009 MB
[09/21 15:20:24] ppdet.engine.callbacks INFO: Epoch: [6] [ 10/266] learning_rate: 0.003878 loss: 1.558256 loss_cls: 0.995925 loss_iou: 0.151125 loss_dfl: 3.439334 eta: 0:59:37 batch_cost: 0.3869 data_cost: 0.0005 ips: 10.3378 images/s, max_mem_reserved: 2249 MB, max_mem_allocated: 2009 MB
[09/21 15:20:29] ppdet.engine.callbacks INFO: Epoch: [6] [ 20/266] learning_rate: 0.003876 loss: 1.519739 loss_cls: 0.983591 loss_iou: 0.164239 loss_dfl: 2.965560 eta: 0:59:33 batch_cost: 0.4016 data_cost: 0.0019 ips: 9.9603 images/s, max_mem_reserved: 2249 MB, max_mem_allocated: 2009 MB
[09/21 15:20:33] ppdet.engine.callbacks INFO: Epoch: [6] [ 30/266] learning_rate: 0.003874 loss: 1.544064 loss_cls: 0.979418 loss_iou: 0.167551 loss_dfl: 3.190455 eta: 0:59:30 batch_cost: 0.4081 data_cost: 0.0024 ips: 9.8009 images/s, max_mem_reserved: 2249 MB, max_mem_allocated: 2009 MB
[09/21 15:20:38] ppdet.engine.callbacks INFO: Epoch: [6] [ 40/266] learning_rate: 0.003873 loss: 1.519338 loss_cls: 0.961195 loss_iou: 0.160656 loss_dfl: 2.729122 eta: 0:59:26 batch_cost: 0.3943 data_cost: 0.0019 ips: 10.1437 images/s, max_mem_reserved: 2249 MB, max_mem_allocated: 2009 MB
[09/21 15:20:42] ppdet.engine.callbacks INFO: Epoch: [6] [ 50/266] learning_rate: 0.003871 loss: 1.540307 loss_cls: 0.992547 loss_iou: 0.157972 loss_dfl: 2.923820 eta: 0:59:22 batch_cost: 0.3968 data_cost: 0.0023 ips: 10.0810 images/s, max_mem_reserved: 2249 MB, max_mem_allocated: 2009 MB
[09/21 15:20:47] ppdet.engine.callbacks INFO: Epoch: [6] [ 60/266] learning_rate: 0.003869 loss: 1.563249 loss_cls: 0.983658 loss_iou: 0.166629 loss_dfl: 3.196369 eta: 0:59:18 batch_cost: 0.3933 data_cost: 0.0027 ips: 10.1694 images/s, max_mem_reserved: 2249 MB, max_mem_allocated: 2009 MB
[09/21 15:20:51] ppdet.engine.callbacks INFO: Epoch: [6] [ 70/266] learning_rate: 0.003867 loss: 1.517478 loss_cls: 0.972839 loss_iou: 0.148886 loss_dfl: 3.472487 eta: 0:59:13 batch_cost: 0.3936 data_cost: 0.0026 ips: 10.1622 images/s, max_mem_reserved: 2249 MB, max_mem_allocated: 2009 MB
[09/21 15:20:55] ppdet.engine.callbacks INFO: Epoch: [6] [ 80/266] learning_rate: 0.003865 loss: 1.556662 loss_cls: 0.980166 loss_iou: 0.168711 loss_dfl: 2.942217 eta: 0:59:09 batch_cost: 0.3942 data_cost: 0.0028 ips: 10.1474 images/s, max_mem_reserved: 2249 MB, max_mem_allocated: 2009 MB
[09/21 15:21:00] ppdet.engine.callbacks INFO: Epoch: [6] [ 90/266] learning_rate: 0.003864 loss: 1.544934 loss_cls: 0.989615 loss_iou: 0.161412 loss_dfl: 3.272027 eta: 0:59:05 batch_cost: 0.3891 data_cost: 0.0023 ips: 10.2798 images/s, max_mem_reserved: 2249 MB, max_mem_allocated: 2009 MB
[09/21 15:21:04] ppdet.engine.callbacks INFO: Epoch: [6] [100/266] learning_rate: 0.003862 loss: 1.563487 loss_cls: 1.015795 loss_iou: 0.157930 loss_dfl: 2.982975 eta: 0:59:01 batch_cost: 0.4007 data_cost: 0.0023 ips: 9.9821 images/s, max_mem_reserved: 2249 MB, max_mem_allocated: 2009 MB
[09/21 15:21:08] ppdet.engine.callbacks INFO: Epoch: [6] [110/266] learning_rate: 0.003860 loss: 1.607256 loss_cls: 1.002974 loss_iou: 0.172694 loss_dfl: 3.273413 eta: 0:58:56 batch_cost: 0.3786 data_cost: 0.0037 ips: 10.5645 images/s, max_mem_reserved: 2249 MB, max_mem_allocated: 2009 MB
[09/21 15:21:13] ppdet.engine.callbacks INFO: Epoch: [6] [120/266] learning_rate: 0.003858 loss: 1.556367 loss_cls: 1.013107 loss_iou: 0.162252 loss_dfl: 2.842106 eta: 0:58:53 batch_cost: 0.4002 data_cost: 0.0029 ips: 9.9951 images/s, max_mem_reserved: 2249 MB, max_mem_allocated: 2009 MB
[09/21 15:21:17] ppdet.engine.callbacks INFO: Epoch: [6] [130/266] learning_rate: 0.003856 loss: 1.510022 loss_cls: 0.965970 loss_iou: 0.155984 loss_dfl: 3.005358 eta: 0:58:50 batch_cost: 0.4133 data_cost: 0.0025 ips: 9.6779 images/s, max_mem_reserved: 2249 MB, max_mem_allocated: 2009 MB
[09/21 15:21:22] ppdet.engine.callbacks INFO: Epoch: [6] [140/266] learning_rate: 0.003854 loss: 1.553356 loss_cls: 0.946635 loss_iou: 0.167414 loss_dfl: 3.437675 eta: 0:58:46 batch_cost: 0.3970 data_cost: 0.0026 ips: 10.0757 images/s, max_mem_reserved: 2249 MB, max_mem_allocated: 2009 MB
[09/21 15:21:26] ppdet.engine.callbacks INFO: Epoch: [6] [150/266] learning_rate: 0.003853 loss: 1.558829 loss_cls: 0.993803 loss_iou: 0.153531 loss_dfl: 3.353058 eta: 0:58:41 batch_cost: 0.3820 data_cost: 0.0024 ips: 10.4710 images/s, max_mem_reserved: 2249 MB, max_mem_allocated: 2009 MB
[09/21 15:21:30] ppdet.engine.callbacks INFO: Epoch: [6] [160/266] learning_rate: 0.003851 loss: 1.507636 loss_cls: 0.985219 loss_iou: 0.150979 loss_dfl: 3.117186 eta: 0:58:37 batch_cost: 0.3945 data_cost: 0.0035 ips: 10.1386 images/s, max_mem_reserved: 2249 MB, max_mem_allocated: 2009 MB
[09/21 15:21:35] ppdet.engine.callbacks INFO: Epoch: [6] [170/266] learning_rate: 0.003849 loss: 1.510724 loss_cls: 0.941741 loss_iou: 0.168012 loss_dfl: 2.728406 eta: 0:58:34 batch_cost: 0.4057 data_cost: 0.0040 ips: 9.8593 images/s, max_mem_reserved: 2249 MB, max_mem_allocated: 2009 MB
[09/21 15:21:39] ppdet.engine.callbacks INFO: Epoch: [6] [180/266] learning_rate: 0.003847 loss: 1.555375 loss_cls: 0.976282 loss_iou: 0.170198 loss_dfl: 2.675500 eta: 0:58:29 batch_cost: 0.3880 data_cost: 0.0026 ips: 10.3089 images/s, max_mem_reserved: 2249 MB, max_mem_allocated: 2009 MB
[09/21 15:21:43] ppdet.engine.callbacks INFO: Epoch: [6] [190/266] learning_rate: 0.003845 loss: 1.555275 loss_cls: 1.020455 loss_iou: 0.145185 loss_dfl: 3.076892 eta: 0:58:25 batch_cost: 0.3915 data_cost: 0.0025 ips: 10.2167 images/s, max_mem_reserved: 2249 MB, max_mem_allocated: 2009 MB
[09/21 15:21:48] ppdet.engine.callbacks INFO: Epoch: [6] [200/266] learning_rate: 0.003843 loss: 1.572801 loss_cls: 0.995348 loss_iou: 0.169474 loss_dfl: 2.832559 eta: 0:58:21 batch_cost: 0.4016 data_cost: 0.0025 ips: 9.9608 images/s, max_mem_reserved: 2249 MB, max_mem_allocated: 2009 MB
[09/21 15:21:52] ppdet.engine.callbacks INFO: Epoch: [6] [210/266] learning_rate: 0.003841 loss: 1.572916 loss_cls: 0.993861 loss_iou: 0.160126 loss_dfl: 3.274299 eta: 0:58:17 batch_cost: 0.3957 data_cost: 0.0026 ips: 10.1096 images/s, max_mem_reserved: 2249 MB, max_mem_allocated: 2009 MB
[09/21 15:21:57] ppdet.engine.callbacks INFO: Epoch: [6] [220/266] learning_rate: 0.003839 loss: 1.538813 loss_cls: 1.003636 loss_iou: 0.159959 loss_dfl: 2.970588 eta: 0:58:13 batch_cost: 0.3965 data_cost: 0.0028 ips: 10.0881 images/s, max_mem_reserved: 2249 MB, max_mem_allocated: 2009 MB
[09/21 15:22:01] ppdet.engine.callbacks INFO: Epoch: [6] [230/266] learning_rate: 0.003837 loss: 1.576609 loss_cls: 0.980841 loss_iou: 0.176559 loss_dfl: 3.226462 eta: 0:58:09 batch_cost: 0.3954 data_cost: 0.0025 ips: 10.1155 images/s, max_mem_reserved: 2249 MB, max_mem_allocated: 2009 MB
[09/21 15:22:07] ppdet.engine.callbacks INFO: Epoch: [6] [240/266] learning_rate: 0.003835 loss: 1.502820 loss_cls: 1.001282 loss_iou: 0.150913 loss_dfl: 3.004150 eta: 0:58:12 batch_cost: 0.5239 data_cost: 0.0018 ips: 7.6358 images/s, max_mem_reserved: 2249 MB, max_mem_allocated: 2009 MB
[09/21 15:22:12] ppdet.engine.callbacks INFO: Epoch: [6] [250/266] learning_rate: 0.003833 loss: 1.522598 loss_cls: 0.972893 loss_iou: 0.162144 loss_dfl: 3.370488 eta: 0:58:09 batch_cost: 0.4154 data_cost: 0.0034 ips: 9.6300 images/s, max_mem_reserved: 2249 MB, max_mem_allocated: 2009 MB
[09/21 15:22:17] ppdet.engine.callbacks INFO: Epoch: [6] [260/266] learning_rate: 0.003831 loss: 1.466883 loss_cls: 0.976506 loss_iou: 0.151595 loss_dfl: 2.766038 eta: 0:58:05 batch_cost: 0.4122 data_cost: 0.0023 ips: 9.7034 images/s, max_mem_reserved: 2249 MB, max_mem_allocated: 2009 MB
[09/21 15:22:20] ppdet.engine.callbacks INFO: Epoch: [7] [  0/266] learning_rate: 0.003830 loss: 1.474591 loss_cls: 0.955727 loss_iou: 0.160368 loss_dfl: 2.784646 eta: 0:58:05 batch_cost: 0.4478 data_cost: 0.0428 ips: 8.9334 images/s, max_mem_reserved: 2249 MB, max_mem_allocated: 2009 MB
[09/21 15:22:25] ppdet.engine.callbacks INFO: Epoch: [7] [ 10/266] learning_rate: 0.003828 loss: 1.501855 loss_cls: 0.931843 loss_iou: 0.170782 loss_dfl: 2.851234 eta: 0:58:01 batch_cost: 0.4068 data_cost: 0.0113 ips: 9.8336 images/s, max_mem_reserved: 2249 MB, max_mem_allocated: 2009 MB
[09/21 15:22:29] ppdet.engine.callbacks INFO: Epoch: [7] [ 20/266] learning_rate: 0.003826 loss: 1.526264 loss_cls: 1.018086 loss_iou: 0.150135 loss_dfl: 3.062200 eta: 0:57:57 batch_cost: 0.3837 data_cost: 0.0012 ips: 10.4241 images/s, max_mem_reserved: 2249 MB, max_mem_allocated: 2009 MB
[09/21 15:22:33] ppdet.engine.callbacks INFO: Epoch: [7] [ 30/266] learning_rate: 0.003824 loss: 1.497724 loss_cls: 0.960460 loss_iou: 0.157104 loss_dfl: 2.836305 eta: 0:57:53 batch_cost: 0.4030 data_cost: 0.0013 ips: 9.9249 images/s, max_mem_reserved: 2249 MB, max_mem_allocated: 2009 MB
[09/21 15:22:38] ppdet.engine.callbacks INFO: Epoch: [7] [ 40/266] learning_rate: 0.003822 loss: 1.509029 loss_cls: 0.966072 loss_iou: 0.159733 loss_dfl: 2.832217 eta: 0:57:49 batch_cost: 0.4025 data_cost: 0.0016 ips: 9.9387 images/s, max_mem_reserved: 2249 MB, max_mem_allocated: 2009 MB
[09/21 15:22:43] ppdet.engine.callbacks INFO: Epoch: [7] [ 50/266] learning_rate: 0.003820 loss: 1.503786 loss_cls: 0.966896 loss_iou: 0.168072 loss_dfl: 3.002797 eta: 0:57:46 batch_cost: 0.4093 data_cost: 0.0017 ips: 9.7731 images/s, max_mem_reserved: 2249 MB, max_mem_allocated: 2009 MB
[09/21 15:22:47] ppdet.engine.callbacks INFO: Epoch: [7] [ 60/266] learning_rate: 0.003818 loss: 1.526443 loss_cls: 0.968162 loss_iou: 0.160401 loss_dfl: 3.263453 eta: 0:57:42 batch_cost: 0.3963 data_cost: 0.0031 ips: 10.0926 images/s, max_mem_reserved: 2249 MB, max_mem_allocated: 2009 MB
[09/21 15:22:52] ppdet.engine.callbacks INFO: Epoch: [7] [ 70/266] learning_rate: 0.003815 loss: 1.472222 loss_cls: 0.968039 loss_iou: 0.142140 loss_dfl: 2.677431 eta: 0:57:38 batch_cost: 0.3897 data_cost: 0.0022 ips: 10.2641 images/s, max_mem_reserved: 2249 MB, max_mem_allocated: 2009 MB
[09/21 15:22:56] ppdet.engine.callbacks INFO: Epoch: [7] [ 80/266] learning_rate: 0.003813 loss: 1.539715 loss_cls: 0.949942 loss_iou: 0.160168 loss_dfl: 3.265861 eta: 0:57:33 batch_cost: 0.3822 data_cost: 0.0022 ips: 10.4651 images/s, max_mem_reserved: 2249 MB, max_mem_allocated: 2009 MB
[09/21 15:23:00] ppdet.engine.callbacks INFO: Epoch: [7] [ 90/266] learning_rate: 0.003811 loss: 1.473546 loss_cls: 0.944489 loss_iou: 0.152259 loss_dfl: 2.956467 eta: 0:57:29 batch_cost: 0.3831 data_cost: 0.0026 ips: 10.4408 images/s, max_mem_reserved: 2249 MB, max_mem_allocated: 2009 MB
[09/21 15:23:04] ppdet.engine.callbacks INFO: Epoch: [7] [100/266] learning_rate: 0.003809 loss: 1.555286 loss_cls: 0.954183 loss_iou: 0.174152 loss_dfl: 2.908718 eta: 0:57:25 batch_cost: 0.3994 data_cost: 0.0029 ips: 10.0148 images/s, max_mem_reserved: 2249 MB, max_mem_allocated: 2009 MB
[09/21 15:23:09] ppdet.engine.callbacks INFO: Epoch: [7] [110/266] learning_rate: 0.003807 loss: 1.513936 loss_cls: 0.943519 loss_iou: 0.167443 loss_dfl: 3.357414 eta: 0:57:21 batch_cost: 0.4053 data_cost: 0.0026 ips: 9.8688 images/s, max_mem_reserved: 2249 MB, max_mem_allocated: 2009 MB
[09/21 15:23:13] ppdet.engine.callbacks INFO: Epoch: [7] [120/266] learning_rate: 0.003805 loss: 1.455992 loss_cls: 0.950152 loss_iou: 0.145859 loss_dfl: 3.019151 eta: 0:57:17 batch_cost: 0.3981 data_cost: 0.0022 ips: 10.0485 images/s, max_mem_reserved: 2249 MB, max_mem_allocated: 2009 MB
[09/21 15:23:18] ppdet.engine.callbacks INFO: Epoch: [7] [130/266] learning_rate: 0.003803 loss: 1.536118 loss_cls: 0.990182 loss_iou: 0.159507 loss_dfl: 3.285873 eta: 0:57:13 batch_cost: 0.3929 data_cost: 0.0031 ips: 10.1797 images/s, max_mem_reserved: 2249 MB, max_mem_allocated: 2009 MB
[09/21 15:23:22] ppdet.engine.callbacks INFO: Epoch: [7] [140/266] learning_rate: 0.003801 loss: 1.518664 loss_cls: 0.977548 loss_iou: 0.161609 loss_dfl: 2.875718 eta: 0:57:09 batch_cost: 0.4025 data_cost: 0.0024 ips: 9.9388 images/s, max_mem_reserved: 2249 MB, max_mem_allocated: 2009 MB
[09/21 15:23:26] ppdet.engine.callbacks INFO: Epoch: [7] [150/266] learning_rate: 0.003798 loss: 1.453118 loss_cls: 0.967219 loss_iou: 0.136080 loss_dfl: 2.412779 eta: 0:57:05 batch_cost: 0.3928 data_cost: 0.0026 ips: 10.1826 images/s, max_mem_reserved: 2249 MB, max_mem_allocated: 2009 MB
[09/21 15:23:31] ppdet.engine.callbacks INFO: Epoch: [7] [160/266] learning_rate: 0.003796 loss: 1.547924 loss_cls: 0.981017 loss_iou: 0.161789 loss_dfl: 3.625036 eta: 0:57:02 batch_cost: 0.4068 data_cost: 0.0026 ips: 9.8333 images/s, max_mem_reserved: 2249 MB, max_mem_allocated: 2009 MB
[09/21 15:23:35] ppdet.engine.callbacks INFO: Epoch: [7] [170/266] learning_rate: 0.003794 loss: 1.511430 loss_cls: 0.951840 loss_iou: 0.161970 loss_dfl: 3.009419 eta: 0:56:57 batch_cost: 0.3899 data_cost: 0.0027 ips: 10.2590 images/s, max_mem_reserved: 2249 MB, max_mem_allocated: 2009 MB
[09/21 15:23:40] ppdet.engine.callbacks INFO: Epoch: [7] [180/266] learning_rate: 0.003792 loss: 1.498360 loss_cls: 0.962730 loss_iou: 0.159244 loss_dfl: 2.783407 eta: 0:56:54 batch_cost: 0.4125 data_cost: 0.0029 ips: 9.6972 images/s, max_mem_reserved: 2249 MB, max_mem_allocated: 2009 MB
[09/21 15:23:44] ppdet.engine.callbacks INFO: Epoch: [7] [190/266] learning_rate: 0.003789 loss: 1.530890 loss_cls: 0.979274 loss_iou: 0.156726 loss_dfl: 2.914465 eta: 0:56:50 batch_cost: 0.3978 data_cost: 0.0033 ips: 10.0556 images/s, max_mem_reserved: 2249 MB, max_mem_allocated: 2009 MB
[09/21 15:23:49] ppdet.engine.callbacks INFO: Epoch: [7] [200/266] learning_rate: 0.003787 loss: 1.531754 loss_cls: 0.971318 loss_iou: 0.169177 loss_dfl: 3.034334 eta: 0:56:47 batch_cost: 0.4107 data_cost: 0.0025 ips: 9.7400 images/s, max_mem_reserved: 2249 MB, max_mem_allocated: 2009 MB
[09/21 15:23:53] ppdet.engine.callbacks INFO: Epoch: [7] [210/266] learning_rate: 0.003785 loss: 1.486310 loss_cls: 0.963508 loss_iou: 0.148352 loss_dfl: 2.693596 eta: 0:56:42 batch_cost: 0.3820 data_cost: 0.0025 ips: 10.4700 images/s, max_mem_reserved: 2249 MB, max_mem_allocated: 2009 MB
[09/21 15:23:57] ppdet.engine.callbacks INFO: Epoch: [7] [220/266] learning_rate: 0.003783 loss: 1.515568 loss_cls: 1.014231 loss_iou: 0.151205 loss_dfl: 2.927265 eta: 0:56:38 batch_cost: 0.3847 data_cost: 0.0024 ips: 10.3969 images/s, max_mem_reserved: 2249 MB, max_mem_allocated: 2009 MB
[09/21 15:24:02] ppdet.engine.callbacks INFO: Epoch: [7] [230/266] learning_rate: 0.003780 loss: 1.511913 loss_cls: 0.965523 loss_iou: 0.165190 loss_dfl: 3.121606 eta: 0:56:35 batch_cost: 0.4291 data_cost: 0.0027 ips: 9.3228 images/s, max_mem_reserved: 2249 MB, max_mem_allocated: 2009 MB
[09/21 15:24:07] ppdet.engine.callbacks INFO: Epoch: [7] [240/266] learning_rate: 0.003778 loss: 1.631635 loss_cls: 0.968545 loss_iou: 0.169564 loss_dfl: 3.104627 eta: 0:56:31 batch_cost: 0.4068 data_cost: 0.0035 ips: 9.8334 images/s, max_mem_reserved: 2249 MB, max_mem_allocated: 2009 MB
[09/21 15:24:11] ppdet.engine.callbacks INFO: Epoch: [7] [250/266] learning_rate: 0.003776 loss: 1.511527 loss_cls: 0.974499 loss_iou: 0.147829 loss_dfl: 2.970217 eta: 0:56:27 batch_cost: 0.3940 data_cost: 0.0021 ips: 10.1535 images/s, max_mem_reserved: 2249 MB, max_mem_allocated: 2009 MB
[09/21 15:24:16] ppdet.engine.callbacks INFO: Epoch: [7] [260/266] learning_rate: 0.003774 loss: 1.547980 loss_cls: 1.000093 loss_iou: 0.156825 loss_dfl: 3.212230 eta: 0:56:23 batch_cost: 0.4020 data_cost: 0.0027 ips: 9.9511 images/s, max_mem_reserved: 2249 MB, max_mem_allocated: 2009 MB
[09/21 15:24:18] ppdet.utils.checkpoint INFO: Save checkpoint: output_aug
[09/21 15:24:19] ppdet.engine.callbacks INFO: Eval iter: 0
[09/21 15:24:28] ppdet.metrics.metrics INFO: Accumulating evaluatation results...
[09/21 15:24:28] ppdet.metrics.metrics INFO: mAP(0.50, 11point) = 84.01%
[09/21 15:24:28] ppdet.engine.callbacks INFO: Total sample number: 100, average FPS: 10.369225203321838
[09/21 15:24:28] ppdet.engine INFO: Best test bbox ap is 0.840.
[09/21 15:24:29] ppdet.utils.checkpoint INFO: Save checkpoint: output_aug
[09/21 15:24:29] ppdet.engine.callbacks INFO: Epoch: [8] [  0/266] learning_rate: 0.003772 loss: 1.553629 loss_cls: 0.979795 loss_iou: 0.174219 loss_dfl: 2.861892 eta: 0:56:21 batch_cost: 0.3866 data_cost: 0.0028 ips: 10.3455 images/s, max_mem_reserved: 2249 MB, max_mem_allocated: 2009 MB
[09/21 15:24:34] ppdet.engine.callbacks INFO: Epoch: [8] [ 10/266] learning_rate: 0.003770 loss: 1.498937 loss_cls: 0.971416 loss_iou: 0.164888 loss_dfl: 3.045213 eta: 0:56:18 batch_cost: 0.4334 data_cost: 0.0026 ips: 9.2299 images/s, max_mem_reserved: 2249 MB, max_mem_allocated: 2009 MB
[09/21 15:24:56] ppdet.engine.callbacks INFO: Epoch: [8] [ 20/266] learning_rate: 0.003768 loss: 1.495004 loss_cls: 0.966590 loss_iou: 0.159392 loss_dfl: 2.802406 eta: 0:57:23 batch_cost: 2.1467 data_cost: 0.0021 ips: 1.8633 images/s, max_mem_reserved: 2249 MB, max_mem_allocated: 2009 MB
[09/21 15:25:00] ppdet.engine.callbacks INFO: Epoch: [8] [ 30/266] learning_rate: 0.003765 loss: 1.508146 loss_cls: 0.991094 loss_iou: 0.147347 loss_dfl: 2.978454 eta: 0:57:19 batch_cost: 0.4078 data_cost: 0.0023 ips: 9.8081 images/s, max_mem_reserved: 2249 MB, max_mem_allocated: 2009 MB
[09/21 15:25:05] ppdet.engine.callbacks INFO: Epoch: [8] [ 40/266] learning_rate: 0.003763 loss: 1.502833 loss_cls: 0.918107 loss_iou: 0.157226 loss_dfl: 3.155224 eta: 0:57:15 batch_cost: 0.3963 data_cost: 0.0025 ips: 10.0927 images/s, max_mem_reserved: 2249 MB, max_mem_allocated: 2009 MB
[09/21 15:25:09] ppdet.engine.callbacks INFO: Epoch: [8] [ 50/266] learning_rate: 0.003760 loss: 1.527935 loss_cls: 0.957791 loss_iou: 0.165823 loss_dfl: 3.232453 eta: 0:57:11 batch_cost: 0.3949 data_cost: 0.0019 ips: 10.1302 images/s, max_mem_reserved: 2249 MB, max_mem_allocated: 2009 MB
[09/21 15:25:14] ppdet.engine.callbacks INFO: Epoch: [8] [ 60/266] learning_rate: 0.003758 loss: 1.542009 loss_cls: 1.000871 loss_iou: 0.160566 loss_dfl: 2.633321 eta: 0:57:06 batch_cost: 0.3908 data_cost: 0.0030 ips: 10.2361 images/s, max_mem_reserved: 2249 MB, max_mem_allocated: 2009 MB
[09/21 15:25:18] ppdet.engine.callbacks INFO: Epoch: [8] [ 70/266] learning_rate: 0.003756 loss: 1.453671 loss_cls: 0.956794 loss_iou: 0.147892 loss_dfl: 2.723766 eta: 0:57:02 batch_cost: 0.4120 data_cost: 0.0024 ips: 9.7085 images/s, max_mem_reserved: 2249 MB, max_mem_allocated: 2009 MB
[09/21 15:25:38] ppdet.engine.callbacks INFO: Epoch: [8] [ 80/266] learning_rate: 0.003753 loss: 1.503099 loss_cls: 0.971996 loss_iou: 0.159988 loss_dfl: 2.890019 eta: 0:57:55 batch_cost: 1.9079 data_cost: 0.0030 ips: 2.0966 images/s, max_mem_reserved: 2249 MB, max_mem_allocated: 2009 MB
[09/21 15:25:42] ppdet.engine.callbacks INFO: Epoch: [8] [ 90/266] learning_rate: 0.003751 loss: 1.458964 loss_cls: 0.968294 loss_iou: 0.148345 loss_dfl: 3.139722 eta: 0:57:50 batch_cost: 0.3886 data_cost: 0.0024 ips: 10.2941 images/s, max_mem_reserved: 2249 MB, max_mem_allocated: 2009 MB
[09/21 15:25:46] ppdet.engine.callbacks INFO: Epoch: [8] [100/266] learning_rate: 0.003748 loss: 1.465628 loss_cls: 0.965744 loss_iou: 0.152152 loss_dfl: 2.302456 eta: 0:57:46 batch_cost: 0.3962 data_cost: 0.0028 ips: 10.0970 images/s, max_mem_reserved: 2249 MB, max_mem_allocated: 2009 MB
[09/21 15:25:51] ppdet.engine.callbacks INFO: Epoch: [8] [110/266] learning_rate: 0.003746 loss: 1.485433 loss_cls: 0.957756 loss_iou: 0.151523 loss_dfl: 2.987840 eta: 0:57:42 batch_cost: 0.4116 data_cost: 0.0031 ips: 9.7174 images/s, max_mem_reserved: 2249 MB, max_mem_allocated: 2009 MB
[09/21 15:25:55] ppdet.engine.callbacks INFO: Epoch: [8] [120/266] learning_rate: 0.003744 loss: 1.506927 loss_cls: 0.953092 loss_iou: 0.160673 loss_dfl: 3.035350 eta: 0:57:36 batch_cost: 0.3873 data_cost: 0.0025 ips: 10.3284 images/s, max_mem_reserved: 2249 MB, max_mem_allocated: 2009 MB
[09/21 15:26:00] ppdet.engine.callbacks INFO: Epoch: [8] [130/266] learning_rate: 0.003741 loss: 1.487837 loss_cls: 0.960420 loss_iou: 0.165954 loss_dfl: 2.951881 eta: 0:57:32 batch_cost: 0.3962 data_cost: 0.0037 ips: 10.0964 images/s, max_mem_reserved: 2249 MB, max_mem_allocated: 2009 MB
[09/21 15:26:04] ppdet.engine.callbacks INFO: Epoch: [8] [140/266] learning_rate: 0.003739 loss: 1.492251 loss_cls: 0.983595 loss_iou: 0.154581 loss_dfl: 2.698099 eta: 0:57:27 batch_cost: 0.3943 data_cost: 0.0032 ips: 10.1436 images/s, max_mem_reserved: 2249 MB, max_mem_allocated: 2009 MB
[09/21 15:26:08] ppdet.engine.callbacks INFO: Epoch: [8] [150/266] learning_rate: 0.003736 loss: 1.503629 loss_cls: 0.944132 loss_iou: 0.160442 loss_dfl: 2.980191 eta: 0:57:22 batch_cost: 0.3813 data_cost: 0.0030 ips: 10.4894 images/s, max_mem_reserved: 2249 MB, max_mem_allocated: 2009 MB
[09/21 15:26:12] ppdet.engine.callbacks INFO: Epoch: [8] [160/266] learning_rate: 0.003734 loss: 1.482251 loss_cls: 0.942780 loss_iou: 0.159988 loss_dfl: 3.002621 eta: 0:57:17 batch_cost: 0.4015 data_cost: 0.0027 ips: 9.9622 images/s, max_mem_reserved: 2249 MB, max_mem_allocated: 2009 MB
[09/21 15:26:17] ppdet.engine.callbacks INFO: Epoch: [8] [170/266] learning_rate: 0.003731 loss: 1.492568 loss_cls: 0.944902 loss_iou: 0.150059 loss_dfl: 2.797393 eta: 0:57:12 batch_cost: 0.3930 data_cost: 0.0026 ips: 10.1777 images/s, max_mem_reserved: 2249 MB, max_mem_allocated: 2009 MB
[09/21 15:26:21] ppdet.engine.callbacks INFO: Epoch: [8] [180/266] learning_rate: 0.003729 loss: 1.488094 loss_cls: 0.962449 loss_iou: 0.150528 loss_dfl: 2.767982 eta: 0:57:07 batch_cost: 0.3806 data_cost: 0.0030 ips: 10.5098 images/s, max_mem_reserved: 2249 MB, max_mem_allocated: 2009 MB
[09/21 15:26:25] ppdet.engine.callbacks INFO: Epoch: [8] [190/266] learning_rate: 0.003726 loss: 1.531808 loss_cls: 0.990484 loss_iou: 0.155562 loss_dfl: 3.009839 eta: 0:57:02 batch_cost: 0.3926 data_cost: 0.0026 ips: 10.1882 images/s, max_mem_reserved: 2249 MB, max_mem_allocated: 2009 MB
[09/21 15:26:30] ppdet.engine.callbacks INFO: Epoch: [8] [200/266] learning_rate: 0.003724 loss: 1.510366 loss_cls: 0.969522 loss_iou: 0.156112 loss_dfl: 2.890394 eta: 0:56:58 batch_cost: 0.4008 data_cost: 0.0028 ips: 9.9809 images/s, max_mem_reserved: 2249 MB, max_mem_allocated: 2009 MB
[09/21 15:26:34] ppdet.engine.callbacks INFO: Epoch: [8] [210/266] learning_rate: 0.003721 loss: 1.427390 loss_cls: 0.916688 loss_iou: 0.153197 loss_dfl: 2.897422 eta: 0:56:53 batch_cost: 0.3918 data_cost: 0.0026 ips: 10.2104 images/s, max_mem_reserved: 2249 MB, max_mem_allocated: 2009 MB
[09/21 15:26:44] ppdet.engine.callbacks INFO: Epoch: [8] [220/266] learning_rate: 0.003719 loss: 1.498971 loss_cls: 0.920382 loss_iou: 0.171445 loss_dfl: 2.801006 eta: 0:57:10 batch_cost: 1.0073 data_cost: 0.0026 ips: 3.9709 images/s, max_mem_reserved: 2249 MB, max_mem_allocated: 2009 MB
[09/21 15:26:49] ppdet.engine.callbacks INFO: Epoch: [8] [230/266] learning_rate: 0.003716 loss: 1.481793 loss_cls: 0.956487 loss_iou: 0.146805 loss_dfl: 2.553776 eta: 0:57:06 batch_cost: 0.4193 data_cost: 0.0027 ips: 9.5387 images/s, max_mem_reserved: 2249 MB, max_mem_allocated: 2009 MB
[09/21 15:26:53] ppdet.engine.callbacks INFO: Epoch: [8] [240/266] learning_rate: 0.003713 loss: 1.502062 loss_cls: 0.959131 loss_iou: 0.166337 loss_dfl: 3.624753 eta: 0:57:01 batch_cost: 0.3842 data_cost: 0.0029 ips: 10.4101 images/s, max_mem_reserved: 2249 MB, max_mem_allocated: 2009 MB
[09/21 15:26:57] ppdet.engine.callbacks INFO: Epoch: [8] [250/266] learning_rate: 0.003711 loss: 1.453908 loss_cls: 0.919857 loss_iou: 0.143937 loss_dfl: 2.606976 eta: 0:56:55 batch_cost: 0.3739 data_cost: 0.0025 ips: 10.6976 images/s, max_mem_reserved: 2249 MB, max_mem_allocated: 2009 MB
[09/21 15:27:01] ppdet.engine.callbacks INFO: Epoch: [8] [260/266] learning_rate: 0.003708 loss: 1.496727 loss_cls: 0.951653 loss_iou: 0.161197 loss_dfl: 2.906639 eta: 0:56:50 batch_cost: 0.3781 data_cost: 0.0026 ips: 10.5798 images/s, max_mem_reserved: 2249 MB, max_mem_allocated: 2009 MB
[09/21 15:27:04] ppdet.engine.callbacks INFO: Epoch: [9] [  0/266] learning_rate: 0.003707 loss: 1.496727 loss_cls: 0.973215 loss_iou: 0.158669 loss_dfl: 3.177294 eta: 0:56:48 batch_cost: 0.4145 data_cost: 0.0319 ips: 9.6503 images/s, max_mem_reserved: 2249 MB, max_mem_allocated: 2009 MB
[09/21 15:27:08] ppdet.engine.callbacks INFO: Epoch: [9] [ 10/266] learning_rate: 0.003704 loss: 1.448731 loss_cls: 0.956764 loss_iou: 0.144432 loss_dfl: 2.620869 eta: 0:56:43 batch_cost: 0.3789 data_cost: 0.0009 ips: 10.5567 images/s, max_mem_reserved: 2249 MB, max_mem_allocated: 2009 MB
[09/21 15:27:13] ppdet.engine.callbacks INFO: Epoch: [9] [ 20/266] learning_rate: 0.003701 loss: 1.480448 loss_cls: 0.971834 loss_iou: 0.148043 loss_dfl: 2.847975 eta: 0:56:38 batch_cost: 0.3903 data_cost: 0.0020 ips: 10.2481 images/s, max_mem_reserved: 2249 MB, max_mem_allocated: 2009 MB
[09/21 15:27:26] ppdet.engine.callbacks INFO: Epoch: [9] [ 30/266] learning_rate: 0.003699 loss: 1.498747 loss_cls: 0.937301 loss_iou: 0.168410 loss_dfl: 2.669054 eta: 0:57:03 batch_cost: 1.2644 data_cost: 0.0022 ips: 3.1636 images/s, max_mem_reserved: 2249 MB, max_mem_allocated: 2009 MB
[09/21 15:27:30] ppdet.engine.callbacks INFO: Epoch: [9] [ 40/266] learning_rate: 0.003696 loss: 1.456974 loss_cls: 0.957592 loss_iou: 0.142784 loss_dfl: 2.722148 eta: 0:56:58 batch_cost: 0.3946 data_cost: 0.0021 ips: 10.1361 images/s, max_mem_reserved: 2249 MB, max_mem_allocated: 2009 MB
[09/21 15:27:35] ppdet.engine.callbacks INFO: Epoch: [9] [ 50/266] learning_rate: 0.003694 loss: 1.467824 loss_cls: 0.969258 loss_iou: 0.147047 loss_dfl: 2.795818 eta: 0:56:54 batch_cost: 0.4329 data_cost: 0.0038 ips: 9.2408 images/s, max_mem_reserved: 2249 MB, max_mem_allocated: 2009 MB
[09/21 15:27:39] ppdet.engine.callbacks INFO: Epoch: [9] [ 60/266] learning_rate: 0.003691 loss: 1.491206 loss_cls: 0.930410 loss_iou: 0.159557 loss_dfl: 2.945639 eta: 0:56:50 batch_cost: 0.4092 data_cost: 0.0026 ips: 9.7756 images/s, max_mem_reserved: 2249 MB, max_mem_allocated: 2009 MB
[09/21 15:27:43] ppdet.engine.callbacks INFO: Epoch: [9] [ 70/266] learning_rate: 0.003688 loss: 1.498688 loss_cls: 0.937497 loss_iou: 0.166484 loss_dfl: 3.102871 eta: 0:56:45 batch_cost: 0.3976 data_cost: 0.0037 ips: 10.0613 images/s, max_mem_reserved: 2249 MB, max_mem_allocated: 2009 MB
[09/21 15:27:54] ppdet.engine.callbacks INFO: Epoch: [9] [ 80/266] learning_rate: 0.003685 loss: 1.474301 loss_cls: 0.931299 loss_iou: 0.157909 loss_dfl: 3.228061 eta: 0:57:01 batch_cost: 1.0178 data_cost: 0.0028 ips: 3.9300 images/s, max_mem_reserved: 2249 MB, max_mem_allocated: 2009 MB
[09/21 15:27:58] ppdet.engine.callbacks INFO: Epoch: [9] [ 90/266] learning_rate: 0.003683 loss: 1.447192 loss_cls: 0.940535 loss_iou: 0.145624 loss_dfl: 2.581935 eta: 0:56:56 batch_cost: 0.3970 data_cost: 0.0028 ips: 10.0746 images/s, max_mem_reserved: 2249 MB, max_mem_allocated: 2009 MB
[09/21 15:28:04] ppdet.engine.callbacks INFO: Epoch: [9] [100/266] learning_rate: 0.003680 loss: 1.454748 loss_cls: 0.924487 loss_iou: 0.161814 loss_dfl: 2.497555 eta: 0:56:54 batch_cost: 0.4849 data_cost: 0.0023 ips: 8.2488 images/s, max_mem_reserved: 2249 MB, max_mem_allocated: 2009 MB
[09/21 15:28:15] ppdet.engine.callbacks INFO: Epoch: [9] [110/266] learning_rate: 0.003677 loss: 1.441235 loss_cls: 0.945307 loss_iou: 0.137373 loss_dfl: 2.790467 eta: 0:57:11 batch_cost: 1.0660 data_cost: 0.0029 ips: 3.7524 images/s, max_mem_reserved: 2249 MB, max_mem_allocated: 2009 MB
[09/21 15:28:24] ppdet.engine.callbacks INFO: Epoch: [9] [120/266] learning_rate: 0.003675 loss: 1.489685 loss_cls: 0.936037 loss_iou: 0.162493 loss_dfl: 3.061337 eta: 0:57:21 batch_cost: 0.8838 data_cost: 0.0027 ips: 4.5259 images/s, max_mem_reserved: 2249 MB, max_mem_allocated: 2009 MB
[09/21 15:28:32] ppdet.engine.callbacks INFO: Epoch: [9] [130/266] learning_rate: 0.003672 loss: 1.448390 loss_cls: 0.938028 loss_iou: 0.146235 loss_dfl: 3.067582 eta: 0:57:29 batch_cost: 0.8020 data_cost: 0.0034 ips: 4.9878 images/s, max_mem_reserved: 2249 MB, max_mem_allocated: 2009 MB
[09/21 15:28:41] ppdet.engine.callbacks INFO: Epoch: [9] [140/266] learning_rate: 0.003669 loss: 1.539444 loss_cls: 1.010579 loss_iou: 0.150820 loss_dfl: 3.210575 eta: 0:57:39 batch_cost: 0.8500 data_cost: 0.0024 ips: 4.7057 images/s, max_mem_reserved: 2249 MB, max_mem_allocated: 2009 MB
[09/21 15:28:55] ppdet.engine.callbacks INFO: Epoch: [9] [150/266] learning_rate: 0.003666 loss: 1.464148 loss_cls: 0.984153 loss_iou: 0.144713 loss_dfl: 2.829200 eta: 0:58:05 batch_cost: 1.3780 data_cost: 0.0028 ips: 2.9028 images/s, max_mem_reserved: 2249 MB, max_mem_allocated: 2009 MB
[09/21 15:29:00] ppdet.engine.callbacks INFO: Epoch: [9] [160/266] learning_rate: 0.003664 loss: 1.439956 loss_cls: 0.929030 loss_iou: 0.147349 loss_dfl: 2.947468 eta: 0:58:01 batch_cost: 0.4514 data_cost: 0.0025 ips: 8.8619 images/s, max_mem_reserved: 2249 MB, max_mem_allocated: 2009 MB
[09/21 15:29:04] ppdet.engine.callbacks INFO: Epoch: [9] [170/266] learning_rate: 0.003661 loss: 1.465720 loss_cls: 0.942730 loss_iou: 0.161620 loss_dfl: 2.722822 eta: 0:57:55 batch_cost: 0.3739 data_cost: 0.0027 ips: 10.6967 images/s, max_mem_reserved: 2249 MB, max_mem_allocated: 2009 MB
[09/21 15:29:08] ppdet.engine.callbacks INFO: Epoch: [9] [180/266] learning_rate: 0.003658 loss: 1.507710 loss_cls: 0.956569 loss_iou: 0.154366 loss_dfl: 3.071260 eta: 0:57:50 batch_cost: 0.4057 data_cost: 0.0026 ips: 9.8585 images/s, max_mem_reserved: 2249 MB, max_mem_allocated: 2009 MB
[09/21 15:29:14] ppdet.engine.callbacks INFO: Epoch: [9] [190/266] learning_rate: 0.003655 loss: 1.511736 loss_cls: 0.952888 loss_iou: 0.167039 loss_dfl: 3.091854 eta: 0:57:47 batch_cost: 0.4723 data_cost: 0.0024 ips: 8.4698 images/s, max_mem_reserved: 2249 MB, max_mem_allocated: 2009 MB
[09/21 15:29:18] ppdet.engine.callbacks INFO: Epoch: [9] [200/266] learning_rate: 0.003652 loss: 1.478046 loss_cls: 0.930481 loss_iou: 0.151355 loss_dfl: 2.817026 eta: 0:57:41 batch_cost: 0.3973 data_cost: 0.0023 ips: 10.0672 images/s, max_mem_reserved: 2249 MB, max_mem_allocated: 2009 MB
[09/21 15:29:22] ppdet.engine.callbacks INFO: Epoch: [9] [210/266] learning_rate: 0.003650 loss: 1.467109 loss_cls: 0.921661 loss_iou: 0.144520 loss_dfl: 3.171612 eta: 0:57:36 batch_cost: 0.4071 data_cost: 0.0028 ips: 9.8257 images/s, max_mem_reserved: 2249 MB, max_mem_allocated: 2009 MB
[09/21 15:29:26] ppdet.engine.callbacks INFO: Epoch: [9] [220/266] learning_rate: 0.003647 loss: 1.465675 loss_cls: 0.930858 loss_iou: 0.153567 loss_dfl: 2.773541 eta: 0:57:31 batch_cost: 0.3794 data_cost: 0.0030 ips: 10.5416 images/s, max_mem_reserved: 2249 MB, max_mem_allocated: 2009 MB
[09/21 15:29:31] ppdet.engine.callbacks INFO: Epoch: [9] [230/266] learning_rate: 0.003644 loss: 1.385749 loss_cls: 0.932383 loss_iou: 0.143886 loss_dfl: 2.636098 eta: 0:57:25 batch_cost: 0.3887 data_cost: 0.0024 ips: 10.2899 images/s, max_mem_reserved: 2249 MB, max_mem_allocated: 2009 MB
[09/21 15:29:35] ppdet.engine.callbacks INFO: Epoch: [9] [240/266] learning_rate: 0.003641 loss: 1.446815 loss_cls: 0.916980 loss_iou: 0.147272 loss_dfl: 2.818630 eta: 0:57:19 batch_cost: 0.3871 data_cost: 0.0029 ips: 10.3337 images/s, max_mem_reserved: 2249 MB, max_mem_allocated: 2009 MB
[09/21 15:29:39] ppdet.engine.callbacks INFO: Epoch: [9] [250/266] learning_rate: 0.003638 loss: 1.475404 loss_cls: 0.939117 loss_iou: 0.148813 loss_dfl: 2.994399 eta: 0:57:14 batch_cost: 0.4059 data_cost: 0.0025 ips: 9.8546 images/s, max_mem_reserved: 2249 MB, max_mem_allocated: 2009 MB
[09/21 15:29:43] ppdet.engine.callbacks INFO: Epoch: [9] [260/266] learning_rate: 0.003635 loss: 1.438157 loss_cls: 0.964566 loss_iou: 0.150271 loss_dfl: 2.702016 eta: 0:57:09 batch_cost: 0.3789 data_cost: 0.0026 ips: 10.5575 images/s, max_mem_reserved: 2249 MB, max_mem_allocated: 2009 MB
[09/21 15:29:46] ppdet.engine.callbacks INFO: Epoch: [10] [  0/266] learning_rate: 0.003634 loss: 1.497974 loss_cls: 0.984315 loss_iou: 0.144214 loss_dfl: 3.062466 eta: 0:57:06 batch_cost: 0.4132 data_cost: 0.0379 ips: 9.6805 images/s, max_mem_reserved: 2249 MB, max_mem_allocated: 2009 MB
[09/21 15:29:58] ppdet.engine.callbacks INFO: Epoch: [10] [ 10/266] learning_rate: 0.003631 loss: 1.453839 loss_cls: 0.938362 loss_iou: 0.148262 loss_dfl: 3.009382 eta: 0:57:22 batch_cost: 1.1000 data_cost: 0.0014 ips: 3.6363 images/s, max_mem_reserved: 2249 MB, max_mem_allocated: 2009 MB
[09/21 15:30:02] ppdet.engine.callbacks INFO: Epoch: [10] [ 20/266] learning_rate: 0.003628 loss: 1.516533 loss_cls: 0.963893 loss_iou: 0.157143 loss_dfl: 2.717709 eta: 0:57:17 batch_cost: 0.4103 data_cost: 0.0028 ips: 9.7484 images/s, max_mem_reserved: 2249 MB, max_mem_allocated: 2009 MB
[09/21 15:30:06] ppdet.engine.callbacks INFO: Epoch: [10] [ 30/266] learning_rate: 0.003625 loss: 1.445581 loss_cls: 0.974819 loss_iou: 0.135233 loss_dfl: 2.811800 eta: 0:57:11 batch_cost: 0.3848 data_cost: 0.0024 ips: 10.3937 images/s, max_mem_reserved: 2249 MB, max_mem_allocated: 2009 MB
[09/21 15:30:11] ppdet.engine.callbacks INFO: Epoch: [10] [ 40/266] learning_rate: 0.003622 loss: 1.430825 loss_cls: 0.964676 loss_iou: 0.132875 loss_dfl: 2.643773 eta: 0:57:06 batch_cost: 0.4020 data_cost: 0.0026 ips: 9.9491 images/s, max_mem_reserved: 2249 MB, max_mem_allocated: 2009 MB
[09/21 15:30:16] ppdet.engine.callbacks INFO: Epoch: [10] [ 50/266] learning_rate: 0.003619 loss: 1.483107 loss_cls: 0.933644 loss_iou: 0.158995 loss_dfl: 2.809818 eta: 0:57:02 batch_cost: 0.4428 data_cost: 0.0026 ips: 9.0340 images/s, max_mem_reserved: 2249 MB, max_mem_allocated: 2009 MB
[09/21 15:30:20] ppdet.engine.callbacks INFO: Epoch: [10] [ 60/266] learning_rate: 0.003616 loss: 1.495382 loss_cls: 0.945352 loss_iou: 0.149361 loss_dfl: 3.202518 eta: 0:56:56 batch_cost: 0.3858 data_cost: 0.0029 ips: 10.3688 images/s, max_mem_reserved: 2249 MB, max_mem_allocated: 2009 MB
[09/21 15:30:24] ppdet.engine.callbacks INFO: Epoch: [10] [ 70/266] learning_rate: 0.003613 loss: 1.498484 loss_cls: 0.932867 loss_iou: 0.161273 loss_dfl: 2.909863 eta: 0:56:52 batch_cost: 0.4197 data_cost: 0.0028 ips: 9.5307 images/s, max_mem_reserved: 2249 MB, max_mem_allocated: 2009 MB
[09/21 15:30:37] ppdet.engine.callbacks INFO: Epoch: [10] [ 80/266] learning_rate: 0.003610 loss: 1.386174 loss_cls: 0.920712 loss_iou: 0.145186 loss_dfl: 2.610320 eta: 0:57:11 batch_cost: 1.2601 data_cost: 0.0028 ips: 3.1745 images/s, max_mem_reserved: 2249 MB, max_mem_allocated: 2009 MB
[09/21 15:30:42] ppdet.engine.callbacks INFO: Epoch: [10] [ 90/266] learning_rate: 0.003607 loss: 1.453540 loss_cls: 0.920972 loss_iou: 0.151595 loss_dfl: 2.834920 eta: 0:57:06 batch_cost: 0.3915 data_cost: 0.0028 ips: 10.2172 images/s, max_mem_reserved: 2249 MB, max_mem_allocated: 2009 MB
[09/21 15:30:46] ppdet.engine.callbacks INFO: Epoch: [10] [100/266] learning_rate: 0.003604 loss: 1.447302 loss_cls: 0.912184 loss_iou: 0.159276 loss_dfl: 2.936330 eta: 0:57:00 batch_cost: 0.3809 data_cost: 0.0027 ips: 10.5021 images/s, max_mem_reserved: 2249 MB, max_mem_allocated: 2009 MB
[09/21 15:30:50] ppdet.engine.callbacks INFO: Epoch: [10] [110/266] learning_rate: 0.003601 loss: 1.433639 loss_cls: 0.915178 loss_iou: 0.142863 loss_dfl: 2.689717 eta: 0:56:54 batch_cost: 0.3788 data_cost: 0.0026 ips: 10.5592 images/s, max_mem_reserved: 2249 MB, max_mem_allocated: 2009 MB
[09/21 15:30:57] ppdet.engine.callbacks INFO: Epoch: [10] [120/266] learning_rate: 0.003598 loss: 1.527738 loss_cls: 0.958667 loss_iou: 0.167454 loss_dfl: 3.182739 eta: 0:56:56 batch_cost: 0.6728 data_cost: 0.0028 ips: 5.9452 images/s, max_mem_reserved: 2249 MB, max_mem_allocated: 2009 MB
[09/21 15:31:04] ppdet.engine.callbacks INFO: Epoch: [10] [130/266] learning_rate: 0.003595 loss: 1.448438 loss_cls: 0.953396 loss_iou: 0.155147 loss_dfl: 2.620453 eta: 0:56:58 batch_cost: 0.6523 data_cost: 0.0025 ips: 6.1326 images/s, max_mem_reserved: 2249 MB, max_mem_allocated: 2009 MB
[09/21 15:31:08] ppdet.engine.callbacks INFO: Epoch: [10] [140/266] learning_rate: 0.003592 loss: 1.414536 loss_cls: 0.903279 loss_iou: 0.152666 loss_dfl: 2.982503 eta: 0:56:53 batch_cost: 0.3871 data_cost: 0.0024 ips: 10.3320 images/s, max_mem_reserved: 2249 MB, max_mem_allocated: 2009 MB
[09/21 15:31:13] ppdet.engine.callbacks INFO: Epoch: [10] [150/266] learning_rate: 0.003589 loss: 1.502643 loss_cls: 0.977682 loss_iou: 0.151198 loss_dfl: 2.886606 eta: 0:56:47 batch_cost: 0.4003 data_cost: 0.0029 ips: 9.9917 images/s, max_mem_reserved: 2249 MB, max_mem_allocated: 2009 MB
[09/21 15:31:17] ppdet.engine.callbacks INFO: Epoch: [10] [160/266] learning_rate: 0.003586 loss: 1.401487 loss_cls: 0.933051 loss_iou: 0.139918 loss_dfl: 2.850964 eta: 0:56:41 batch_cost: 0.3861 data_cost: 0.0027 ips: 10.3599 images/s, max_mem_reserved: 2249 MB, max_mem_allocated: 2009 MB
[09/21 15:31:21] ppdet.engine.callbacks INFO: Epoch: [10] [170/266] learning_rate: 0.003583 loss: 1.514744 loss_cls: 0.941281 loss_iou: 0.158081 loss_dfl: 3.055818 eta: 0:56:36 batch_cost: 0.3956 data_cost: 0.0030 ips: 10.1101 images/s, max_mem_reserved: 2249 MB, max_mem_allocated: 2009 MB
[09/21 15:31:25] ppdet.engine.callbacks INFO: Epoch: [10] [180/266] learning_rate: 0.003580 loss: 1.458374 loss_cls: 0.924311 loss_iou: 0.146959 loss_dfl: 2.936107 eta: 0:56:31 batch_cost: 0.3939 data_cost: 0.0027 ips: 10.1545 images/s, max_mem_reserved: 2249 MB, max_mem_allocated: 2009 MB
[09/21 15:31:30] ppdet.engine.callbacks INFO: Epoch: [10] [190/266] learning_rate: 0.003577 loss: 1.446118 loss_cls: 0.929371 loss_iou: 0.141328 loss_dfl: 2.598995 eta: 0:56:25 batch_cost: 0.3959 data_cost: 0.0026 ips: 10.1024 images/s, max_mem_reserved: 2249 MB, max_mem_allocated: 2009 MB
[09/21 15:31:34] ppdet.engine.callbacks INFO: Epoch: [10] [200/266] learning_rate: 0.003574 loss: 1.457998 loss_cls: 0.922863 loss_iou: 0.147243 loss_dfl: 3.351875 eta: 0:56:20 batch_cost: 0.4107 data_cost: 0.0026 ips: 9.7400 images/s, max_mem_reserved: 2249 MB, max_mem_allocated: 2009 MB
[09/21 15:31:39] ppdet.engine.callbacks INFO: Epoch: [10] [210/266] learning_rate: 0.003571 loss: 1.487062 loss_cls: 0.959975 loss_iou: 0.151240 loss_dfl: 3.063258 eta: 0:56:15 batch_cost: 0.3890 data_cost: 0.0026 ips: 10.2836 images/s, max_mem_reserved: 2249 MB, max_mem_allocated: 2009 MB
[09/21 15:31:43] ppdet.engine.callbacks INFO: Epoch: [10] [220/266] learning_rate: 0.003568 loss: 1.537026 loss_cls: 1.000117 loss_iou: 0.154754 loss_dfl: 2.963971 eta: 0:56:09 batch_cost: 0.3896 data_cost: 0.0024 ips: 10.2661 images/s, max_mem_reserved: 2249 MB, max_mem_allocated: 2009 MB
[09/21 15:31:47] ppdet.engine.callbacks INFO: Epoch: [10] [230/266] learning_rate: 0.003565 loss: 1.464325 loss_cls: 0.938221 loss_iou: 0.151425 loss_dfl: 2.604205 eta: 0:56:03 batch_cost: 0.3835 data_cost: 0.0026 ips: 10.4306 images/s, max_mem_reserved: 2249 MB, max_mem_allocated: 2009 MB
[09/21 15:31:51] ppdet.engine.callbacks INFO: Epoch: [10] [240/266] learning_rate: 0.003562 loss: 1.445519 loss_cls: 0.937015 loss_iou: 0.140774 loss_dfl: 2.804808 eta: 0:55:58 batch_cost: 0.3975 data_cost: 0.0028 ips: 10.0624 images/s, max_mem_reserved: 2249 MB, max_mem_allocated: 2009 MB
[09/21 15:31:56] ppdet.engine.callbacks INFO: Epoch: [10] [250/266] learning_rate: 0.003558 loss: 1.435103 loss_cls: 0.936706 loss_iou: 0.142094 loss_dfl: 2.619009 eta: 0:55:52 batch_cost: 0.3861 data_cost: 0.0025 ips: 10.3609 images/s, max_mem_reserved: 2249 MB, max_mem_allocated: 2009 MB
[09/21 15:32:00] ppdet.engine.callbacks INFO: Epoch: [10] [260/266] learning_rate: 0.003555 loss: 1.377568 loss_cls: 0.904815 loss_iou: 0.140727 loss_dfl: 2.673381 eta: 0:55:47 batch_cost: 0.3887 data_cost: 0.0024 ips: 10.2903 images/s, max_mem_reserved: 2249 MB, max_mem_allocated: 2009 MB
[09/21 15:32:03] ppdet.engine.callbacks INFO: Epoch: [11] [  0/266] learning_rate: 0.003553 loss: 1.405695 loss_cls: 0.930700 loss_iou: 0.148029 loss_dfl: 2.633108 eta: 0:55:44 batch_cost: 0.4137 data_cost: 0.0309 ips: 9.6689 images/s, max_mem_reserved: 2249 MB, max_mem_allocated: 2009 MB
[09/21 15:32:07] ppdet.engine.callbacks INFO: Epoch: [11] [ 10/266] learning_rate: 0.003550 loss: 1.452398 loss_cls: 0.926868 loss_iou: 0.146100 loss_dfl: 2.701470 eta: 0:55:39 batch_cost: 0.3922 data_cost: 0.0010 ips: 10.1999 images/s, max_mem_reserved: 2249 MB, max_mem_allocated: 2009 MB
[09/21 15:32:16] ppdet.engine.callbacks INFO: Epoch: [11] [ 20/266] learning_rate: 0.003547 loss: 1.481996 loss_cls: 0.955964 loss_iou: 0.144842 loss_dfl: 2.846801 eta: 0:55:47 batch_cost: 0.9121 data_cost: 0.0017 ips: 4.3855 images/s, max_mem_reserved: 2249 MB, max_mem_allocated: 2009 MB
[09/21 15:32:26] ppdet.engine.callbacks INFO: Epoch: [11] [ 30/266] learning_rate: 0.003544 loss: 1.458703 loss_cls: 0.941087 loss_iou: 0.146037 loss_dfl: 2.803330 eta: 0:55:55 batch_cost: 0.9227 data_cost: 0.0024 ips: 4.3349 images/s, max_mem_reserved: 2249 MB, max_mem_allocated: 2009 MB
[09/21 15:32:36] ppdet.engine.callbacks INFO: Epoch: [11] [ 40/266] learning_rate: 0.003541 loss: 1.419249 loss_cls: 0.960372 loss_iou: 0.128045 loss_dfl: 3.039617 eta: 0:56:04 batch_cost: 0.9406 data_cost: 0.0023 ips: 4.2526 images/s, max_mem_reserved: 2249 MB, max_mem_allocated: 2009 MB
[09/21 15:32:45] ppdet.engine.callbacks INFO: Epoch: [11] [ 50/266] learning_rate: 0.003538 loss: 1.406031 loss_cls: 0.918954 loss_iou: 0.146927 loss_dfl: 2.792635 eta: 0:56:10 batch_cost: 0.8370 data_cost: 0.0031 ips: 4.7791 images/s, max_mem_reserved: 2249 MB, max_mem_allocated: 2009 MB
[09/21 15:32:53] ppdet.engine.callbacks INFO: Epoch: [11] [ 60/266] learning_rate: 0.003534 loss: 1.476359 loss_cls: 0.918715 loss_iou: 0.167288 loss_dfl: 2.481794 eta: 0:56:15 batch_cost: 0.8009 data_cost: 0.0027 ips: 4.9947 images/s, max_mem_reserved: 2249 MB, max_mem_allocated: 2009 MB
[09/21 15:33:03] ppdet.engine.callbacks INFO: Epoch: [11] [ 70/266] learning_rate: 0.003531 loss: 1.376473 loss_cls: 0.867586 loss_iou: 0.147562 loss_dfl: 2.716805 eta: 0:56:23 batch_cost: 0.9436 data_cost: 0.0031 ips: 4.2390 images/s, max_mem_reserved: 2249 MB, max_mem_allocated: 2009 MB
[09/21 15:33:12] ppdet.engine.callbacks INFO: Epoch: [11] [ 80/266] learning_rate: 0.003528 loss: 1.402528 loss_cls: 0.920397 loss_iou: 0.144648 loss_dfl: 2.977589 eta: 0:56:30 batch_cost: 0.8919 data_cost: 0.0027 ips: 4.4847 images/s, max_mem_reserved: 2249 MB, max_mem_allocated: 2009 MB
[09/21 15:33:21] ppdet.engine.callbacks INFO: Epoch: [11] [ 90/266] learning_rate: 0.003525 loss: 1.388133 loss_cls: 0.900467 loss_iou: 0.139240 loss_dfl: 2.816112 eta: 0:56:37 batch_cost: 0.8997 data_cost: 0.0030 ips: 4.4461 images/s, max_mem_reserved: 2249 MB, max_mem_allocated: 2009 MB
[09/21 15:33:30] ppdet.engine.callbacks INFO: Epoch: [11] [100/266] learning_rate: 0.003521 loss: 1.396626 loss_cls: 0.923590 loss_iou: 0.138551 loss_dfl: 2.841381 eta: 0:56:42 batch_cost: 0.8351 data_cost: 0.0028 ips: 4.7899 images/s, max_mem_reserved: 2249 MB, max_mem_allocated: 2009 MB
[09/21 15:33:38] ppdet.engine.callbacks INFO: Epoch: [11] [110/266] learning_rate: 0.003518 loss: 1.378870 loss_cls: 0.901950 loss_iou: 0.138713 loss_dfl: 2.580833 eta: 0:56:46 batch_cost: 0.7772 data_cost: 0.0030 ips: 5.1469 images/s, max_mem_reserved: 2249 MB, max_mem_allocated: 2009 MB
[09/21 15:33:47] ppdet.engine.callbacks INFO: Epoch: [11] [120/266] learning_rate: 0.003515 loss: 1.455578 loss_cls: 0.865454 loss_iou: 0.166682 loss_dfl: 3.302064 eta: 0:56:52 batch_cost: 0.8599 data_cost: 0.0030 ips: 4.6515 images/s, max_mem_reserved: 2249 MB, max_mem_allocated: 2009 MB
[09/21 15:33:57] ppdet.engine.callbacks INFO: Epoch: [11] [130/266] learning_rate: 0.003512 loss: 1.471882 loss_cls: 0.928413 loss_iou: 0.151253 loss_dfl: 2.954218 eta: 0:57:00 batch_cost: 0.9377 data_cost: 0.0028 ips: 4.2658 images/s, max_mem_reserved: 2249 MB, max_mem_allocated: 2009 MB
[09/21 15:34:07] ppdet.engine.callbacks INFO: Epoch: [11] [140/266] learning_rate: 0.003508 loss: 1.455948 loss_cls: 0.985724 loss_iou: 0.138133 loss_dfl: 2.713462 eta: 0:57:06 batch_cost: 0.9115 data_cost: 0.0026 ips: 4.3883 images/s, max_mem_reserved: 2249 MB, max_mem_allocated: 2009 MB
[09/21 15:34:17] ppdet.engine.callbacks INFO: Epoch: [11] [150/266] learning_rate: 0.003505 loss: 1.470791 loss_cls: 0.961745 loss_iou: 0.148608 loss_dfl: 3.188541 eta: 0:57:15 batch_cost: 0.9801 data_cost: 0.0027 ips: 4.0813 images/s, max_mem_reserved: 2249 MB, max_mem_allocated: 2009 MB
[09/21 15:34:27] ppdet.engine.callbacks INFO: Epoch: [11] [160/266] learning_rate: 0.003502 loss: 1.441589 loss_cls: 0.945249 loss_iou: 0.146094 loss_dfl: 2.861716 eta: 0:57:24 batch_cost: 1.0055 data_cost: 0.0024 ips: 3.9782 images/s, max_mem_reserved: 2249 MB, max_mem_allocated: 2009 MB
[09/21 15:34:37] ppdet.engine.callbacks INFO: Epoch: [11] [170/266] learning_rate: 0.003498 loss: 1.414177 loss_cls: 0.932184 loss_iou: 0.133627 loss_dfl: 2.749954 eta: 0:57:32 batch_cost: 0.9692 data_cost: 0.0025 ips: 4.1273 images/s, max_mem_reserved: 2249 MB, max_mem_allocated: 2009 MB
[09/21 15:34:46] ppdet.engine.callbacks INFO: Epoch: [11] [180/266] learning_rate: 0.003495 loss: 1.427474 loss_cls: 0.937601 loss_iou: 0.138039 loss_dfl: 3.170544 eta: 0:57:35 batch_cost: 0.7937 data_cost: 0.0029 ips: 5.0398 images/s, max_mem_reserved: 2249 MB, max_mem_allocated: 2009 MB
[09/21 15:34:55] ppdet.engine.callbacks INFO: Epoch: [11] [190/266] learning_rate: 0.003492 loss: 1.380995 loss_cls: 0.909407 loss_iou: 0.142395 loss_dfl: 2.739901 eta: 0:57:42 batch_cost: 0.9163 data_cost: 0.0033 ips: 4.3654 images/s, max_mem_reserved: 2249 MB, max_mem_allocated: 2009 MB
[09/21 15:35:04] ppdet.engine.callbacks INFO: Epoch: [11] [200/266] learning_rate: 0.003488 loss: 1.396745 loss_cls: 0.919951 loss_iou: 0.143361 loss_dfl: 2.662669 eta: 0:57:47 batch_cost: 0.8752 data_cost: 0.0029 ips: 4.5703 images/s, max_mem_reserved: 2249 MB, max_mem_allocated: 2009 MB
[09/21 15:35:15] ppdet.engine.callbacks INFO: Epoch: [11] [210/266] learning_rate: 0.003485 loss: 1.425772 loss_cls: 0.920606 loss_iou: 0.138886 loss_dfl: 2.889071 eta: 0:57:56 batch_cost: 1.0386 data_cost: 0.0024 ips: 3.8514 images/s, max_mem_reserved: 2249 MB, max_mem_allocated: 2009 MB
[09/21 15:35:23] ppdet.engine.callbacks INFO: Epoch: [11] [220/266] learning_rate: 0.003482 loss: 1.354602 loss_cls: 0.887950 loss_iou: 0.143044 loss_dfl: 2.628374 eta: 0:57:59 batch_cost: 0.7531 data_cost: 0.0026 ips: 5.3112 images/s, max_mem_reserved: 2249 MB, max_mem_allocated: 2009 MB
[09/21 15:35:31] ppdet.engine.callbacks INFO: Epoch: [11] [230/266] learning_rate: 0.003478 loss: 1.380735 loss_cls: 0.884805 loss_iou: 0.136513 loss_dfl: 2.980328 eta: 0:58:01 batch_cost: 0.7739 data_cost: 0.0026 ips: 5.1687 images/s, max_mem_reserved: 2249 MB, max_mem_allocated: 2009 MB
[09/21 15:35:40] ppdet.engine.callbacks INFO: Epoch: [11] [240/266] learning_rate: 0.003475 loss: 1.425533 loss_cls: 0.907480 loss_iou: 0.155284 loss_dfl: 2.782475 eta: 0:58:05 batch_cost: 0.8357 data_cost: 0.0023 ips: 4.7862 images/s, max_mem_reserved: 2249 MB, max_mem_allocated: 2009 MB
[09/21 15:35:51] ppdet.engine.callbacks INFO: Epoch: [11] [250/266] learning_rate: 0.003472 loss: 1.443272 loss_cls: 0.934040 loss_iou: 0.146722 loss_dfl: 2.731427 eta: 0:58:15 batch_cost: 1.0731 data_cost: 0.0025 ips: 3.7275 images/s, max_mem_reserved: 2249 MB, max_mem_allocated: 2009 MB
[09/21 15:36:02] ppdet.engine.callbacks INFO: Epoch: [11] [260/266] learning_rate: 0.003468 loss: 1.474930 loss_cls: 0.935966 loss_iou: 0.159966 loss_dfl: 3.063826 eta: 0:58:25 batch_cost: 1.0845 data_cost: 0.0023 ips: 3.6882 images/s, max_mem_reserved: 2249 MB, max_mem_allocated: 2009 MB
[09/21 15:36:07] ppdet.utils.checkpoint INFO: Save checkpoint: output_aug
[09/21 15:36:08] ppdet.engine.callbacks INFO: Eval iter: 0
[09/21 15:36:17] ppdet.metrics.metrics INFO: Accumulating evaluatation results...
[09/21 15:36:17] ppdet.metrics.metrics INFO: mAP(0.50, 11point) = 82.62%
[09/21 15:36:17] ppdet.engine.callbacks INFO: Total sample number: 100, average FPS: 10.28320401805339
[09/21 15:36:17] ppdet.engine INFO: Best test bbox ap is 0.840.
[09/21 15:36:18] ppdet.engine.callbacks INFO: Epoch: [12] [  0/266] learning_rate: 0.003466 loss: 1.456911 loss_cls: 0.940863 loss_iou: 0.152034 loss_dfl: 2.978606 eta: 0:58:28 batch_cost: 1.0139 data_cost: 0.0021 ips: 3.9450 images/s, max_mem_reserved: 2249 MB, max_mem_allocated: 2009 MB
[09/21 15:36:30] ppdet.engine.callbacks INFO: Epoch: [12] [ 10/266] learning_rate: 0.003463 loss: 1.443339 loss_cls: 0.949142 loss_iou: 0.142038 loss_dfl: 2.755838 eta: 0:58:39 batch_cost: 1.1197 data_cost: 0.0027 ips: 3.5724 images/s, max_mem_reserved: 2249 MB, max_mem_allocated: 2009 MB
[09/21 15:36:39] ppdet.engine.callbacks INFO: Epoch: [12] [ 20/266] learning_rate: 0.003459 loss: 1.465173 loss_cls: 0.951986 loss_iou: 0.132922 loss_dfl: 2.853701 eta: 0:58:43 batch_cost: 0.8575 data_cost: 0.0029 ips: 4.6649 images/s, max_mem_reserved: 2249 MB, max_mem_allocated: 2009 MB
[09/21 15:36:48] ppdet.engine.callbacks INFO: Epoch: [12] [ 30/266] learning_rate: 0.003456 loss: 1.420256 loss_cls: 0.913288 loss_iou: 0.141901 loss_dfl: 3.092627 eta: 0:58:48 batch_cost: 0.9257 data_cost: 0.0030 ips: 4.3208 images/s, max_mem_reserved: 2249 MB, max_mem_allocated: 2009 MB
[09/21 15:36:58] ppdet.engine.callbacks INFO: Epoch: [12] [ 40/266] learning_rate: 0.003453 loss: 1.406455 loss_cls: 0.898185 loss_iou: 0.149047 loss_dfl: 2.620239 eta: 0:58:54 batch_cost: 0.9140 data_cost: 0.0028 ips: 4.3764 images/s, max_mem_reserved: 2249 MB, max_mem_allocated: 2009 MB
[09/21 15:37:09] ppdet.engine.callbacks INFO: Epoch: [12] [ 50/266] learning_rate: 0.003449 loss: 1.511247 loss_cls: 0.946374 loss_iou: 0.159987 loss_dfl: 2.866661 eta: 0:59:01 batch_cost: 1.0150 data_cost: 0.0030 ips: 3.9411 images/s, max_mem_reserved: 2249 MB, max_mem_allocated: 2009 MB
[09/21 15:37:17] ppdet.engine.callbacks INFO: Epoch: [12] [ 60/266] learning_rate: 0.003446 loss: 1.437065 loss_cls: 0.920654 loss_iou: 0.158000 loss_dfl: 2.878434 eta: 0:59:05 batch_cost: 0.8429 data_cost: 0.0029 ips: 4.7457 images/s, max_mem_reserved: 2249 MB, max_mem_allocated: 2009 MB
[09/21 15:37:29] ppdet.engine.callbacks INFO: Epoch: [12] [ 70/266] learning_rate: 0.003442 loss: 1.414859 loss_cls: 0.899241 loss_iou: 0.140743 loss_dfl: 3.013077 eta: 0:59:15 batch_cost: 1.1533 data_cost: 0.0024 ips: 3.4683 images/s, max_mem_reserved: 2249 MB, max_mem_allocated: 2009 MB
[09/21 15:37:50] ppdet.engine.callbacks INFO: Epoch: [12] [ 80/266] learning_rate: 0.003439 loss: 1.452303 loss_cls: 0.925446 loss_iou: 0.150224 loss_dfl: 2.703208 eta: 0:59:45 batch_cost: 2.0131 data_cost: 0.0026 ips: 1.9870 images/s, max_mem_reserved: 2249 MB, max_mem_allocated: 2009 MB
[09/21 15:38:11] ppdet.engine.callbacks INFO: Epoch: [12] [ 90/266] learning_rate: 0.003435 loss: 1.394157 loss_cls: 0.918241 loss_iou: 0.141791 loss_dfl: 2.802025 eta: 1:00:15 batch_cost: 2.0417 data_cost: 0.0025 ips: 1.9592 images/s, max_mem_reserved: 2249 MB, max_mem_allocated: 2009 MB
[09/21 15:38:29] ppdet.engine.callbacks INFO: Epoch: [12] [100/266] learning_rate: 0.003432 loss: 1.408610 loss_cls: 0.932607 loss_iou: 0.155702 loss_dfl: 2.476782 eta: 1:00:40 batch_cost: 1.8357 data_cost: 0.0027 ips: 2.1790 images/s, max_mem_reserved: 2249 MB, max_mem_allocated: 2009 MB
[09/21 15:38:41] ppdet.engine.callbacks INFO: Epoch: [12] [110/266] learning_rate: 0.003428 loss: 1.457558 loss_cls: 0.928267 loss_iou: 0.155195 loss_dfl: 2.782708 eta: 1:00:48 batch_cost: 1.0910 data_cost: 0.0026 ips: 3.6662 images/s, max_mem_reserved: 2249 MB, max_mem_allocated: 2009 MB
[09/21 15:38:50] ppdet.engine.callbacks INFO: Epoch: [12] [120/266] learning_rate: 0.003425 loss: 1.445532 loss_cls: 0.923247 loss_iou: 0.147035 loss_dfl: 2.826322 eta: 1:00:51 batch_cost: 0.8560 data_cost: 0.0030 ips: 4.6730 images/s, max_mem_reserved: 2249 MB, max_mem_allocated: 2009 MB
[09/21 15:38:58] ppdet.engine.callbacks INFO: Epoch: [12] [130/266] learning_rate: 0.003421 loss: 1.441993 loss_cls: 0.940620 loss_iou: 0.140671 loss_dfl: 3.119961 eta: 1:00:52 batch_cost: 0.7806 data_cost: 0.0029 ips: 5.1242 images/s, max_mem_reserved: 2249 MB, max_mem_allocated: 2009 MB
[09/21 15:39:05] ppdet.engine.callbacks INFO: Epoch: [12] [140/266] learning_rate: 0.003418 loss: 1.442293 loss_cls: 0.908349 loss_iou: 0.146976 loss_dfl: 3.306184 eta: 1:00:51 batch_cost: 0.6645 data_cost: 0.0026 ips: 6.0196 images/s, max_mem_reserved: 2249 MB, max_mem_allocated: 2009 MB
[09/21 15:39:13] ppdet.engine.callbacks INFO: Epoch: [12] [150/266] learning_rate: 0.003414 loss: 1.435337 loss_cls: 0.922285 loss_iou: 0.152801 loss_dfl: 3.074167 eta: 1:00:52 batch_cost: 0.7641 data_cost: 0.0027 ips: 5.2347 images/s, max_mem_reserved: 2249 MB, max_mem_allocated: 2009 MB
[09/21 15:39:21] ppdet.engine.callbacks INFO: Epoch: [12] [160/266] learning_rate: 0.003411 loss: 1.387150 loss_cls: 0.899510 loss_iou: 0.138583 loss_dfl: 2.584707 eta: 1:00:52 batch_cost: 0.7400 data_cost: 0.0025 ips: 5.4055 images/s, max_mem_reserved: 2249 MB, max_mem_allocated: 2009 MB
[09/21 15:39:29] ppdet.engine.callbacks INFO: Epoch: [12] [170/266] learning_rate: 0.003407 loss: 1.423615 loss_cls: 0.948547 loss_iou: 0.136080 loss_dfl: 3.065549 eta: 1:00:53 batch_cost: 0.7784 data_cost: 0.0024 ips: 5.1387 images/s, max_mem_reserved: 2249 MB, max_mem_allocated: 2009 MB
[09/21 15:39:36] ppdet.engine.callbacks INFO: Epoch: [12] [180/266] learning_rate: 0.003404 loss: 1.400509 loss_cls: 0.913637 loss_iou: 0.137425 loss_dfl: 2.898882 eta: 1:00:52 batch_cost: 0.7012 data_cost: 0.0033 ips: 5.7048 images/s, max_mem_reserved: 2249 MB, max_mem_allocated: 2009 MB
[09/21 15:39:44] ppdet.engine.callbacks INFO: Epoch: [12] [190/266] learning_rate: 0.003400 loss: 1.397585 loss_cls: 0.893557 loss_iou: 0.139875 loss_dfl: 2.960962 eta: 1:00:52 batch_cost: 0.7220 data_cost: 0.0027 ips: 5.5405 images/s, max_mem_reserved: 2249 MB, max_mem_allocated: 2009 MB
[09/21 15:39:51] ppdet.engine.callbacks INFO: Epoch: [12] [200/266] learning_rate: 0.003396 loss: 1.405312 loss_cls: 0.892860 loss_iou: 0.133581 loss_dfl: 3.244013 eta: 1:00:52 batch_cost: 0.7272 data_cost: 0.0030 ips: 5.5008 images/s, max_mem_reserved: 2249 MB, max_mem_allocated: 2009 MB
[09/21 15:39:59] ppdet.engine.callbacks INFO: Epoch: [12] [210/266] learning_rate: 0.003393 loss: 1.391109 loss_cls: 0.910039 loss_iou: 0.136216 loss_dfl: 2.898368 eta: 1:00:51 batch_cost: 0.7341 data_cost: 0.0027 ips: 5.4486 images/s, max_mem_reserved: 2249 MB, max_mem_allocated: 2009 MB
[09/21 15:40:07] ppdet.engine.callbacks INFO: Epoch: [12] [220/266] learning_rate: 0.003389 loss: 1.404948 loss_cls: 0.893818 loss_iou: 0.154175 loss_dfl: 2.796974 eta: 1:00:52 batch_cost: 0.7788 data_cost: 0.0033 ips: 5.1362 images/s, max_mem_reserved: 2249 MB, max_mem_allocated: 2009 MB
[09/21 15:40:15] ppdet.engine.callbacks INFO: Epoch: [12] [230/266] learning_rate: 0.003386 loss: 1.381001 loss_cls: 0.900016 loss_iou: 0.139419 loss_dfl: 2.870188 eta: 1:00:52 batch_cost: 0.7236 data_cost: 0.0028 ips: 5.5280 images/s, max_mem_reserved: 2249 MB, max_mem_allocated: 2009 MB
[09/21 15:40:22] ppdet.engine.callbacks INFO: Epoch: [12] [240/266] learning_rate: 0.003382 loss: 1.443661 loss_cls: 0.940392 loss_iou: 0.148983 loss_dfl: 2.713207 eta: 1:00:51 batch_cost: 0.7152 data_cost: 0.0024 ips: 5.5928 images/s, max_mem_reserved: 2249 MB, max_mem_allocated: 2009 MB
[09/21 15:40:30] ppdet.engine.callbacks INFO: Epoch: [12] [250/266] learning_rate: 0.003378 loss: 1.412510 loss_cls: 0.909490 loss_iou: 0.149129 loss_dfl: 2.665983 eta: 1:00:51 batch_cost: 0.7581 data_cost: 0.0027 ips: 5.2765 images/s, max_mem_reserved: 2249 MB, max_mem_allocated: 2009 MB
[09/21 15:40:38] ppdet.engine.callbacks INFO: Epoch: [12] [260/266] learning_rate: 0.003375 loss: 1.379351 loss_cls: 0.893068 loss_iou: 0.129269 loss_dfl: 2.621273 eta: 1:00:51 batch_cost: 0.7473 data_cost: 0.0028 ips: 5.3524 images/s, max_mem_reserved: 2249 MB, max_mem_allocated: 2009 MB
[09/21 15:40:43] ppdet.engine.callbacks INFO: Epoch: [13] [  0/266] learning_rate: 0.003373 loss: 1.430202 loss_cls: 0.918950 loss_iou: 0.133068 loss_dfl: 2.856420 eta: 1:00:52 batch_cost: 0.8262 data_cost: 0.0371 ips: 4.8416 images/s, max_mem_reserved: 2249 MB, max_mem_allocated: 2009 MB
[09/21 15:40:50] ppdet.engine.callbacks INFO: Epoch: [13] [ 10/266] learning_rate: 0.003369 loss: 1.374253 loss_cls: 0.904500 loss_iou: 0.137445 loss_dfl: 2.886415 eta: 1:00:50 batch_cost: 0.6480 data_cost: 0.0024 ips: 6.1726 images/s, max_mem_reserved: 2249 MB, max_mem_allocated: 2009 MB
[09/21 15:40:58] ppdet.engine.callbacks INFO: Epoch: [13] [ 20/266] learning_rate: 0.003365 loss: 1.408588 loss_cls: 0.895857 loss_iou: 0.143456 loss_dfl: 2.813943 eta: 1:00:50 batch_cost: 0.7802 data_cost: 0.0030 ips: 5.1266 images/s, max_mem_reserved: 2249 MB, max_mem_allocated: 2009 MB
[09/21 15:41:05] ppdet.engine.callbacks INFO: Epoch: [13] [ 30/266] learning_rate: 0.003362 loss: 1.387497 loss_cls: 0.920523 loss_iou: 0.136406 loss_dfl: 2.422764 eta: 1:00:48 batch_cost: 0.6679 data_cost: 0.0031 ips: 5.9890 images/s, max_mem_reserved: 2249 MB, max_mem_allocated: 2009 MB
[09/21 15:41:14] ppdet.engine.callbacks INFO: Epoch: [13] [ 40/266] learning_rate: 0.003358 loss: 1.454249 loss_cls: 0.941022 loss_iou: 0.142996 loss_dfl: 2.838393 eta: 1:00:49 batch_cost: 0.7720 data_cost: 0.0027 ips: 5.1814 images/s, max_mem_reserved: 2249 MB, max_mem_allocated: 2009 MB
[09/21 15:41:21] ppdet.engine.callbacks INFO: Epoch: [13] [ 50/266] learning_rate: 0.003354 loss: 1.478760 loss_cls: 0.916601 loss_iou: 0.157182 loss_dfl: 2.725044 eta: 1:00:48 batch_cost: 0.7450 data_cost: 0.0028 ips: 5.3692 images/s, max_mem_reserved: 2249 MB, max_mem_allocated: 2009 MB
[09/21 15:41:30] ppdet.engine.callbacks INFO: Epoch: [13] [ 60/266] learning_rate: 0.003351 loss: 1.384283 loss_cls: 0.918810 loss_iou: 0.140344 loss_dfl: 3.000032 eta: 1:00:50 batch_cost: 0.8431 data_cost: 0.0024 ips: 4.7444 images/s, max_mem_reserved: 2249 MB, max_mem_allocated: 2009 MB
[09/21 15:41:38] ppdet.engine.callbacks INFO: Epoch: [13] [ 70/266] learning_rate: 0.003347 loss: 1.356147 loss_cls: 0.870196 loss_iou: 0.136437 loss_dfl: 2.588318 eta: 1:00:50 batch_cost: 0.7717 data_cost: 0.0029 ips: 5.1832 images/s, max_mem_reserved: 2249 MB, max_mem_allocated: 2009 MB
[09/21 15:41:47] ppdet.engine.callbacks INFO: Epoch: [13] [ 80/266] learning_rate: 0.003343 loss: 1.383898 loss_cls: 0.922672 loss_iou: 0.136071 loss_dfl: 2.558899 eta: 1:00:51 batch_cost: 0.8089 data_cost: 0.0030 ips: 4.9447 images/s, max_mem_reserved: 2249 MB, max_mem_allocated: 2009 MB
[09/21 15:41:54] ppdet.engine.callbacks INFO: Epoch: [13] [ 90/266] learning_rate: 0.003340 loss: 1.399034 loss_cls: 0.895848 loss_iou: 0.146954 loss_dfl: 2.849043 eta: 1:00:50 batch_cost: 0.7344 data_cost: 0.0028 ips: 5.4469 images/s, max_mem_reserved: 2249 MB, max_mem_allocated: 2009 MB
[09/21 15:42:04] ppdet.engine.callbacks INFO: Epoch: [13] [100/266] learning_rate: 0.003336 loss: 1.371960 loss_cls: 0.873175 loss_iou: 0.149104 loss_dfl: 2.404257 eta: 1:00:53 batch_cost: 0.9128 data_cost: 0.0028 ips: 4.3821 images/s, max_mem_reserved: 2249 MB, max_mem_allocated: 2009 MB
[09/21 15:42:14] ppdet.engine.callbacks INFO: Epoch: [13] [110/266] learning_rate: 0.003332 loss: 1.456174 loss_cls: 0.939585 loss_iou: 0.148383 loss_dfl: 3.047707 eta: 1:00:56 batch_cost: 0.9199 data_cost: 0.0029 ips: 4.3484 images/s, max_mem_reserved: 2249 MB, max_mem_allocated: 2009 MB
[09/21 15:42:23] ppdet.engine.callbacks INFO: Epoch: [13] [120/266] learning_rate: 0.003328 loss: 1.471497 loss_cls: 0.921911 loss_iou: 0.149252 loss_dfl: 3.070566 eta: 1:00:57 batch_cost: 0.8613 data_cost: 0.0032 ips: 4.6439 images/s, max_mem_reserved: 2249 MB, max_mem_allocated: 2009 MB
[09/21 15:42:33] ppdet.engine.callbacks INFO: Epoch: [13] [130/266] learning_rate: 0.003325 loss: 1.431152 loss_cls: 0.922388 loss_iou: 0.145749 loss_dfl: 2.715862 eta: 1:01:02 batch_cost: 1.0287 data_cost: 0.0032 ips: 3.8884 images/s, max_mem_reserved: 2249 MB, max_mem_allocated: 2009 MB
[09/21 15:42:42] ppdet.engine.callbacks INFO: Epoch: [13] [140/266] learning_rate: 0.003321 loss: 1.400960 loss_cls: 0.904106 loss_iou: 0.140117 loss_dfl: 3.125032 eta: 1:01:04 batch_cost: 0.8633 data_cost: 0.0032 ips: 4.6335 images/s, max_mem_reserved: 2249 MB, max_mem_allocated: 2009 MB
[09/21 15:42:51] ppdet.engine.callbacks INFO: Epoch: [13] [150/266] learning_rate: 0.003317 loss: 1.433796 loss_cls: 0.928260 loss_iou: 0.155864 loss_dfl: 3.027081 eta: 1:01:05 batch_cost: 0.8354 data_cost: 0.0029 ips: 4.7879 images/s, max_mem_reserved: 2249 MB, max_mem_allocated: 2009 MB
[09/21 15:43:00] ppdet.engine.callbacks INFO: Epoch: [13] [160/266] learning_rate: 0.003313 loss: 1.433003 loss_cls: 0.912769 loss_iou: 0.152694 loss_dfl: 2.983961 eta: 1:01:05 batch_cost: 0.7944 data_cost: 0.0028 ips: 5.0355 images/s, max_mem_reserved: 2249 MB, max_mem_allocated: 2009 MB
[09/21 15:43:08] ppdet.engine.callbacks INFO: Epoch: [13] [170/266] learning_rate: 0.003310 loss: 1.367268 loss_cls: 0.904170 loss_iou: 0.136573 loss_dfl: 2.568425 eta: 1:01:05 batch_cost: 0.7903 data_cost: 0.0031 ips: 5.0612 images/s, max_mem_reserved: 2249 MB, max_mem_allocated: 2009 MB
[09/21 15:43:17] ppdet.engine.callbacks INFO: Epoch: [13] [180/266] learning_rate: 0.003306 loss: 1.557175 loss_cls: 0.937126 loss_iou: 0.176846 loss_dfl: 3.333488 eta: 1:01:05 batch_cost: 0.8227 data_cost: 0.0030 ips: 4.8622 images/s, max_mem_reserved: 2249 MB, max_mem_allocated: 2009 MB
[09/21 15:43:26] ppdet.engine.callbacks INFO: Epoch: [13] [190/266] learning_rate: 0.003302 loss: 1.501771 loss_cls: 0.929956 loss_iou: 0.150432 loss_dfl: 3.019884 eta: 1:01:07 batch_cost: 0.8689 data_cost: 0.0029 ips: 4.6035 images/s, max_mem_reserved: 2249 MB, max_mem_allocated: 2009 MB
[09/21 15:43:34] ppdet.engine.callbacks INFO: Epoch: [13] [200/266] learning_rate: 0.003298 loss: 1.420741 loss_cls: 0.920452 loss_iou: 0.143250 loss_dfl: 3.212299 eta: 1:01:07 batch_cost: 0.8078 data_cost: 0.0027 ips: 4.9514 images/s, max_mem_reserved: 2249 MB, max_mem_allocated: 2009 MB
[09/21 15:43:43] ppdet.engine.callbacks INFO: Epoch: [13] [210/266] learning_rate: 0.003294 loss: 1.483041 loss_cls: 0.925559 loss_iou: 0.149276 loss_dfl: 3.278598 eta: 1:01:07 batch_cost: 0.8324 data_cost: 0.0025 ips: 4.8057 images/s, max_mem_reserved: 2249 MB, max_mem_allocated: 2009 MB
[09/21 15:43:51] ppdet.engine.callbacks INFO: Epoch: [13] [220/266] learning_rate: 0.003291 loss: 1.412088 loss_cls: 0.938357 loss_iou: 0.140204 loss_dfl: 2.776893 eta: 1:01:06 batch_cost: 0.7545 data_cost: 0.0031 ips: 5.3015 images/s, max_mem_reserved: 2249 MB, max_mem_allocated: 2009 MB
[09/21 15:44:01] ppdet.engine.callbacks INFO: Epoch: [13] [230/266] learning_rate: 0.003287 loss: 1.406842 loss_cls: 0.910114 loss_iou: 0.145318 loss_dfl: 3.114213 eta: 1:01:08 batch_cost: 0.9039 data_cost: 0.0029 ips: 4.4252 images/s, max_mem_reserved: 2249 MB, max_mem_allocated: 2009 MB
[09/21 15:44:10] ppdet.engine.callbacks INFO: Epoch: [13] [240/266] learning_rate: 0.003283 loss: 1.399210 loss_cls: 0.895260 loss_iou: 0.131731 loss_dfl: 2.743024 eta: 1:01:09 batch_cost: 0.8695 data_cost: 0.0030 ips: 4.6001 images/s, max_mem_reserved: 2249 MB, max_mem_allocated: 2009 MB
[09/21 15:44:19] ppdet.engine.callbacks INFO: Epoch: [13] [250/266] learning_rate: 0.003279 loss: 1.416803 loss_cls: 0.932198 loss_iou: 0.139972 loss_dfl: 2.769600 eta: 1:01:10 batch_cost: 0.8508 data_cost: 0.0025 ips: 4.7013 images/s, max_mem_reserved: 2249 MB, max_mem_allocated: 2009 MB
[09/21 15:44:29] ppdet.engine.callbacks INFO: Epoch: [13] [260/266] learning_rate: 0.003275 loss: 1.405556 loss_cls: 0.881479 loss_iou: 0.144787 loss_dfl: 3.000674 eta: 1:01:13 batch_cost: 0.9623 data_cost: 0.0028 ips: 4.1569 images/s, max_mem_reserved: 2249 MB, max_mem_allocated: 2009 MB
[09/21 15:44:34] ppdet.engine.callbacks INFO: Epoch: [14] [  0/266] learning_rate: 0.003273 loss: 1.358791 loss_cls: 0.872594 loss_iou: 0.140716 loss_dfl: 3.059120 eta: 1:01:14 batch_cost: 0.9166 data_cost: 0.0504 ips: 4.3640 images/s, max_mem_reserved: 2249 MB, max_mem_allocated: 2009 MB
[09/21 15:44:43] ppdet.engine.callbacks INFO: Epoch: [14] [ 10/266] learning_rate: 0.003269 loss: 1.346437 loss_cls: 0.854058 loss_iou: 0.142588 loss_dfl: 2.740637 eta: 1:01:14 batch_cost: 0.8380 data_cost: 0.0032 ips: 4.7735 images/s, max_mem_reserved: 2249 MB, max_mem_allocated: 2009 MB
[09/21 15:44:52] ppdet.engine.callbacks INFO: Epoch: [14] [ 20/266] learning_rate: 0.003265 loss: 1.433864 loss_cls: 0.909451 loss_iou: 0.144727 loss_dfl: 2.897830 eta: 1:01:14 batch_cost: 0.8098 data_cost: 0.0030 ips: 4.9396 images/s, max_mem_reserved: 2249 MB, max_mem_allocated: 2009 MB
[09/21 15:45:00] ppdet.engine.callbacks INFO: Epoch: [14] [ 30/266] learning_rate: 0.003261 loss: 1.363725 loss_cls: 0.889875 loss_iou: 0.138089 loss_dfl: 2.498992 eta: 1:01:13 batch_cost: 0.7836 data_cost: 0.0028 ips: 5.1044 images/s, max_mem_reserved: 2249 MB, max_mem_allocated: 2009 MB
[09/21 15:45:09] ppdet.engine.callbacks INFO: Epoch: [14] [ 40/266] learning_rate: 0.003257 loss: 1.395748 loss_cls: 0.881086 loss_iou: 0.147233 loss_dfl: 2.853646 eta: 1:01:14 batch_cost: 0.8852 data_cost: 0.0037 ips: 4.5186 images/s, max_mem_reserved: 2249 MB, max_mem_allocated: 2009 MB
[09/21 15:45:18] ppdet.engine.callbacks INFO: Epoch: [14] [ 50/266] learning_rate: 0.003254 loss: 1.328202 loss_cls: 0.851114 loss_iou: 0.132194 loss_dfl: 2.769807 eta: 1:01:15 batch_cost: 0.8548 data_cost: 0.0031 ips: 4.6795 images/s, max_mem_reserved: 2249 MB, max_mem_allocated: 2009 MB
[09/21 15:45:27] ppdet.engine.callbacks INFO: Epoch: [14] [ 60/266] learning_rate: 0.003250 loss: 1.348336 loss_cls: 0.906389 loss_iou: 0.129568 loss_dfl: 2.539653 eta: 1:01:13 batch_cost: 0.7721 data_cost: 0.0032 ips: 5.1807 images/s, max_mem_reserved: 2249 MB, max_mem_allocated: 2009 MB
[09/21 15:45:37] ppdet.engine.callbacks INFO: Epoch: [14] [ 70/266] learning_rate: 0.003246 loss: 1.303605 loss_cls: 0.846450 loss_iou: 0.135690 loss_dfl: 2.454134 eta: 1:01:16 batch_cost: 0.9862 data_cost: 0.0033 ips: 4.0560 images/s, max_mem_reserved: 2249 MB, max_mem_allocated: 2009 MB
[09/21 15:45:46] ppdet.engine.callbacks INFO: Epoch: [14] [ 80/266] learning_rate: 0.003242 loss: 1.339153 loss_cls: 0.850213 loss_iou: 0.129122 loss_dfl: 2.441694 eta: 1:01:17 batch_cost: 0.8959 data_cost: 0.0031 ips: 4.4650 images/s, max_mem_reserved: 2249 MB, max_mem_allocated: 2009 MB
[09/21 15:45:55] ppdet.engine.callbacks INFO: Epoch: [14] [ 90/266] learning_rate: 0.003238 loss: 1.300974 loss_cls: 0.840018 loss_iou: 0.129180 loss_dfl: 2.983310 eta: 1:01:17 batch_cost: 0.8308 data_cost: 0.0026 ips: 4.8147 images/s, max_mem_reserved: 2249 MB, max_mem_allocated: 2009 MB
[09/21 15:46:03] ppdet.engine.callbacks INFO: Epoch: [14] [100/266] learning_rate: 0.003234 loss: 1.425386 loss_cls: 0.876009 loss_iou: 0.155114 loss_dfl: 2.801389 eta: 1:01:15 batch_cost: 0.7197 data_cost: 0.0030 ips: 5.5577 images/s, max_mem_reserved: 2249 MB, max_mem_allocated: 2009 MB
[09/21 15:46:10] ppdet.engine.callbacks INFO: Epoch: [14] [110/266] learning_rate: 0.003230 loss: 1.321873 loss_cls: 0.847856 loss_iou: 0.135752 loss_dfl: 2.655587 eta: 1:01:12 batch_cost: 0.6606 data_cost: 0.0030 ips: 6.0548 images/s, max_mem_reserved: 2249 MB, max_mem_allocated: 2009 MB
[09/21 15:46:18] ppdet.engine.callbacks INFO: Epoch: [14] [120/266] learning_rate: 0.003226 loss: 1.359168 loss_cls: 0.862911 loss_iou: 0.153786 loss_dfl: 3.058802 eta: 1:01:11 batch_cost: 0.7970 data_cost: 0.0024 ips: 5.0188 images/s, max_mem_reserved: 2249 MB, max_mem_allocated: 2009 MB
[09/21 15:46:28] ppdet.engine.callbacks INFO: Epoch: [14] [130/266] learning_rate: 0.003222 loss: 1.395676 loss_cls: 0.820898 loss_iou: 0.142965 loss_dfl: 3.223205 eta: 1:01:12 batch_cost: 0.9214 data_cost: 0.0030 ips: 4.3413 images/s, max_mem_reserved: 2249 MB, max_mem_allocated: 2009 MB
[09/21 15:46:36] ppdet.engine.callbacks INFO: Epoch: [14] [140/266] learning_rate: 0.003218 loss: 1.341968 loss_cls: 0.838091 loss_iou: 0.140121 loss_dfl: 2.788680 eta: 1:01:12 batch_cost: 0.8154 data_cost: 0.0029 ips: 4.9053 images/s, max_mem_reserved: 2249 MB, max_mem_allocated: 2009 MB
[09/21 15:46:44] ppdet.engine.callbacks INFO: Epoch: [14] [150/266] learning_rate: 0.003214 loss: 1.380663 loss_cls: 0.876428 loss_iou: 0.133229 loss_dfl: 2.705161 eta: 1:01:09 batch_cost: 0.7034 data_cost: 0.0026 ips: 5.6866 images/s, max_mem_reserved: 2249 MB, max_mem_allocated: 2009 MB
[09/21 15:46:52] ppdet.engine.callbacks INFO: Epoch: [14] [160/266] learning_rate: 0.003210 loss: 1.385931 loss_cls: 0.898462 loss_iou: 0.142347 loss_dfl: 3.089808 eta: 1:01:07 batch_cost: 0.7644 data_cost: 0.0028 ips: 5.2329 images/s, max_mem_reserved: 2249 MB, max_mem_allocated: 2009 MB
[09/21 15:47:00] ppdet.engine.callbacks INFO: Epoch: [14] [170/266] learning_rate: 0.003206 loss: 1.359632 loss_cls: 0.876510 loss_iou: 0.143778 loss_dfl: 2.997442 eta: 1:01:06 batch_cost: 0.7894 data_cost: 0.0029 ips: 5.0671 images/s, max_mem_reserved: 2249 MB, max_mem_allocated: 2009 MB
[09/21 15:47:09] ppdet.engine.callbacks INFO: Epoch: [14] [180/266] learning_rate: 0.003202 loss: 1.378318 loss_cls: 0.865536 loss_iou: 0.138863 loss_dfl: 2.622659 eta: 1:01:06 batch_cost: 0.8686 data_cost: 0.0026 ips: 4.6049 images/s, max_mem_reserved: 2249 MB, max_mem_allocated: 2009 MB
[09/21 15:47:19] ppdet.engine.callbacks INFO: Epoch: [14] [190/266] learning_rate: 0.003198 loss: 1.382354 loss_cls: 0.873762 loss_iou: 0.141016 loss_dfl: 2.802809 eta: 1:01:08 batch_cost: 0.9260 data_cost: 0.0030 ips: 4.3197 images/s, max_mem_reserved: 2249 MB, max_mem_allocated: 2009 MB
[09/21 15:47:28] ppdet.engine.callbacks INFO: Epoch: [14] [200/266] learning_rate: 0.003194 loss: 1.384288 loss_cls: 0.892378 loss_iou: 0.142276 loss_dfl: 2.399390 eta: 1:01:07 batch_cost: 0.8038 data_cost: 0.0031 ips: 4.9761 images/s, max_mem_reserved: 2249 MB, max_mem_allocated: 2009 MB
[09/21 15:47:36] ppdet.engine.callbacks INFO: Epoch: [14] [210/266] learning_rate: 0.003190 loss: 1.380689 loss_cls: 0.869360 loss_iou: 0.142377 loss_dfl: 3.078083 eta: 1:01:06 batch_cost: 0.8092 data_cost: 0.0031 ips: 4.9429 images/s, max_mem_reserved: 2249 MB, max_mem_allocated: 2009 MB
[09/21 15:47:45] ppdet.engine.callbacks INFO: Epoch: [14] [220/266] learning_rate: 0.003186 loss: 1.456399 loss_cls: 0.889551 loss_iou: 0.150338 loss_dfl: 2.896788 eta: 1:01:05 batch_cost: 0.8274 data_cost: 0.0029 ips: 4.8345 images/s, max_mem_reserved: 2249 MB, max_mem_allocated: 2009 MB
[09/21 15:47:54] ppdet.engine.callbacks INFO: Epoch: [14] [230/266] learning_rate: 0.003182 loss: 1.377677 loss_cls: 0.864225 loss_iou: 0.142310 loss_dfl: 2.816000 eta: 1:01:05 batch_cost: 0.8507 data_cost: 0.0029 ips: 4.7022 images/s, max_mem_reserved: 2249 MB, max_mem_allocated: 2009 MB
[09/21 15:48:02] ppdet.engine.callbacks INFO: Epoch: [14] [240/266] learning_rate: 0.003178 loss: 1.394368 loss_cls: 0.907655 loss_iou: 0.142239 loss_dfl: 2.971517 eta: 1:01:03 batch_cost: 0.7689 data_cost: 0.0031 ips: 5.2024 images/s, max_mem_reserved: 2249 MB, max_mem_allocated: 2009 MB
[09/21 15:48:12] ppdet.engine.callbacks INFO: Epoch: [14] [250/266] learning_rate: 0.003174 loss: 1.376617 loss_cls: 0.882652 loss_iou: 0.148568 loss_dfl: 2.866265 eta: 1:01:03 batch_cost: 0.9180 data_cost: 0.0031 ips: 4.3575 images/s, max_mem_reserved: 2249 MB, max_mem_allocated: 2009 MB
[09/21 15:48:20] ppdet.engine.callbacks INFO: Epoch: [14] [260/266] learning_rate: 0.003170 loss: 1.361685 loss_cls: 0.879876 loss_iou: 0.134160 loss_dfl: 2.718352 eta: 1:01:02 batch_cost: 0.7733 data_cost: 0.0029 ips: 5.1727 images/s, max_mem_reserved: 2249 MB, max_mem_allocated: 2009 MB
[09/21 15:48:26] ppdet.engine.callbacks INFO: Epoch: [15] [  0/266] learning_rate: 0.003168 loss: 1.346487 loss_cls: 0.887344 loss_iou: 0.133220 loss_dfl: 2.789284 eta: 1:01:03 batch_cost: 0.9273 data_cost: 0.0499 ips: 4.3136 images/s, max_mem_reserved: 2249 MB, max_mem_allocated: 2009 MB
[09/21 15:48:37] ppdet.engine.callbacks INFO: Epoch: [15] [ 10/266] learning_rate: 0.003164 loss: 1.427105 loss_cls: 0.915696 loss_iou: 0.146552 loss_dfl: 2.784707 eta: 1:01:04 batch_cost: 0.9618 data_cost: 0.0026 ips: 4.1587 images/s, max_mem_reserved: 2249 MB, max_mem_allocated: 2009 MB
[09/21 15:48:47] ppdet.engine.callbacks INFO: Epoch: [15] [ 20/266] learning_rate: 0.003159 loss: 1.286792 loss_cls: 0.861125 loss_iou: 0.119463 loss_dfl: 2.332849 eta: 1:01:06 batch_cost: 1.0088 data_cost: 0.0031 ips: 3.9649 images/s, max_mem_reserved: 2249 MB, max_mem_allocated: 2009 MB
[09/21 15:48:56] ppdet.engine.callbacks INFO: Epoch: [15] [ 30/266] learning_rate: 0.003155 loss: 1.387033 loss_cls: 0.898225 loss_iou: 0.144127 loss_dfl: 2.773782 eta: 1:01:06 batch_cost: 0.8563 data_cost: 0.0031 ips: 4.6712 images/s, max_mem_reserved: 2249 MB, max_mem_allocated: 2009 MB
[09/21 15:49:04] ppdet.engine.callbacks INFO: Epoch: [15] [ 40/266] learning_rate: 0.003151 loss: 1.368040 loss_cls: 0.901450 loss_iou: 0.148228 loss_dfl: 2.290525 eta: 1:01:04 batch_cost: 0.7763 data_cost: 0.0029 ips: 5.1527 images/s, max_mem_reserved: 2249 MB, max_mem_allocated: 2009 MB
[09/21 15:49:12] ppdet.engine.callbacks INFO: Epoch: [15] [ 50/266] learning_rate: 0.003147 loss: 1.361803 loss_cls: 0.866606 loss_iou: 0.140584 loss_dfl: 2.863894 eta: 1:01:01 batch_cost: 0.7398 data_cost: 0.0027 ips: 5.4068 images/s, max_mem_reserved: 2249 MB, max_mem_allocated: 2009 MB
[09/21 15:49:20] ppdet.engine.callbacks INFO: Epoch: [15] [ 60/266] learning_rate: 0.003143 loss: 1.378333 loss_cls: 0.889227 loss_iou: 0.142676 loss_dfl: 2.744458 eta: 1:00:58 batch_cost: 0.7200 data_cost: 0.0026 ips: 5.5554 images/s, max_mem_reserved: 2249 MB, max_mem_allocated: 2009 MB
[09/21 15:49:27] ppdet.engine.callbacks INFO: Epoch: [15] [ 70/266] learning_rate: 0.003139 loss: 1.354194 loss_cls: 0.858115 loss_iou: 0.138064 loss_dfl: 2.749795 eta: 1:00:55 batch_cost: 0.6905 data_cost: 0.0031 ips: 5.7932 images/s, max_mem_reserved: 2249 MB, max_mem_allocated: 2009 MB
[09/21 15:49:36] ppdet.engine.callbacks INFO: Epoch: [15] [ 80/266] learning_rate: 0.003135 loss: 1.365494 loss_cls: 0.848516 loss_iou: 0.141625 loss_dfl: 2.725578 eta: 1:00:54 batch_cost: 0.8424 data_cost: 0.0029 ips: 4.7481 images/s, max_mem_reserved: 2249 MB, max_mem_allocated: 2009 MB
[09/21 15:49:44] ppdet.engine.callbacks INFO: Epoch: [15] [ 90/266] learning_rate: 0.003131 loss: 1.399202 loss_cls: 0.901190 loss_iou: 0.145385 loss_dfl: 2.547270 eta: 1:00:52 batch_cost: 0.7601 data_cost: 0.0028 ips: 5.2621 images/s, max_mem_reserved: 2249 MB, max_mem_allocated: 2009 MB
[09/21 15:49:51] ppdet.engine.callbacks INFO: Epoch: [15] [100/266] learning_rate: 0.003127 loss: 1.318029 loss_cls: 0.873374 loss_iou: 0.130985 loss_dfl: 2.677886 eta: 1:00:48 batch_cost: 0.6805 data_cost: 0.0028 ips: 5.8778 images/s, max_mem_reserved: 2249 MB, max_mem_allocated: 2009 MB
[09/21 15:49:59] ppdet.engine.callbacks INFO: Epoch: [15] [110/266] learning_rate: 0.003123 loss: 1.355097 loss_cls: 0.890720 loss_iou: 0.140033 loss_dfl: 2.635305 eta: 1:00:46 batch_cost: 0.7346 data_cost: 0.0032 ips: 5.4453 images/s, max_mem_reserved: 2249 MB, max_mem_allocated: 2009 MB
[09/21 15:50:07] ppdet.engine.callbacks INFO: Epoch: [15] [120/266] learning_rate: 0.003118 loss: 1.385797 loss_cls: 0.858068 loss_iou: 0.143315 loss_dfl: 2.682687 eta: 1:00:44 batch_cost: 0.8133 data_cost: 0.0033 ips: 4.9180 images/s, max_mem_reserved: 2249 MB, max_mem_allocated: 2009 MB
[09/21 15:50:15] ppdet.engine.callbacks INFO: Epoch: [15] [130/266] learning_rate: 0.003114 loss: 1.387812 loss_cls: 0.874639 loss_iou: 0.140206 loss_dfl: 3.043716 eta: 1:00:42 batch_cost: 0.7644 data_cost: 0.0029 ips: 5.2327 images/s, max_mem_reserved: 2249 MB, max_mem_allocated: 2009 MB
[09/21 15:50:24] ppdet.engine.callbacks INFO: Epoch: [15] [140/266] learning_rate: 0.003110 loss: 1.375656 loss_cls: 0.854699 loss_iou: 0.152883 loss_dfl: 3.121961 eta: 1:00:41 batch_cost: 0.8618 data_cost: 0.0030 ips: 4.6415 images/s, max_mem_reserved: 2249 MB, max_mem_allocated: 2009 MB
[09/21 15:50:32] ppdet.engine.callbacks INFO: Epoch: [15] [150/266] learning_rate: 0.003106 loss: 1.336855 loss_cls: 0.876671 loss_iou: 0.127452 loss_dfl: 2.848834 eta: 1:00:39 batch_cost: 0.7663 data_cost: 0.0031 ips: 5.2201 images/s, max_mem_reserved: 2249 MB, max_mem_allocated: 2009 MB
[09/21 15:50:40] ppdet.engine.callbacks INFO: Epoch: [15] [160/266] learning_rate: 0.003102 loss: 1.362012 loss_cls: 0.880678 loss_iou: 0.141575 loss_dfl: 2.650168 eta: 1:00:36 batch_cost: 0.7388 data_cost: 0.0030 ips: 5.4138 images/s, max_mem_reserved: 2249 MB, max_mem_allocated: 2009 MB
[09/21 15:50:48] ppdet.engine.callbacks INFO: Epoch: [15] [170/266] learning_rate: 0.003098 loss: 1.377446 loss_cls: 0.883245 loss_iou: 0.150857 loss_dfl: 2.632213 eta: 1:00:33 batch_cost: 0.7182 data_cost: 0.0030 ips: 5.5698 images/s, max_mem_reserved: 2249 MB, max_mem_allocated: 2009 MB
[09/21 15:50:56] ppdet.engine.callbacks INFO: Epoch: [15] [180/266] learning_rate: 0.003093 loss: 1.393605 loss_cls: 0.896943 loss_iou: 0.132185 loss_dfl: 2.944756 eta: 1:00:31 batch_cost: 0.8229 data_cost: 0.0032 ips: 4.8607 images/s, max_mem_reserved: 2249 MB, max_mem_allocated: 2009 MB
[09/21 15:51:03] ppdet.engine.callbacks INFO: Epoch: [15] [190/266] learning_rate: 0.003089 loss: 1.346467 loss_cls: 0.864333 loss_iou: 0.142871 loss_dfl: 2.523706 eta: 1:00:27 batch_cost: 0.6702 data_cost: 0.0031 ips: 5.9684 images/s, max_mem_reserved: 2249 MB, max_mem_allocated: 2009 MB
[09/21 15:51:11] ppdet.engine.callbacks INFO: Epoch: [15] [200/266] learning_rate: 0.003085 loss: 1.338479 loss_cls: 0.858997 loss_iou: 0.134863 loss_dfl: 2.513693 eta: 1:00:24 batch_cost: 0.7139 data_cost: 0.0029 ips: 5.6030 images/s, max_mem_reserved: 2249 MB, max_mem_allocated: 2009 MB
[09/21 15:51:18] ppdet.engine.callbacks INFO: Epoch: [15] [210/266] learning_rate: 0.003081 loss: 1.415902 loss_cls: 0.854083 loss_iou: 0.165471 loss_dfl: 3.076669 eta: 1:00:20 batch_cost: 0.6902 data_cost: 0.0027 ips: 5.7953 images/s, max_mem_reserved: 2249 MB, max_mem_allocated: 2009 MB
[09/21 15:51:26] ppdet.engine.callbacks INFO: Epoch: [15] [220/266] learning_rate: 0.003077 loss: 1.406814 loss_cls: 0.871707 loss_iou: 0.155703 loss_dfl: 2.920703 eta: 1:00:17 batch_cost: 0.7162 data_cost: 0.0032 ips: 5.5847 images/s, max_mem_reserved: 2249 MB, max_mem_allocated: 2009 MB
[09/21 15:51:34] ppdet.engine.callbacks INFO: Epoch: [15] [230/266] learning_rate: 0.003072 loss: 1.367237 loss_cls: 0.875092 loss_iou: 0.146921 loss_dfl: 2.667186 eta: 1:00:15 batch_cost: 0.7811 data_cost: 0.0033 ips: 5.1211 images/s, max_mem_reserved: 2249 MB, max_mem_allocated: 2009 MB
[09/21 15:51:41] ppdet.engine.callbacks INFO: Epoch: [15] [240/266] learning_rate: 0.003068 loss: 1.371404 loss_cls: 0.844916 loss_iou: 0.134337 loss_dfl: 2.995109 eta: 1:00:11 batch_cost: 0.7095 data_cost: 0.0024 ips: 5.6380 images/s, max_mem_reserved: 2249 MB, max_mem_allocated: 2009 MB
[09/21 15:51:49] ppdet.engine.callbacks INFO: Epoch: [15] [250/266] learning_rate: 0.003064 loss: 1.361863 loss_cls: 0.896163 loss_iou: 0.139262 loss_dfl: 2.397032 eta: 1:00:09 batch_cost: 0.7618 data_cost: 0.0030 ips: 5.2507 images/s, max_mem_reserved: 2249 MB, max_mem_allocated: 2009 MB
[09/21 15:51:56] ppdet.engine.callbacks INFO: Epoch: [15] [260/266] learning_rate: 0.003060 loss: 1.401149 loss_cls: 0.895269 loss_iou: 0.139635 loss_dfl: 2.882403 eta: 1:00:04 batch_cost: 0.6222 data_cost: 0.0031 ips: 6.4289 images/s, max_mem_reserved: 2249 MB, max_mem_allocated: 2009 MB
[09/21 15:52:00] ppdet.utils.checkpoint INFO: Save checkpoint: output_aug
[09/21 15:52:01] ppdet.engine.callbacks INFO: Eval iter: 0
[09/21 15:52:08] ppdet.metrics.metrics INFO: Accumulating evaluatation results...
[09/21 15:52:08] ppdet.metrics.metrics INFO: mAP(0.50, 11point) = 86.05%
[09/21 15:52:08] ppdet.engine.callbacks INFO: Total sample number: 100, average FPS: 13.120329759997013
[09/21 15:52:08] ppdet.engine INFO: Best test bbox ap is 0.861.
[09/21 15:52:08] ppdet.utils.checkpoint INFO: Save checkpoint: output_aug
[09/21 15:52:10] ppdet.engine.callbacks INFO: Epoch: [16] [  0/266] learning_rate: 0.003057 loss: 1.383707 loss_cls: 0.893837 loss_iou: 0.139096 loss_dfl: 2.785878 eta: 1:00:02 batch_cost: 0.7181 data_cost: 0.0027 ips: 5.5700 images/s, max_mem_reserved: 2249 MB, max_mem_allocated: 2009 MB
[09/21 15:52:19] ppdet.engine.callbacks INFO: Epoch: [16] [ 10/266] learning_rate: 0.003053 loss: 1.390589 loss_cls: 0.896118 loss_iou: 0.138924 loss_dfl: 3.055120 eta: 1:00:02 batch_cost: 0.9034 data_cost: 0.0025 ips: 4.4279 images/s, max_mem_reserved: 2249 MB, max_mem_allocated: 2009 MB
[09/21 15:52:29] ppdet.engine.callbacks INFO: Epoch: [16] [ 20/266] learning_rate: 0.003049 loss: 1.309407 loss_cls: 0.870867 loss_iou: 0.136480 loss_dfl: 2.609882 eta: 1:00:01 batch_cost: 0.8996 data_cost: 0.0027 ips: 4.4466 images/s, max_mem_reserved: 2249 MB, max_mem_allocated: 2009 MB
[09/21 15:52:37] ppdet.engine.callbacks INFO: Epoch: [16] [ 30/266] learning_rate: 0.003044 loss: 1.338130 loss_cls: 0.875168 loss_iou: 0.140892 loss_dfl: 2.665679 eta: 1:00:00 batch_cost: 0.8559 data_cost: 0.0026 ips: 4.6733 images/s, max_mem_reserved: 2249 MB, max_mem_allocated: 2009 MB
[09/21 15:52:44] ppdet.engine.callbacks INFO: Epoch: [16] [ 40/266] learning_rate: 0.003040 loss: 1.316896 loss_cls: 0.866097 loss_iou: 0.133596 loss_dfl: 2.809921 eta: 0:59:55 batch_cost: 0.6626 data_cost: 0.0029 ips: 6.0365 images/s, max_mem_reserved: 2249 MB, max_mem_allocated: 2009 MB
[09/21 15:52:53] ppdet.engine.callbacks INFO: Epoch: [16] [ 50/266] learning_rate: 0.003036 loss: 1.401844 loss_cls: 0.838812 loss_iou: 0.154567 loss_dfl: 2.922752 eta: 0:59:53 batch_cost: 0.8120 data_cost: 0.0030 ips: 4.9258 images/s, max_mem_reserved: 2249 MB, max_mem_allocated: 2009 MB
[09/21 15:53:01] ppdet.engine.callbacks INFO: Epoch: [16] [ 60/266] learning_rate: 0.003032 loss: 1.434567 loss_cls: 0.907954 loss_iou: 0.143003 loss_dfl: 3.289567 eta: 0:59:50 batch_cost: 0.7653 data_cost: 0.0023 ips: 5.2270 images/s, max_mem_reserved: 2249 MB, max_mem_allocated: 2009 MB
[09/21 15:53:10] ppdet.engine.callbacks INFO: Epoch: [16] [ 70/266] learning_rate: 0.003027 loss: 1.354401 loss_cls: 0.878825 loss_iou: 0.132065 loss_dfl: 2.871931 eta: 0:59:49 batch_cost: 0.8738 data_cost: 0.0023 ips: 4.5779 images/s, max_mem_reserved: 2249 MB, max_mem_allocated: 2009 MB
[09/21 15:53:19] ppdet.engine.callbacks INFO: Epoch: [16] [ 80/266] learning_rate: 0.003023 loss: 1.385792 loss_cls: 0.877207 loss_iou: 0.138817 loss_dfl: 2.944481 eta: 0:59:48 batch_cost: 0.8528 data_cost: 0.0032 ips: 4.6906 images/s, max_mem_reserved: 2249 MB, max_mem_allocated: 2009 MB
[09/21 15:53:29] ppdet.engine.callbacks INFO: Epoch: [16] [ 90/266] learning_rate: 0.003019 loss: 1.429777 loss_cls: 0.858203 loss_iou: 0.149278 loss_dfl: 3.012502 eta: 0:59:47 batch_cost: 0.9269 data_cost: 0.0028 ips: 4.3154 images/s, max_mem_reserved: 2249 MB, max_mem_allocated: 2009 MB
[09/21 15:53:37] ppdet.engine.callbacks INFO: Epoch: [16] [100/266] learning_rate: 0.003014 loss: 1.365095 loss_cls: 0.860946 loss_iou: 0.140617 loss_dfl: 3.056925 eta: 0:59:45 batch_cost: 0.8054 data_cost: 0.0031 ips: 4.9665 images/s, max_mem_reserved: 2249 MB, max_mem_allocated: 2009 MB
[09/21 15:53:46] ppdet.engine.callbacks INFO: Epoch: [16] [110/266] learning_rate: 0.003010 loss: 1.372539 loss_cls: 0.900449 loss_iou: 0.138970 loss_dfl: 2.639344 eta: 0:59:43 batch_cost: 0.8269 data_cost: 0.0029 ips: 4.8374 images/s, max_mem_reserved: 2249 MB, max_mem_allocated: 2009 MB
[09/21 15:53:57] ppdet.engine.callbacks INFO: Epoch: [16] [120/266] learning_rate: 0.003006 loss: 1.468756 loss_cls: 0.929602 loss_iou: 0.150811 loss_dfl: 2.944774 eta: 0:59:44 batch_cost: 1.0502 data_cost: 0.0029 ips: 3.8088 images/s, max_mem_reserved: 2249 MB, max_mem_allocated: 2009 MB
[09/21 15:54:06] ppdet.engine.callbacks INFO: Epoch: [16] [130/266] learning_rate: 0.003001 loss: 1.444273 loss_cls: 0.914615 loss_iou: 0.161009 loss_dfl: 2.884817 eta: 0:59:43 batch_cost: 0.8974 data_cost: 0.0028 ips: 4.4575 images/s, max_mem_reserved: 2249 MB, max_mem_allocated: 2009 MB
[09/21 15:54:15] ppdet.engine.callbacks INFO: Epoch: [16] [140/266] learning_rate: 0.002997 loss: 1.372147 loss_cls: 0.896584 loss_iou: 0.132293 loss_dfl: 2.892672 eta: 0:59:42 batch_cost: 0.8810 data_cost: 0.0029 ips: 4.5404 images/s, max_mem_reserved: 2249 MB, max_mem_allocated: 2009 MB
[09/21 15:54:25] ppdet.engine.callbacks INFO: Epoch: [16] [150/266] learning_rate: 0.002993 loss: 1.425116 loss_cls: 0.898195 loss_iou: 0.149823 loss_dfl: 3.008746 eta: 0:59:41 batch_cost: 0.9365 data_cost: 0.0029 ips: 4.2710 images/s, max_mem_reserved: 2249 MB, max_mem_allocated: 2009 MB
[09/21 15:54:34] ppdet.engine.callbacks INFO: Epoch: [16] [160/266] learning_rate: 0.002988 loss: 1.316302 loss_cls: 0.895206 loss_iou: 0.132316 loss_dfl: 2.689008 eta: 0:59:39 batch_cost: 0.8561 data_cost: 0.0027 ips: 4.6726 images/s, max_mem_reserved: 2249 MB, max_mem_allocated: 2009 MB
[09/21 15:54:43] ppdet.engine.callbacks INFO: Epoch: [16] [170/266] learning_rate: 0.002984 loss: 1.365966 loss_cls: 0.892198 loss_iou: 0.138438 loss_dfl: 2.809217 eta: 0:59:37 batch_cost: 0.8609 data_cost: 0.0027 ips: 4.6464 images/s, max_mem_reserved: 2249 MB, max_mem_allocated: 2009 MB
[09/21 15:54:52] ppdet.engine.callbacks INFO: Epoch: [16] [180/266] learning_rate: 0.002980 loss: 1.381810 loss_cls: 0.853103 loss_iou: 0.154755 loss_dfl: 2.733619 eta: 0:59:35 batch_cost: 0.8368 data_cost: 0.0029 ips: 4.7802 images/s, max_mem_reserved: 2249 MB, max_mem_allocated: 2009 MB
[09/21 15:55:02] ppdet.engine.callbacks INFO: Epoch: [16] [190/266] learning_rate: 0.002975 loss: 1.396211 loss_cls: 0.887325 loss_iou: 0.143112 loss_dfl: 2.958757 eta: 0:59:35 batch_cost: 0.9751 data_cost: 0.0026 ips: 4.1021 images/s, max_mem_reserved: 2249 MB, max_mem_allocated: 2009 MB
[09/21 15:55:11] ppdet.engine.callbacks INFO: Epoch: [16] [200/266] learning_rate: 0.002971 loss: 1.381605 loss_cls: 0.885635 loss_iou: 0.138269 loss_dfl: 2.941985 eta: 0:59:34 batch_cost: 0.9382 data_cost: 0.0025 ips: 4.2635 images/s, max_mem_reserved: 2249 MB, max_mem_allocated: 2009 MB
[09/21 15:55:23] ppdet.engine.callbacks INFO: Epoch: [16] [210/266] learning_rate: 0.002967 loss: 1.353969 loss_cls: 0.887784 loss_iou: 0.129526 loss_dfl: 3.035601 eta: 0:59:35 batch_cost: 1.0748 data_cost: 0.0026 ips: 3.7217 images/s, max_mem_reserved: 2249 MB, max_mem_allocated: 2009 MB
[09/21 15:55:30] ppdet.engine.callbacks INFO: Epoch: [16] [220/266] learning_rate: 0.002962 loss: 1.345059 loss_cls: 0.912124 loss_iou: 0.125448 loss_dfl: 2.260436 eta: 0:59:32 batch_cost: 0.7320 data_cost: 0.0021 ips: 5.4642 images/s, max_mem_reserved: 2249 MB, max_mem_allocated: 2009 MB
[09/21 15:55:38] ppdet.engine.callbacks INFO: Epoch: [16] [230/266] learning_rate: 0.002958 loss: 1.371407 loss_cls: 0.895230 loss_iou: 0.136643 loss_dfl: 2.755413 eta: 0:59:28 batch_cost: 0.7081 data_cost: 0.0028 ips: 5.6491 images/s, max_mem_reserved: 2249 MB, max_mem_allocated: 2009 MB
[09/21 15:55:46] ppdet.engine.callbacks INFO: Epoch: [16] [240/266] learning_rate: 0.002953 loss: 1.378649 loss_cls: 0.877672 loss_iou: 0.137285 loss_dfl: 3.032348 eta: 0:59:25 batch_cost: 0.7916 data_cost: 0.0027 ips: 5.0531 images/s, max_mem_reserved: 2249 MB, max_mem_allocated: 2009 MB
[09/21 15:55:57] ppdet.engine.callbacks INFO: Epoch: [16] [250/266] learning_rate: 0.002949 loss: 1.369748 loss_cls: 0.866807 loss_iou: 0.145446 loss_dfl: 2.889401 eta: 0:59:25 batch_cost: 1.0252 data_cost: 0.0029 ips: 3.9016 images/s, max_mem_reserved: 2249 MB, max_mem_allocated: 2009 MB
[09/21 15:56:05] ppdet.engine.callbacks INFO: Epoch: [16] [260/266] learning_rate: 0.002945 loss: 1.390588 loss_cls: 0.895626 loss_iou: 0.141104 loss_dfl: 3.132295 eta: 0:59:22 batch_cost: 0.7637 data_cost: 0.0027 ips: 5.2374 images/s, max_mem_reserved: 2249 MB, max_mem_allocated: 2009 MB
[09/21 15:56:10] ppdet.engine.callbacks INFO: Epoch: [17] [  0/266] learning_rate: 0.002942 loss: 1.320819 loss_cls: 0.842250 loss_iou: 0.138846 loss_dfl: 2.688884 eta: 0:59:21 batch_cost: 0.8657 data_cost: 0.0408 ips: 4.6204 images/s, max_mem_reserved: 2249 MB, max_mem_allocated: 2009 MB
[09/21 15:56:19] ppdet.engine.callbacks INFO: Epoch: [17] [ 10/266] learning_rate: 0.002938 loss: 1.349929 loss_cls: 0.892492 loss_iou: 0.134142 loss_dfl: 2.819922 eta: 0:59:19 batch_cost: 0.8556 data_cost: 0.0026 ips: 4.6752 images/s, max_mem_reserved: 2249 MB, max_mem_allocated: 2009 MB
[09/21 15:56:30] ppdet.engine.callbacks INFO: Epoch: [17] [ 20/266] learning_rate: 0.002933 loss: 1.297529 loss_cls: 0.858700 loss_iou: 0.128782 loss_dfl: 2.680195 eta: 0:59:18 batch_cost: 0.9830 data_cost: 0.0031 ips: 4.0691 images/s, max_mem_reserved: 2249 MB, max_mem_allocated: 2009 MB
[09/21 15:56:39] ppdet.engine.callbacks INFO: Epoch: [17] [ 30/266] learning_rate: 0.002929 loss: 1.358192 loss_cls: 0.868425 loss_iou: 0.136971 loss_dfl: 2.941949 eta: 0:59:16 batch_cost: 0.8693 data_cost: 0.0031 ips: 4.6012 images/s, max_mem_reserved: 2249 MB, max_mem_allocated: 2009 MB
[09/21 15:56:47] ppdet.engine.callbacks INFO: Epoch: [17] [ 40/266] learning_rate: 0.002924 loss: 1.358041 loss_cls: 0.868064 loss_iou: 0.142601 loss_dfl: 2.772229 eta: 0:59:14 batch_cost: 0.8227 data_cost: 0.0027 ips: 4.8619 images/s, max_mem_reserved: 2249 MB, max_mem_allocated: 2009 MB
[09/21 15:56:56] ppdet.engine.callbacks INFO: Epoch: [17] [ 50/266] learning_rate: 0.002920 loss: 1.344179 loss_cls: 0.858765 loss_iou: 0.140891 loss_dfl: 2.818347 eta: 0:59:11 batch_cost: 0.8391 data_cost: 0.0029 ips: 4.7669 images/s, max_mem_reserved: 2249 MB, max_mem_allocated: 2009 MB
[09/21 15:57:05] ppdet.engine.callbacks INFO: Epoch: [17] [ 60/266] learning_rate: 0.002915 loss: 1.333591 loss_cls: 0.859213 loss_iou: 0.138695 loss_dfl: 2.547757 eta: 0:59:10 batch_cost: 0.9031 data_cost: 0.0026 ips: 4.4291 images/s, max_mem_reserved: 2249 MB, max_mem_allocated: 2009 MB
[09/21 15:57:16] ppdet.engine.callbacks INFO: Epoch: [17] [ 70/266] learning_rate: 0.002911 loss: 1.382593 loss_cls: 0.871648 loss_iou: 0.148742 loss_dfl: 2.831668 eta: 0:59:09 batch_cost: 0.9829 data_cost: 0.0027 ips: 4.0694 images/s, max_mem_reserved: 2249 MB, max_mem_allocated: 2009 MB
[09/21 15:57:24] ppdet.engine.callbacks INFO: Epoch: [17] [ 80/266] learning_rate: 0.002907 loss: 1.292196 loss_cls: 0.827355 loss_iou: 0.128694 loss_dfl: 2.931419 eta: 0:59:06 batch_cost: 0.8054 data_cost: 0.0031 ips: 4.9665 images/s, max_mem_reserved: 2249 MB, max_mem_allocated: 2009 MB
[09/21 15:57:32] ppdet.engine.callbacks INFO: Epoch: [17] [ 90/266] learning_rate: 0.002902 loss: 1.373480 loss_cls: 0.848841 loss_iou: 0.150948 loss_dfl: 2.815962 eta: 0:59:03 batch_cost: 0.7755 data_cost: 0.0029 ips: 5.1583 images/s, max_mem_reserved: 2249 MB, max_mem_allocated: 2009 MB
[09/21 15:57:41] ppdet.engine.callbacks INFO: Epoch: [17] [100/266] learning_rate: 0.002898 loss: 1.400553 loss_cls: 0.866823 loss_iou: 0.148005 loss_dfl: 2.523834 eta: 0:59:01 batch_cost: 0.8794 data_cost: 0.0028 ips: 4.5487 images/s, max_mem_reserved: 2249 MB, max_mem_allocated: 2009 MB
[09/21 15:57:48] ppdet.engine.callbacks INFO: Epoch: [17] [110/266] learning_rate: 0.002893 loss: 1.300339 loss_cls: 0.839766 loss_iou: 0.126910 loss_dfl: 2.709855 eta: 0:58:56 batch_cost: 0.6811 data_cost: 0.0027 ips: 5.8729 images/s, max_mem_reserved: 2249 MB, max_mem_allocated: 2009 MB
[09/21 15:57:56] ppdet.engine.callbacks INFO: Epoch: [17] [120/266] learning_rate: 0.002889 loss: 1.353126 loss_cls: 0.856657 loss_iou: 0.150258 loss_dfl: 2.984967 eta: 0:58:52 batch_cost: 0.7269 data_cost: 0.0028 ips: 5.5026 images/s, max_mem_reserved: 2249 MB, max_mem_allocated: 2009 MB
[09/21 15:58:07] ppdet.engine.callbacks INFO: Epoch: [17] [130/266] learning_rate: 0.002884 loss: 1.295689 loss_cls: 0.849890 loss_iou: 0.127447 loss_dfl: 2.834320 eta: 0:58:52 batch_cost: 1.0525 data_cost: 0.0030 ips: 3.8004 images/s, max_mem_reserved: 2249 MB, max_mem_allocated: 2009 MB
[09/21 15:58:17] ppdet.engine.callbacks INFO: Epoch: [17] [140/266] learning_rate: 0.002880 loss: 1.368948 loss_cls: 0.879519 loss_iou: 0.132838 loss_dfl: 2.845031 eta: 0:58:50 batch_cost: 0.9187 data_cost: 0.0033 ips: 4.3541 images/s, max_mem_reserved: 2249 MB, max_mem_allocated: 2009 MB
[09/21 15:58:26] ppdet.engine.callbacks INFO: Epoch: [17] [150/266] learning_rate: 0.002875 loss: 1.350982 loss_cls: 0.877787 loss_iou: 0.136159 loss_dfl: 2.505675 eta: 0:58:49 batch_cost: 0.9481 data_cost: 0.0030 ips: 4.2191 images/s, max_mem_reserved: 2249 MB, max_mem_allocated: 2009 MB
[09/21 15:58:35] ppdet.engine.callbacks INFO: Epoch: [17] [160/266] learning_rate: 0.002871 loss: 1.360955 loss_cls: 0.865755 loss_iou: 0.137589 loss_dfl: 2.994584 eta: 0:58:46 batch_cost: 0.8016 data_cost: 0.0033 ips: 4.9901 images/s, max_mem_reserved: 2249 MB, max_mem_allocated: 2009 MB
[09/21 15:58:45] ppdet.engine.callbacks INFO: Epoch: [17] [170/266] learning_rate: 0.002866 loss: 1.378331 loss_cls: 0.908906 loss_iou: 0.141770 loss_dfl: 2.664703 eta: 0:58:44 batch_cost: 0.9593 data_cost: 0.0028 ips: 4.1699 images/s, max_mem_reserved: 2249 MB, max_mem_allocated: 2009 MB
[09/21 15:58:54] ppdet.engine.callbacks INFO: Epoch: [17] [180/266] learning_rate: 0.002862 loss: 1.305255 loss_cls: 0.849913 loss_iou: 0.131712 loss_dfl: 2.606971 eta: 0:58:42 batch_cost: 0.8486 data_cost: 0.0030 ips: 4.7137 images/s, max_mem_reserved: 2249 MB, max_mem_allocated: 2009 MB
[09/21 15:59:01] ppdet.engine.callbacks INFO: Epoch: [17] [190/266] learning_rate: 0.002857 loss: 1.263004 loss_cls: 0.849524 loss_iou: 0.133138 loss_dfl: 2.408818 eta: 0:58:37 batch_cost: 0.7211 data_cost: 0.0029 ips: 5.5471 images/s, max_mem_reserved: 2249 MB, max_mem_allocated: 2009 MB
[09/21 15:59:11] ppdet.engine.callbacks INFO: Epoch: [17] [200/266] learning_rate: 0.002853 loss: 1.338635 loss_cls: 0.856186 loss_iou: 0.137264 loss_dfl: 2.791261 eta: 0:58:36 batch_cost: 0.9893 data_cost: 0.0027 ips: 4.0431 images/s, max_mem_reserved: 2249 MB, max_mem_allocated: 2009 MB
[09/21 15:59:20] ppdet.engine.callbacks INFO: Epoch: [17] [210/266] learning_rate: 0.002848 loss: 1.345277 loss_cls: 0.834665 loss_iou: 0.153508 loss_dfl: 2.256037 eta: 0:58:33 batch_cost: 0.8439 data_cost: 0.0027 ips: 4.7397 images/s, max_mem_reserved: 2249 MB, max_mem_allocated: 2009 MB
[09/21 15:59:29] ppdet.engine.callbacks INFO: Epoch: [17] [220/266] learning_rate: 0.002844 loss: 1.315072 loss_cls: 0.848816 loss_iou: 0.136485 loss_dfl: 2.786599 eta: 0:58:30 batch_cost: 0.8181 data_cost: 0.0026 ips: 4.8891 images/s, max_mem_reserved: 2249 MB, max_mem_allocated: 2009 MB
[09/21 15:59:36] ppdet.engine.callbacks INFO: Epoch: [17] [230/266] learning_rate: 0.002839 loss: 1.429425 loss_cls: 0.879160 loss_iou: 0.154334 loss_dfl: 3.217692 eta: 0:58:26 batch_cost: 0.7008 data_cost: 0.0032 ips: 5.7080 images/s, max_mem_reserved: 2249 MB, max_mem_allocated: 2009 MB
[09/21 15:59:46] ppdet.engine.callbacks INFO: Epoch: [17] [240/266] learning_rate: 0.002835 loss: 1.401561 loss_cls: 0.885592 loss_iou: 0.145533 loss_dfl: 2.912463 eta: 0:58:25 batch_cost: 0.9853 data_cost: 0.0029 ips: 4.0599 images/s, max_mem_reserved: 2249 MB, max_mem_allocated: 2009 MB
[09/21 15:59:54] ppdet.engine.callbacks INFO: Epoch: [17] [250/266] learning_rate: 0.002830 loss: 1.409065 loss_cls: 0.903931 loss_iou: 0.132626 loss_dfl: 3.082634 eta: 0:58:20 batch_cost: 0.7488 data_cost: 0.0031 ips: 5.3419 images/s, max_mem_reserved: 2249 MB, max_mem_allocated: 2009 MB
[09/21 16:00:03] ppdet.engine.callbacks INFO: Epoch: [17] [260/266] learning_rate: 0.002825 loss: 1.356745 loss_cls: 0.867540 loss_iou: 0.145880 loss_dfl: 3.202664 eta: 0:58:17 batch_cost: 0.8374 data_cost: 0.0027 ips: 4.7766 images/s, max_mem_reserved: 2249 MB, max_mem_allocated: 2009 MB
[09/21 16:00:08] ppdet.engine.callbacks INFO: Epoch: [18] [  0/266] learning_rate: 0.002823 loss: 1.432950 loss_cls: 0.882651 loss_iou: 0.146201 loss_dfl: 3.223326 eta: 0:58:15 batch_cost: 0.8496 data_cost: 0.0380 ips: 4.7080 images/s, max_mem_reserved: 2249 MB, max_mem_allocated: 2009 MB
[09/21 16:00:17] ppdet.engine.callbacks INFO: Epoch: [18] [ 10/266] learning_rate: 0.002818 loss: 1.410944 loss_cls: 0.883514 loss_iou: 0.155978 loss_dfl: 3.167529 eta: 0:58:13 batch_cost: 0.8832 data_cost: 0.0024 ips: 4.5291 images/s, max_mem_reserved: 2249 MB, max_mem_allocated: 2009 MB
[09/21 16:00:25] ppdet.engine.callbacks INFO: Epoch: [18] [ 20/266] learning_rate: 0.002814 loss: 1.306042 loss_cls: 0.848355 loss_iou: 0.137798 loss_dfl: 2.535523 eta: 0:58:09 batch_cost: 0.8135 data_cost: 0.0026 ips: 4.9168 images/s, max_mem_reserved: 2249 MB, max_mem_allocated: 2009 MB
[09/21 16:00:34] ppdet.engine.callbacks INFO: Epoch: [18] [ 30/266] learning_rate: 0.002809 loss: 1.341235 loss_cls: 0.890353 loss_iou: 0.126791 loss_dfl: 2.647621 eta: 0:58:06 batch_cost: 0.8350 data_cost: 0.0032 ips: 4.7903 images/s, max_mem_reserved: 2249 MB, max_mem_allocated: 2009 MB
[09/21 16:00:44] ppdet.engine.callbacks INFO: Epoch: [18] [ 40/266] learning_rate: 0.002804 loss: 1.331600 loss_cls: 0.845832 loss_iou: 0.128131 loss_dfl: 2.874451 eta: 0:58:04 batch_cost: 0.9339 data_cost: 0.0034 ips: 4.2832 images/s, max_mem_reserved: 2249 MB, max_mem_allocated: 2009 MB
[09/21 16:00:52] ppdet.engine.callbacks INFO: Epoch: [18] [ 50/266] learning_rate: 0.002800 loss: 1.331436 loss_cls: 0.850685 loss_iou: 0.132217 loss_dfl: 2.711088 eta: 0:58:00 batch_cost: 0.7563 data_cost: 0.0027 ips: 5.2890 images/s, max_mem_reserved: 2249 MB, max_mem_allocated: 2009 MB
[09/21 16:01:01] ppdet.engine.callbacks INFO: Epoch: [18] [ 60/266] learning_rate: 0.002795 loss: 1.348988 loss_cls: 0.840317 loss_iou: 0.126891 loss_dfl: 2.559541 eta: 0:57:57 batch_cost: 0.8620 data_cost: 0.0031 ips: 4.6403 images/s, max_mem_reserved: 2249 MB, max_mem_allocated: 2009 MB
[09/21 16:01:11] ppdet.engine.callbacks INFO: Epoch: [18] [ 70/266] learning_rate: 0.002791 loss: 1.308939 loss_cls: 0.815392 loss_iou: 0.135036 loss_dfl: 2.732591 eta: 0:57:56 batch_cost: 1.0102 data_cost: 0.0031 ips: 3.9597 images/s, max_mem_reserved: 2249 MB, max_mem_allocated: 2009 MB
[09/21 16:01:20] ppdet.engine.callbacks INFO: Epoch: [18] [ 80/266] learning_rate: 0.002786 loss: 1.355423 loss_cls: 0.857183 loss_iou: 0.140186 loss_dfl: 2.667706 eta: 0:57:53 batch_cost: 0.8649 data_cost: 0.0029 ips: 4.6246 images/s, max_mem_reserved: 2249 MB, max_mem_allocated: 2009 MB
[09/21 16:01:29] ppdet.engine.callbacks INFO: Epoch: [18] [ 90/266] learning_rate: 0.002782 loss: 1.348256 loss_cls: 0.885115 loss_iou: 0.132996 loss_dfl: 2.709104 eta: 0:57:50 batch_cost: 0.8761 data_cost: 0.0026 ips: 4.5657 images/s, max_mem_reserved: 2249 MB, max_mem_allocated: 2009 MB
[09/21 16:01:38] ppdet.engine.callbacks INFO: Epoch: [18] [100/266] learning_rate: 0.002777 loss: 1.385902 loss_cls: 0.886478 loss_iou: 0.142356 loss_dfl: 2.847488 eta: 0:57:47 batch_cost: 0.7850 data_cost: 0.0026 ips: 5.0954 images/s, max_mem_reserved: 2249 MB, max_mem_allocated: 2009 MB
[09/21 16:01:46] ppdet.engine.callbacks INFO: Epoch: [18] [110/266] learning_rate: 0.002772 loss: 1.313251 loss_cls: 0.848570 loss_iou: 0.132238 loss_dfl: 2.489416 eta: 0:57:43 batch_cost: 0.8132 data_cost: 0.0030 ips: 4.9189 images/s, max_mem_reserved: 2249 MB, max_mem_allocated: 2009 MB
[09/21 16:01:54] ppdet.engine.callbacks INFO: Epoch: [18] [120/266] learning_rate: 0.002768 loss: 1.313534 loss_cls: 0.851414 loss_iou: 0.126408 loss_dfl: 2.625018 eta: 0:57:39 batch_cost: 0.7559 data_cost: 0.0027 ips: 5.2919 images/s, max_mem_reserved: 2249 MB, max_mem_allocated: 2009 MB
[09/21 16:02:03] ppdet.engine.callbacks INFO: Epoch: [18] [130/266] learning_rate: 0.002763 loss: 1.345808 loss_cls: 0.888802 loss_iou: 0.130936 loss_dfl: 2.801398 eta: 0:57:36 batch_cost: 0.8540 data_cost: 0.0027 ips: 4.6839 images/s, max_mem_reserved: 2249 MB, max_mem_allocated: 2009 MB
[09/21 16:02:11] ppdet.engine.callbacks INFO: Epoch: [18] [140/266] learning_rate: 0.002758 loss: 1.324286 loss_cls: 0.859403 loss_iou: 0.133372 loss_dfl: 2.361015 eta: 0:57:32 batch_cost: 0.7651 data_cost: 0.0030 ips: 5.2281 images/s, max_mem_reserved: 2249 MB, max_mem_allocated: 2009 MB
[09/21 16:02:20] ppdet.engine.callbacks INFO: Epoch: [18] [150/266] learning_rate: 0.002754 loss: 1.307598 loss_cls: 0.852419 loss_iou: 0.133143 loss_dfl: 2.838916 eta: 0:57:28 batch_cost: 0.8608 data_cost: 0.0032 ips: 4.6468 images/s, max_mem_reserved: 2249 MB, max_mem_allocated: 2009 MB
[09/21 16:02:29] ppdet.engine.callbacks INFO: Epoch: [18] [160/266] learning_rate: 0.002749 loss: 1.395737 loss_cls: 0.895185 loss_iou: 0.140987 loss_dfl: 3.017708 eta: 0:57:25 batch_cost: 0.8505 data_cost: 0.0028 ips: 4.7032 images/s, max_mem_reserved: 2249 MB, max_mem_allocated: 2009 MB
[09/21 16:02:38] ppdet.engine.callbacks INFO: Epoch: [18] [170/266] learning_rate: 0.002745 loss: 1.302746 loss_cls: 0.857502 loss_iou: 0.132635 loss_dfl: 2.615901 eta: 0:57:22 batch_cost: 0.8836 data_cost: 0.0029 ips: 4.5270 images/s, max_mem_reserved: 2249 MB, max_mem_allocated: 2009 MB
[09/21 16:02:47] ppdet.engine.callbacks INFO: Epoch: [18] [180/266] learning_rate: 0.002740 loss: 1.405923 loss_cls: 0.904289 loss_iou: 0.151836 loss_dfl: 2.845524 eta: 0:57:19 batch_cost: 0.8694 data_cost: 0.0030 ips: 4.6009 images/s, max_mem_reserved: 2249 MB, max_mem_allocated: 2009 MB
[09/21 16:02:57] ppdet.engine.callbacks INFO: Epoch: [18] [190/266] learning_rate: 0.002735 loss: 1.342606 loss_cls: 0.854963 loss_iou: 0.136135 loss_dfl: 2.910810 eta: 0:57:17 batch_cost: 0.9083 data_cost: 0.0030 ips: 4.4039 images/s, max_mem_reserved: 2249 MB, max_mem_allocated: 2009 MB
[09/21 16:03:05] ppdet.engine.callbacks INFO: Epoch: [18] [200/266] learning_rate: 0.002731 loss: 1.324869 loss_cls: 0.843193 loss_iou: 0.131051 loss_dfl: 2.841609 eta: 0:57:13 batch_cost: 0.8585 data_cost: 0.0029 ips: 4.6594 images/s, max_mem_reserved: 2249 MB, max_mem_allocated: 2009 MB
[09/21 16:03:14] ppdet.engine.callbacks INFO: Epoch: [18] [210/266] learning_rate: 0.002726 loss: 1.346680 loss_cls: 0.868550 loss_iou: 0.124671 loss_dfl: 2.494432 eta: 0:57:10 batch_cost: 0.8571 data_cost: 0.0031 ips: 4.6669 images/s, max_mem_reserved: 2249 MB, max_mem_allocated: 2009 MB
[09/21 16:03:24] ppdet.engine.callbacks INFO: Epoch: [18] [220/266] learning_rate: 0.002721 loss: 1.323044 loss_cls: 0.866855 loss_iou: 0.127589 loss_dfl: 2.299068 eta: 0:57:08 batch_cost: 0.9488 data_cost: 0.0028 ips: 4.2159 images/s, max_mem_reserved: 2249 MB, max_mem_allocated: 2009 MB
[09/21 16:03:35] ppdet.engine.callbacks INFO: Epoch: [18] [230/266] learning_rate: 0.002717 loss: 1.381969 loss_cls: 0.850118 loss_iou: 0.135137 loss_dfl: 2.585292 eta: 0:57:06 batch_cost: 1.0017 data_cost: 0.0028 ips: 3.9932 images/s, max_mem_reserved: 2249 MB, max_mem_allocated: 2009 MB
[09/21 16:03:43] ppdet.engine.callbacks INFO: Epoch: [18] [240/266] learning_rate: 0.002712 loss: 1.371416 loss_cls: 0.886374 loss_iou: 0.143370 loss_dfl: 2.692351 eta: 0:57:02 batch_cost: 0.7841 data_cost: 0.0026 ips: 5.1016 images/s, max_mem_reserved: 2249 MB, max_mem_allocated: 2009 MB
[09/21 16:03:51] ppdet.engine.callbacks INFO: Epoch: [18] [250/266] learning_rate: 0.002707 loss: 1.323409 loss_cls: 0.861468 loss_iou: 0.131481 loss_dfl: 3.019052 eta: 0:56:58 batch_cost: 0.7967 data_cost: 0.0028 ips: 5.0207 images/s, max_mem_reserved: 2249 MB, max_mem_allocated: 2009 MB
[09/21 16:03:59] ppdet.engine.callbacks INFO: Epoch: [18] [260/266] learning_rate: 0.002703 loss: 1.305005 loss_cls: 0.844260 loss_iou: 0.136181 loss_dfl: 2.701319 eta: 0:56:54 batch_cost: 0.7677 data_cost: 0.0027 ips: 5.2101 images/s, max_mem_reserved: 2249 MB, max_mem_allocated: 2009 MB
[09/21 16:04:04] ppdet.engine.callbacks INFO: Epoch: [19] [  0/266] learning_rate: 0.002700 loss: 1.332179 loss_cls: 0.871836 loss_iou: 0.139129 loss_dfl: 2.478253 eta: 0:56:51 batch_cost: 0.8363 data_cost: 0.0358 ips: 4.7831 images/s, max_mem_reserved: 2249 MB, max_mem_allocated: 2009 MB
[09/21 16:04:12] ppdet.engine.callbacks INFO: Epoch: [19] [ 10/266] learning_rate: 0.002695 loss: 1.365667 loss_cls: 0.867367 loss_iou: 0.138632 loss_dfl: 2.778061 eta: 0:56:47 batch_cost: 0.7784 data_cost: 0.0028 ips: 5.1386 images/s, max_mem_reserved: 2249 MB, max_mem_allocated: 2009 MB
[09/21 16:04:21] ppdet.engine.callbacks INFO: Epoch: [19] [ 20/266] learning_rate: 0.002690 loss: 1.290466 loss_cls: 0.843922 loss_iou: 0.129904 loss_dfl: 2.648640 eta: 0:56:43 batch_cost: 0.8304 data_cost: 0.0027 ips: 4.8172 images/s, max_mem_reserved: 2249 MB, max_mem_allocated: 2009 MB
[09/21 16:04:29] ppdet.engine.callbacks INFO: Epoch: [19] [ 30/266] learning_rate: 0.002686 loss: 1.323856 loss_cls: 0.851399 loss_iou: 0.141051 loss_dfl: 3.038467 eta: 0:56:38 batch_cost: 0.7472 data_cost: 0.0029 ips: 5.3532 images/s, max_mem_reserved: 2249 MB, max_mem_allocated: 2009 MB
[09/21 16:04:37] ppdet.engine.callbacks INFO: Epoch: [19] [ 40/266] learning_rate: 0.002681 loss: 1.355783 loss_cls: 0.847547 loss_iou: 0.141216 loss_dfl: 2.888189 eta: 0:56:35 batch_cost: 0.8257 data_cost: 0.0031 ips: 4.8442 images/s, max_mem_reserved: 2249 MB, max_mem_allocated: 2009 MB
[09/21 16:04:46] ppdet.engine.callbacks INFO: Epoch: [19] [ 50/266] learning_rate: 0.002676 loss: 1.316231 loss_cls: 0.827211 loss_iou: 0.131448 loss_dfl: 2.492706 eta: 0:56:30 batch_cost: 0.7978 data_cost: 0.0029 ips: 5.0137 images/s, max_mem_reserved: 2249 MB, max_mem_allocated: 2009 MB
[09/21 16:04:54] ppdet.engine.callbacks INFO: Epoch: [19] [ 60/266] learning_rate: 0.002672 loss: 1.258889 loss_cls: 0.803105 loss_iou: 0.124483 loss_dfl: 3.019657 eta: 0:56:27 batch_cost: 0.8399 data_cost: 0.0025 ips: 4.7623 images/s, max_mem_reserved: 2249 MB, max_mem_allocated: 2009 MB
[09/21 16:05:05] ppdet.engine.callbacks INFO: Epoch: [19] [ 70/266] learning_rate: 0.002667 loss: 1.307735 loss_cls: 0.838491 loss_iou: 0.125242 loss_dfl: 3.038401 eta: 0:56:25 batch_cost: 1.0399 data_cost: 0.0029 ips: 3.8465 images/s, max_mem_reserved: 2249 MB, max_mem_allocated: 2009 MB
[09/21 16:05:14] ppdet.engine.callbacks INFO: Epoch: [19] [ 80/266] learning_rate: 0.002662 loss: 1.363776 loss_cls: 0.871588 loss_iou: 0.140393 loss_dfl: 2.854320 eta: 0:56:21 batch_cost: 0.8207 data_cost: 0.0030 ips: 4.8739 images/s, max_mem_reserved: 2249 MB, max_mem_allocated: 2009 MB
[09/21 16:05:23] ppdet.engine.callbacks INFO: Epoch: [19] [ 90/266] learning_rate: 0.002657 loss: 1.396967 loss_cls: 0.860725 loss_iou: 0.153577 loss_dfl: 2.970369 eta: 0:56:18 batch_cost: 0.8973 data_cost: 0.0025 ips: 4.4576 images/s, max_mem_reserved: 2249 MB, max_mem_allocated: 2009 MB
[09/21 16:05:33] ppdet.engine.callbacks INFO: Epoch: [19] [100/266] learning_rate: 0.002653 loss: 1.342495 loss_cls: 0.825091 loss_iou: 0.131713 loss_dfl: 2.585950 eta: 0:56:15 batch_cost: 0.9319 data_cost: 0.0030 ips: 4.2923 images/s, max_mem_reserved: 2249 MB, max_mem_allocated: 2009 MB
[09/21 16:05:42] ppdet.engine.callbacks INFO: Epoch: [19] [110/266] learning_rate: 0.002648 loss: 1.322287 loss_cls: 0.852872 loss_iou: 0.142378 loss_dfl: 2.783379 eta: 0:56:12 batch_cost: 0.8930 data_cost: 0.0029 ips: 4.4792 images/s, max_mem_reserved: 2249 MB, max_mem_allocated: 2009 MB
[09/21 16:05:50] ppdet.engine.callbacks INFO: Epoch: [19] [120/266] learning_rate: 0.002643 loss: 1.288643 loss_cls: 0.835702 loss_iou: 0.126396 loss_dfl: 2.893451 eta: 0:56:07 batch_cost: 0.7245 data_cost: 0.0030 ips: 5.5209 images/s, max_mem_reserved: 2249 MB, max_mem_allocated: 2009 MB
[09/21 16:05:58] ppdet.engine.callbacks INFO: Epoch: [19] [130/266] learning_rate: 0.002639 loss: 1.367792 loss_cls: 0.878349 loss_iou: 0.137726 loss_dfl: 2.156050 eta: 0:56:03 batch_cost: 0.8067 data_cost: 0.0030 ips: 4.9587 images/s, max_mem_reserved: 2249 MB, max_mem_allocated: 2009 MB
[09/21 16:06:08] ppdet.engine.callbacks INFO: Epoch: [19] [140/266] learning_rate: 0.002634 loss: 1.331573 loss_cls: 0.829672 loss_iou: 0.132756 loss_dfl: 2.577464 eta: 0:56:00 batch_cost: 0.9208 data_cost: 0.0028 ips: 4.3439 images/s, max_mem_reserved: 2249 MB, max_mem_allocated: 2009 MB
[09/21 16:06:17] ppdet.engine.callbacks INFO: Epoch: [19] [150/266] learning_rate: 0.002629 loss: 1.395456 loss_cls: 0.868094 loss_iou: 0.136575 loss_dfl: 3.089507 eta: 0:55:57 batch_cost: 0.8618 data_cost: 0.0025 ips: 4.6412 images/s, max_mem_reserved: 2249 MB, max_mem_allocated: 2009 MB
[09/21 16:06:25] ppdet.engine.callbacks INFO: Epoch: [19] [160/266] learning_rate: 0.002624 loss: 1.292807 loss_cls: 0.856049 loss_iou: 0.122364 loss_dfl: 2.423365 eta: 0:55:53 batch_cost: 0.8467 data_cost: 0.0027 ips: 4.7239 images/s, max_mem_reserved: 2249 MB, max_mem_allocated: 2009 MB
[09/21 16:06:34] ppdet.engine.callbacks INFO: Epoch: [19] [170/266] learning_rate: 0.002620 loss: 1.320261 loss_cls: 0.844723 loss_iou: 0.135294 loss_dfl: 2.783092 eta: 0:55:48 batch_cost: 0.7849 data_cost: 0.0033 ips: 5.0962 images/s, max_mem_reserved: 2249 MB, max_mem_allocated: 2009 MB
[09/21 16:06:42] ppdet.engine.callbacks INFO: Epoch: [19] [180/266] learning_rate: 0.002615 loss: 1.338961 loss_cls: 0.846672 loss_iou: 0.142746 loss_dfl: 2.504418 eta: 0:55:44 batch_cost: 0.7961 data_cost: 0.0028 ips: 5.0244 images/s, max_mem_reserved: 2249 MB, max_mem_allocated: 2009 MB
[09/21 16:06:51] ppdet.engine.callbacks INFO: Epoch: [19] [190/266] learning_rate: 0.002610 loss: 1.377263 loss_cls: 0.865695 loss_iou: 0.135199 loss_dfl: 3.158279 eta: 0:55:40 batch_cost: 0.8761 data_cost: 0.0029 ips: 4.5659 images/s, max_mem_reserved: 2249 MB, max_mem_allocated: 2009 MB
[09/21 16:07:00] ppdet.engine.callbacks INFO: Epoch: [19] [200/266] learning_rate: 0.002605 loss: 1.410985 loss_cls: 0.891037 loss_iou: 0.148217 loss_dfl: 3.034576 eta: 0:55:37 batch_cost: 0.8665 data_cost: 0.0033 ips: 4.6160 images/s, max_mem_reserved: 2249 MB, max_mem_allocated: 2009 MB
[09/21 16:07:08] ppdet.engine.callbacks INFO: Epoch: [19] [210/266] learning_rate: 0.002601 loss: 1.292641 loss_cls: 0.836759 loss_iou: 0.126476 loss_dfl: 3.004407 eta: 0:55:32 batch_cost: 0.7808 data_cost: 0.0031 ips: 5.1228 images/s, max_mem_reserved: 2249 MB, max_mem_allocated: 2009 MB
[09/21 16:07:18] ppdet.engine.callbacks INFO: Epoch: [19] [220/266] learning_rate: 0.002596 loss: 1.322924 loss_cls: 0.845424 loss_iou: 0.138785 loss_dfl: 2.820193 eta: 0:55:29 batch_cost: 0.8964 data_cost: 0.0026 ips: 4.4621 images/s, max_mem_reserved: 2249 MB, max_mem_allocated: 2009 MB
[09/21 16:07:27] ppdet.engine.callbacks INFO: Epoch: [19] [230/266] learning_rate: 0.002591 loss: 1.326114 loss_cls: 0.855173 loss_iou: 0.132932 loss_dfl: 2.619668 eta: 0:55:26 batch_cost: 0.9255 data_cost: 0.0027 ips: 4.3219 images/s, max_mem_reserved: 2249 MB, max_mem_allocated: 2009 MB
[09/21 16:07:36] ppdet.engine.callbacks INFO: Epoch: [19] [240/266] learning_rate: 0.002586 loss: 1.385967 loss_cls: 0.882785 loss_iou: 0.144237 loss_dfl: 3.008691 eta: 0:55:21 batch_cost: 0.8098 data_cost: 0.0026 ips: 4.9396 images/s, max_mem_reserved: 2249 MB, max_mem_allocated: 2009 MB
[09/21 16:07:45] ppdet.engine.callbacks INFO: Epoch: [19] [250/266] learning_rate: 0.002581 loss: 1.319375 loss_cls: 0.855325 loss_iou: 0.127718 loss_dfl: 2.714081 eta: 0:55:18 batch_cost: 0.9371 data_cost: 0.0031 ips: 4.2686 images/s, max_mem_reserved: 2249 MB, max_mem_allocated: 2009 MB
[09/21 16:07:53] ppdet.engine.callbacks INFO: Epoch: [19] [260/266] learning_rate: 0.002577 loss: 1.334065 loss_cls: 0.883957 loss_iou: 0.128684 loss_dfl: 2.295960 eta: 0:55:13 batch_cost: 0.7234 data_cost: 0.0028 ips: 5.5293 images/s, max_mem_reserved: 2249 MB, max_mem_allocated: 2009 MB
[09/21 16:08:00] ppdet.utils.checkpoint INFO: Save checkpoint: output_aug
[09/21 16:08:00] ppdet.engine.callbacks INFO: Eval iter: 0
[09/21 16:08:07] ppdet.metrics.metrics INFO: Accumulating evaluatation results...
[09/21 16:08:07] ppdet.metrics.metrics INFO: mAP(0.50, 11point) = 86.16%
[09/21 16:08:07] ppdet.engine.callbacks INFO: Total sample number: 100, average FPS: 12.616479658107956
[09/21 16:08:07] ppdet.engine INFO: Best test bbox ap is 0.862.
[09/21 16:08:08] ppdet.utils.checkpoint INFO: Save checkpoint: output_aug
[09/21 16:08:09] ppdet.engine.callbacks INFO: Epoch: [20] [  0/266] learning_rate: 0.002574 loss: 1.357984 loss_cls: 0.885486 loss_iou: 0.133138 loss_dfl: 2.816942 eta: 0:55:12 batch_cost: 0.9091 data_cost: 0.0029 ips: 4.4001 images/s, max_mem_reserved: 2249 MB, max_mem_allocated: 2009 MB
[09/21 16:08:17] ppdet.engine.callbacks INFO: Epoch: [20] [ 10/266] learning_rate: 0.002569 loss: 1.254445 loss_cls: 0.820715 loss_iou: 0.124277 loss_dfl: 2.376372 eta: 0:55:08 batch_cost: 0.8112 data_cost: 0.0028 ips: 4.9310 images/s, max_mem_reserved: 2249 MB, max_mem_allocated: 2009 MB
[09/21 16:08:25] ppdet.engine.callbacks INFO: Epoch: [20] [ 20/266] learning_rate: 0.002564 loss: 1.378489 loss_cls: 0.876241 loss_iou: 0.133041 loss_dfl: 2.895309 eta: 0:55:03 batch_cost: 0.7803 data_cost: 0.0030 ips: 5.1262 images/s, max_mem_reserved: 2249 MB, max_mem_allocated: 2009 MB
[09/21 16:08:35] ppdet.engine.callbacks INFO: Epoch: [20] [ 30/266] learning_rate: 0.002559 loss: 1.212920 loss_cls: 0.776636 loss_iou: 0.123248 loss_dfl: 2.615953 eta: 0:54:59 batch_cost: 0.8894 data_cost: 0.0026 ips: 4.4973 images/s, max_mem_reserved: 2249 MB, max_mem_allocated: 2009 MB
[09/21 16:08:43] ppdet.engine.callbacks INFO: Epoch: [20] [ 40/266] learning_rate: 0.002555 loss: 1.358727 loss_cls: 0.848965 loss_iou: 0.139720 loss_dfl: 2.734806 eta: 0:54:55 batch_cost: 0.7949 data_cost: 0.0027 ips: 5.0323 images/s, max_mem_reserved: 2249 MB, max_mem_allocated: 2009 MB
[09/21 16:08:51] ppdet.engine.callbacks INFO: Epoch: [20] [ 50/266] learning_rate: 0.002550 loss: 1.314970 loss_cls: 0.791473 loss_iou: 0.142289 loss_dfl: 3.034990 eta: 0:54:50 batch_cost: 0.7566 data_cost: 0.0027 ips: 5.2866 images/s, max_mem_reserved: 2249 MB, max_mem_allocated: 2009 MB
[09/21 16:09:00] ppdet.engine.callbacks INFO: Epoch: [20] [ 60/266] learning_rate: 0.002545 loss: 1.313329 loss_cls: 0.841852 loss_iou: 0.138081 loss_dfl: 2.665524 eta: 0:54:46 batch_cost: 0.8764 data_cost: 0.0027 ips: 4.5644 images/s, max_mem_reserved: 2249 MB, max_mem_allocated: 2009 MB
[09/21 16:09:09] ppdet.engine.callbacks INFO: Epoch: [20] [ 70/266] learning_rate: 0.002540 loss: 1.329260 loss_cls: 0.860151 loss_iou: 0.125122 loss_dfl: 2.921393 eta: 0:54:42 batch_cost: 0.9001 data_cost: 0.0026 ips: 4.4439 images/s, max_mem_reserved: 2249 MB, max_mem_allocated: 2009 MB
[09/21 16:09:18] ppdet.engine.callbacks INFO: Epoch: [20] [ 80/266] learning_rate: 0.002535 loss: 1.331611 loss_cls: 0.869769 loss_iou: 0.137749 loss_dfl: 2.709948 eta: 0:54:38 batch_cost: 0.8589 data_cost: 0.0032 ips: 4.6574 images/s, max_mem_reserved: 2249 MB, max_mem_allocated: 2009 MB
[09/21 16:09:27] ppdet.engine.callbacks INFO: Epoch: [20] [ 90/266] learning_rate: 0.002531 loss: 1.364639 loss_cls: 0.866402 loss_iou: 0.149303 loss_dfl: 2.853430 eta: 0:54:35 batch_cost: 0.8768 data_cost: 0.0028 ips: 4.5623 images/s, max_mem_reserved: 2249 MB, max_mem_allocated: 2009 MB
[09/21 16:09:37] ppdet.engine.callbacks INFO: Epoch: [20] [100/266] learning_rate: 0.002526 loss: 1.408836 loss_cls: 0.892336 loss_iou: 0.148684 loss_dfl: 2.662611 eta: 0:54:31 batch_cost: 0.9080 data_cost: 0.0027 ips: 4.4055 images/s, max_mem_reserved: 2249 MB, max_mem_allocated: 2009 MB
[09/21 16:09:45] ppdet.engine.callbacks INFO: Epoch: [20] [110/266] learning_rate: 0.002521 loss: 1.305236 loss_cls: 0.850156 loss_iou: 0.130648 loss_dfl: 2.858005 eta: 0:54:26 batch_cost: 0.7968 data_cost: 0.0028 ips: 5.0202 images/s, max_mem_reserved: 2249 MB, max_mem_allocated: 2009 MB
[09/21 16:09:54] ppdet.engine.callbacks INFO: Epoch: [20] [120/266] learning_rate: 0.002516 loss: 1.395775 loss_cls: 0.860431 loss_iou: 0.139852 loss_dfl: 2.909627 eta: 0:54:22 batch_cost: 0.7892 data_cost: 0.0028 ips: 5.0685 images/s, max_mem_reserved: 2249 MB, max_mem_allocated: 2009 MB
[09/21 16:10:04] ppdet.engine.callbacks INFO: Epoch: [20] [130/266] learning_rate: 0.002511 loss: 1.307295 loss_cls: 0.853495 loss_iou: 0.122248 loss_dfl: 2.815859 eta: 0:54:19 batch_cost: 0.9665 data_cost: 0.0030 ips: 4.1386 images/s, max_mem_reserved: 2249 MB, max_mem_allocated: 2009 MB
[09/21 16:10:13] ppdet.engine.callbacks INFO: Epoch: [20] [140/266] learning_rate: 0.002506 loss: 1.366020 loss_cls: 0.877777 loss_iou: 0.135873 loss_dfl: 3.102563 eta: 0:54:15 batch_cost: 0.8639 data_cost: 0.0027 ips: 4.6303 images/s, max_mem_reserved: 2249 MB, max_mem_allocated: 2009 MB
[09/21 16:10:22] ppdet.engine.callbacks INFO: Epoch: [20] [150/266] learning_rate: 0.002502 loss: 1.308595 loss_cls: 0.836790 loss_iou: 0.133213 loss_dfl: 3.044093 eta: 0:54:11 batch_cost: 0.8819 data_cost: 0.0027 ips: 4.5356 images/s, max_mem_reserved: 2249 MB, max_mem_allocated: 2009 MB
[09/21 16:10:32] ppdet.engine.callbacks INFO: Epoch: [20] [160/266] learning_rate: 0.002497 loss: 1.306990 loss_cls: 0.837256 loss_iou: 0.127824 loss_dfl: 2.893907 eta: 0:54:07 batch_cost: 0.9440 data_cost: 0.0028 ips: 4.2375 images/s, max_mem_reserved: 2249 MB, max_mem_allocated: 2009 MB
[09/21 16:10:40] ppdet.engine.callbacks INFO: Epoch: [20] [170/266] learning_rate: 0.002492 loss: 1.310948 loss_cls: 0.858476 loss_iou: 0.130445 loss_dfl: 2.433653 eta: 0:54:02 batch_cost: 0.7706 data_cost: 0.0028 ips: 5.1907 images/s, max_mem_reserved: 2249 MB, max_mem_allocated: 2009 MB
[09/21 16:10:48] ppdet.engine.callbacks INFO: Epoch: [20] [180/266] learning_rate: 0.002487 loss: 1.341403 loss_cls: 0.854964 loss_iou: 0.128882 loss_dfl: 2.814690 eta: 0:53:58 batch_cost: 0.7803 data_cost: 0.0028 ips: 5.1260 images/s, max_mem_reserved: 2249 MB, max_mem_allocated: 2009 MB
[09/21 16:10:57] ppdet.engine.callbacks INFO: Epoch: [20] [190/266] learning_rate: 0.002482 loss: 1.335267 loss_cls: 0.867432 loss_iou: 0.132948 loss_dfl: 2.689695 eta: 0:53:54 batch_cost: 0.9290 data_cost: 0.0027 ips: 4.3058 images/s, max_mem_reserved: 2249 MB, max_mem_allocated: 2009 MB
[09/21 16:11:05] ppdet.engine.callbacks INFO: Epoch: [20] [200/266] learning_rate: 0.002477 loss: 1.325905 loss_cls: 0.860633 loss_iou: 0.134906 loss_dfl: 2.775694 eta: 0:53:49 batch_cost: 0.7504 data_cost: 0.0029 ips: 5.3306 images/s, max_mem_reserved: 2249 MB, max_mem_allocated: 2009 MB
[09/21 16:11:15] ppdet.engine.callbacks INFO: Epoch: [20] [210/266] learning_rate: 0.002472 loss: 1.326212 loss_cls: 0.855373 loss_iou: 0.131118 loss_dfl: 3.300980 eta: 0:53:45 batch_cost: 0.9062 data_cost: 0.0026 ips: 4.4140 images/s, max_mem_reserved: 2249 MB, max_mem_allocated: 2009 MB
[09/21 16:11:24] ppdet.engine.callbacks INFO: Epoch: [20] [220/266] learning_rate: 0.002468 loss: 1.309527 loss_cls: 0.826833 loss_iou: 0.131799 loss_dfl: 3.026896 eta: 0:53:41 batch_cost: 0.8612 data_cost: 0.0031 ips: 4.6448 images/s, max_mem_reserved: 2249 MB, max_mem_allocated: 2009 MB
[09/21 16:11:33] ppdet.engine.callbacks INFO: Epoch: [20] [230/266] learning_rate: 0.002463 loss: 1.302239 loss_cls: 0.868983 loss_iou: 0.126048 loss_dfl: 2.383898 eta: 0:53:37 batch_cost: 0.8465 data_cost: 0.0028 ips: 4.7255 images/s, max_mem_reserved: 2249 MB, max_mem_allocated: 2009 MB
[09/21 16:11:42] ppdet.engine.callbacks INFO: Epoch: [20] [240/266] learning_rate: 0.002458 loss: 1.264310 loss_cls: 0.830653 loss_iou: 0.119946 loss_dfl: 2.306991 eta: 0:53:33 batch_cost: 0.8910 data_cost: 0.0030 ips: 4.4893 images/s, max_mem_reserved: 2249 MB, max_mem_allocated: 2009 MB
[09/21 16:11:51] ppdet.engine.callbacks INFO: Epoch: [20] [250/266] learning_rate: 0.002453 loss: 1.301863 loss_cls: 0.830686 loss_iou: 0.124363 loss_dfl: 2.703983 eta: 0:53:29 batch_cost: 0.9050 data_cost: 0.0029 ips: 4.4201 images/s, max_mem_reserved: 2249 MB, max_mem_allocated: 2009 MB
[09/21 16:12:00] ppdet.engine.callbacks INFO: Epoch: [20] [260/266] learning_rate: 0.002448 loss: 1.312184 loss_cls: 0.833368 loss_iou: 0.136468 loss_dfl: 2.640137 eta: 0:53:25 batch_cost: 0.8794 data_cost: 0.0029 ips: 4.5487 images/s, max_mem_reserved: 2249 MB, max_mem_allocated: 2009 MB
[09/21 16:12:06] ppdet.engine.callbacks INFO: Epoch: [21] [  0/266] learning_rate: 0.002445 loss: 1.325326 loss_cls: 0.858328 loss_iou: 0.135927 loss_dfl: 2.961625 eta: 0:53:22 batch_cost: 0.8744 data_cost: 0.0316 ips: 4.5743 images/s, max_mem_reserved: 2249 MB, max_mem_allocated: 2009 MB
[09/21 16:12:14] ppdet.engine.callbacks INFO: Epoch: [21] [ 10/266] learning_rate: 0.002440 loss: 1.279292 loss_cls: 0.843863 loss_iou: 0.126310 loss_dfl: 2.375400 eta: 0:53:17 batch_cost: 0.7656 data_cost: 0.0023 ips: 5.2250 images/s, max_mem_reserved: 2249 MB, max_mem_allocated: 2009 MB
[09/21 16:12:25] ppdet.engine.callbacks INFO: Epoch: [21] [ 20/266] learning_rate: 0.002435 loss: 1.405285 loss_cls: 0.850066 loss_iou: 0.144116 loss_dfl: 3.498825 eta: 0:53:14 batch_cost: 1.0413 data_cost: 0.0027 ips: 3.8413 images/s, max_mem_reserved: 2249 MB, max_mem_allocated: 2009 MB
[09/21 16:12:34] ppdet.engine.callbacks INFO: Epoch: [21] [ 30/266] learning_rate: 0.002431 loss: 1.236968 loss_cls: 0.807257 loss_iou: 0.120786 loss_dfl: 2.738744 eta: 0:53:10 batch_cost: 0.8863 data_cost: 0.0032 ips: 4.5132 images/s, max_mem_reserved: 2249 MB, max_mem_allocated: 2009 MB
[09/21 16:12:44] ppdet.engine.callbacks INFO: Epoch: [21] [ 40/266] learning_rate: 0.002426 loss: 1.346724 loss_cls: 0.842424 loss_iou: 0.138665 loss_dfl: 2.704367 eta: 0:53:07 batch_cost: 0.9267 data_cost: 0.0029 ips: 4.3165 images/s, max_mem_reserved: 2249 MB, max_mem_allocated: 2009 MB
[09/21 16:12:53] ppdet.engine.callbacks INFO: Epoch: [21] [ 50/266] learning_rate: 0.002421 loss: 1.304162 loss_cls: 0.834729 loss_iou: 0.132679 loss_dfl: 3.044153 eta: 0:53:03 batch_cost: 0.9115 data_cost: 0.0026 ips: 4.3881 images/s, max_mem_reserved: 2249 MB, max_mem_allocated: 2009 MB
[09/21 16:13:02] ppdet.engine.callbacks INFO: Epoch: [21] [ 60/266] learning_rate: 0.002416 loss: 1.326415 loss_cls: 0.823880 loss_iou: 0.138099 loss_dfl: 2.519531 eta: 0:52:59 batch_cost: 0.8826 data_cost: 0.0028 ips: 4.5320 images/s, max_mem_reserved: 2249 MB, max_mem_allocated: 2009 MB
[09/21 16:13:12] ppdet.engine.callbacks INFO: Epoch: [21] [ 70/266] learning_rate: 0.002411 loss: 1.334882 loss_cls: 0.829337 loss_iou: 0.136702 loss_dfl: 2.523575 eta: 0:52:55 batch_cost: 0.9690 data_cost: 0.0028 ips: 4.1278 images/s, max_mem_reserved: 2249 MB, max_mem_allocated: 2009 MB
[09/21 16:13:21] ppdet.engine.callbacks INFO: Epoch: [21] [ 80/266] learning_rate: 0.002406 loss: 1.354113 loss_cls: 0.830120 loss_iou: 0.142709 loss_dfl: 2.977378 eta: 0:52:51 batch_cost: 0.8533 data_cost: 0.0026 ips: 4.6877 images/s, max_mem_reserved: 2249 MB, max_mem_allocated: 2009 MB
[09/21 16:13:31] ppdet.engine.callbacks INFO: Epoch: [21] [ 90/266] learning_rate: 0.002401 loss: 1.365014 loss_cls: 0.872384 loss_iou: 0.130976 loss_dfl: 3.117544 eta: 0:52:47 batch_cost: 0.9102 data_cost: 0.0028 ips: 4.3944 images/s, max_mem_reserved: 2249 MB, max_mem_allocated: 2009 MB
[09/21 16:13:40] ppdet.engine.callbacks INFO: Epoch: [21] [100/266] learning_rate: 0.002396 loss: 1.285150 loss_cls: 0.818868 loss_iou: 0.123795 loss_dfl: 2.841278 eta: 0:52:43 batch_cost: 0.9285 data_cost: 0.0028 ips: 4.3082 images/s, max_mem_reserved: 2249 MB, max_mem_allocated: 2009 MB
[09/21 16:13:49] ppdet.engine.callbacks INFO: Epoch: [21] [110/266] learning_rate: 0.002391 loss: 1.300922 loss_cls: 0.816951 loss_iou: 0.131896 loss_dfl: 2.928361 eta: 0:52:38 batch_cost: 0.8465 data_cost: 0.0029 ips: 4.7256 images/s, max_mem_reserved: 2249 MB, max_mem_allocated: 2009 MB
[09/21 16:13:57] ppdet.engine.callbacks INFO: Epoch: [21] [120/266] learning_rate: 0.002387 loss: 1.227465 loss_cls: 0.813258 loss_iou: 0.125552 loss_dfl: 2.424621 eta: 0:52:33 batch_cost: 0.7322 data_cost: 0.0028 ips: 5.4627 images/s, max_mem_reserved: 2249 MB, max_mem_allocated: 2009 MB
[09/21 16:14:05] ppdet.engine.callbacks INFO: Epoch: [21] [130/266] learning_rate: 0.002382 loss: 1.371644 loss_cls: 0.855083 loss_iou: 0.132161 loss_dfl: 2.817077 eta: 0:52:27 batch_cost: 0.7673 data_cost: 0.0027 ips: 5.2128 images/s, max_mem_reserved: 2249 MB, max_mem_allocated: 2009 MB
[09/21 16:14:13] ppdet.engine.callbacks INFO: Epoch: [21] [140/266] learning_rate: 0.002377 loss: 1.294097 loss_cls: 0.850425 loss_iou: 0.129791 loss_dfl: 2.766772 eta: 0:52:22 batch_cost: 0.8131 data_cost: 0.0031 ips: 4.9196 images/s, max_mem_reserved: 2249 MB, max_mem_allocated: 2009 MB
[09/21 16:14:21] ppdet.engine.callbacks INFO: Epoch: [21] [150/266] learning_rate: 0.002372 loss: 1.240916 loss_cls: 0.811330 loss_iou: 0.122760 loss_dfl: 2.907011 eta: 0:52:17 batch_cost: 0.7393 data_cost: 0.0031 ips: 5.4103 images/s, max_mem_reserved: 2249 MB, max_mem_allocated: 2009 MB
[09/21 16:14:31] ppdet.engine.callbacks INFO: Epoch: [21] [160/266] learning_rate: 0.002367 loss: 1.278468 loss_cls: 0.831373 loss_iou: 0.129053 loss_dfl: 2.624430 eta: 0:52:13 batch_cost: 0.9046 data_cost: 0.0029 ips: 4.4220 images/s, max_mem_reserved: 2249 MB, max_mem_allocated: 2009 MB
[09/21 16:14:38] ppdet.engine.callbacks INFO: Epoch: [21] [170/266] learning_rate: 0.002362 loss: 1.291743 loss_cls: 0.828163 loss_iou: 0.128394 loss_dfl: 2.886166 eta: 0:52:07 batch_cost: 0.7449 data_cost: 0.0031 ips: 5.3697 images/s, max_mem_reserved: 2249 MB, max_mem_allocated: 2009 MB
[09/21 16:14:47] ppdet.engine.callbacks INFO: Epoch: [21] [180/266] learning_rate: 0.002357 loss: 1.326557 loss_cls: 0.840113 loss_iou: 0.149003 loss_dfl: 2.706006 eta: 0:52:02 batch_cost: 0.8109 data_cost: 0.0032 ips: 4.9329 images/s, max_mem_reserved: 2249 MB, max_mem_allocated: 2009 MB
[09/21 16:14:54] ppdet.engine.callbacks INFO: Epoch: [21] [190/266] learning_rate: 0.002352 loss: 1.278383 loss_cls: 0.839756 loss_iou: 0.125249 loss_dfl: 2.961258 eta: 0:51:56 batch_cost: 0.6953 data_cost: 0.0033 ips: 5.7532 images/s, max_mem_reserved: 2249 MB, max_mem_allocated: 2009 MB
[09/21 16:15:02] ppdet.engine.callbacks INFO: Epoch: [21] [200/266] learning_rate: 0.002347 loss: 1.312605 loss_cls: 0.846859 loss_iou: 0.135195 loss_dfl: 2.973889 eta: 0:51:51 batch_cost: 0.7409 data_cost: 0.0028 ips: 5.3990 images/s, max_mem_reserved: 2249 MB, max_mem_allocated: 2009 MB
[09/21 16:15:12] ppdet.engine.callbacks INFO: Epoch: [21] [210/266] learning_rate: 0.002342 loss: 1.324498 loss_cls: 0.855228 loss_iou: 0.131961 loss_dfl: 2.602054 eta: 0:51:47 batch_cost: 0.9876 data_cost: 0.0029 ips: 4.0500 images/s, max_mem_reserved: 2249 MB, max_mem_allocated: 2009 MB
[09/21 16:15:20] ppdet.engine.callbacks INFO: Epoch: [21] [220/266] learning_rate: 0.002337 loss: 1.272283 loss_cls: 0.803666 loss_iou: 0.128028 loss_dfl: 2.995887 eta: 0:51:42 batch_cost: 0.7228 data_cost: 0.0030 ips: 5.5341 images/s, max_mem_reserved: 2249 MB, max_mem_allocated: 2009 MB
[09/21 16:15:28] ppdet.engine.callbacks INFO: Epoch: [21] [230/266] learning_rate: 0.002332 loss: 1.286652 loss_cls: 0.839602 loss_iou: 0.127067 loss_dfl: 2.626467 eta: 0:51:36 batch_cost: 0.7482 data_cost: 0.0028 ips: 5.3463 images/s, max_mem_reserved: 2249 MB, max_mem_allocated: 2009 MB
[09/21 16:15:38] ppdet.engine.callbacks INFO: Epoch: [21] [240/266] learning_rate: 0.002327 loss: 1.261826 loss_cls: 0.798889 loss_iou: 0.127912 loss_dfl: 2.913793 eta: 0:51:32 batch_cost: 0.9649 data_cost: 0.0034 ips: 4.1457 images/s, max_mem_reserved: 2249 MB, max_mem_allocated: 2009 MB
[09/21 16:15:46] ppdet.engine.callbacks INFO: Epoch: [21] [250/266] learning_rate: 0.002323 loss: 1.313712 loss_cls: 0.822165 loss_iou: 0.130040 loss_dfl: 3.285570 eta: 0:51:27 batch_cost: 0.7969 data_cost: 0.0032 ips: 5.0194 images/s, max_mem_reserved: 2249 MB, max_mem_allocated: 2009 MB
[09/21 16:15:55] ppdet.engine.callbacks INFO: Epoch: [21] [260/266] learning_rate: 0.002318 loss: 1.322756 loss_cls: 0.796752 loss_iou: 0.135796 loss_dfl: 2.879272 eta: 0:51:22 batch_cost: 0.8285 data_cost: 0.0030 ips: 4.8281 images/s, max_mem_reserved: 2249 MB, max_mem_allocated: 2009 MB
[09/21 16:16:02] ppdet.engine.callbacks INFO: Epoch: [22] [  0/266] learning_rate: 0.002315 loss: 1.327808 loss_cls: 0.784734 loss_iou: 0.146201 loss_dfl: 3.007237 eta: 0:51:21 batch_cost: 1.0363 data_cost: 0.0366 ips: 3.8599 images/s, max_mem_reserved: 2249 MB, max_mem_allocated: 2009 MB
[09/21 16:16:10] ppdet.engine.callbacks INFO: Epoch: [22] [ 10/266] learning_rate: 0.002310 loss: 1.240417 loss_cls: 0.781566 loss_iou: 0.126401 loss_dfl: 3.077192 eta: 0:51:15 batch_cost: 0.7514 data_cost: 0.0030 ips: 5.3234 images/s, max_mem_reserved: 2249 MB, max_mem_allocated: 2009 MB
[09/21 16:16:19] ppdet.engine.callbacks INFO: Epoch: [22] [ 20/266] learning_rate: 0.002305 loss: 1.207410 loss_cls: 0.782894 loss_iou: 0.123112 loss_dfl: 2.552055 eta: 0:51:11 batch_cost: 0.9200 data_cost: 0.0032 ips: 4.3479 images/s, max_mem_reserved: 2249 MB, max_mem_allocated: 2009 MB
[09/21 16:16:27] ppdet.engine.callbacks INFO: Epoch: [22] [ 30/266] learning_rate: 0.002300 loss: 1.332762 loss_cls: 0.842532 loss_iou: 0.135237 loss_dfl: 2.946172 eta: 0:51:05 batch_cost: 0.7728 data_cost: 0.0029 ips: 5.1762 images/s, max_mem_reserved: 2249 MB, max_mem_allocated: 2009 MB
[09/21 16:16:36] ppdet.engine.callbacks INFO: Epoch: [22] [ 40/266] learning_rate: 0.002295 loss: 1.262561 loss_cls: 0.810000 loss_iou: 0.120712 loss_dfl: 2.707488 eta: 0:51:00 batch_cost: 0.7922 data_cost: 0.0030 ips: 5.0490 images/s, max_mem_reserved: 2249 MB, max_mem_allocated: 2009 MB
[09/21 16:16:46] ppdet.engine.callbacks INFO: Epoch: [22] [ 50/266] learning_rate: 0.002290 loss: 1.281315 loss_cls: 0.806697 loss_iou: 0.131708 loss_dfl: 2.971774 eta: 0:50:56 batch_cost: 0.9710 data_cost: 0.0031 ips: 4.1194 images/s, max_mem_reserved: 2249 MB, max_mem_allocated: 2009 MB
[09/21 16:16:54] ppdet.engine.callbacks INFO: Epoch: [22] [ 60/266] learning_rate: 0.002285 loss: 1.281372 loss_cls: 0.837930 loss_iou: 0.132663 loss_dfl: 3.180881 eta: 0:50:51 batch_cost: 0.7899 data_cost: 0.0026 ips: 5.0637 images/s, max_mem_reserved: 2249 MB, max_mem_allocated: 2009 MB
[09/21 16:17:03] ppdet.engine.callbacks INFO: Epoch: [22] [ 70/266] learning_rate: 0.002280 loss: 1.299247 loss_cls: 0.863935 loss_iou: 0.129003 loss_dfl: 2.559321 eta: 0:50:46 batch_cost: 0.8359 data_cost: 0.0027 ips: 4.7853 images/s, max_mem_reserved: 2249 MB, max_mem_allocated: 2009 MB
[09/21 16:17:12] ppdet.engine.callbacks INFO: Epoch: [22] [ 80/266] learning_rate: 0.002275 loss: 1.337943 loss_cls: 0.834598 loss_iou: 0.128986 loss_dfl: 2.750355 eta: 0:50:42 batch_cost: 0.9407 data_cost: 0.0029 ips: 4.2521 images/s, max_mem_reserved: 2249 MB, max_mem_allocated: 2009 MB
[09/21 16:17:20] ppdet.engine.callbacks INFO: Epoch: [22] [ 90/266] learning_rate: 0.002270 loss: 1.241425 loss_cls: 0.809189 loss_iou: 0.128004 loss_dfl: 2.552034 eta: 0:50:36 batch_cost: 0.7056 data_cost: 0.0033 ips: 5.6687 images/s, max_mem_reserved: 2249 MB, max_mem_allocated: 2009 MB
[09/21 16:17:30] ppdet.engine.callbacks INFO: Epoch: [22] [100/266] learning_rate: 0.002265 loss: 1.254175 loss_cls: 0.787663 loss_iou: 0.134417 loss_dfl: 2.566769 eta: 0:50:32 batch_cost: 1.0134 data_cost: 0.0029 ips: 3.9473 images/s, max_mem_reserved: 2249 MB, max_mem_allocated: 2009 MB
[09/21 16:17:40] ppdet.engine.callbacks INFO: Epoch: [22] [110/266] learning_rate: 0.002260 loss: 1.224805 loss_cls: 0.777251 loss_iou: 0.131687 loss_dfl: 2.598807 eta: 0:50:28 batch_cost: 0.9280 data_cost: 0.0030 ips: 4.3106 images/s, max_mem_reserved: 2249 MB, max_mem_allocated: 2009 MB
[09/21 16:17:49] ppdet.engine.callbacks INFO: Epoch: [22] [120/266] learning_rate: 0.002255 loss: 1.252057 loss_cls: 0.800418 loss_iou: 0.129662 loss_dfl: 2.581410 eta: 0:50:24 batch_cost: 0.8951 data_cost: 0.0030 ips: 4.4689 images/s, max_mem_reserved: 2249 MB, max_mem_allocated: 2009 MB
[09/21 16:17:57] ppdet.engine.callbacks INFO: Epoch: [22] [130/266] learning_rate: 0.002250 loss: 1.225005 loss_cls: 0.779151 loss_iou: 0.124258 loss_dfl: 2.291365 eta: 0:50:18 batch_cost: 0.7250 data_cost: 0.0030 ips: 5.5172 images/s, max_mem_reserved: 2249 MB, max_mem_allocated: 2009 MB
[09/21 16:18:06] ppdet.engine.callbacks INFO: Epoch: [22] [140/266] learning_rate: 0.002245 loss: 1.373808 loss_cls: 0.821095 loss_iou: 0.149817 loss_dfl: 3.121144 eta: 0:50:13 batch_cost: 0.8199 data_cost: 0.0032 ips: 4.8787 images/s, max_mem_reserved: 2249 MB, max_mem_allocated: 2009 MB
[09/21 16:18:14] ppdet.engine.callbacks INFO: Epoch: [22] [150/266] learning_rate: 0.002240 loss: 1.498254 loss_cls: 0.928281 loss_iou: 0.156975 loss_dfl: 2.950006 eta: 0:50:07 batch_cost: 0.8222 data_cost: 0.0028 ips: 4.8652 images/s, max_mem_reserved: 2249 MB, max_mem_allocated: 2009 MB
[09/21 16:18:23] ppdet.engine.callbacks INFO: Epoch: [22] [160/266] learning_rate: 0.002235 loss: 1.281907 loss_cls: 0.804830 loss_iou: 0.123720 loss_dfl: 2.669758 eta: 0:50:02 batch_cost: 0.8277 data_cost: 0.0030 ips: 4.8327 images/s, max_mem_reserved: 2249 MB, max_mem_allocated: 2009 MB
[09/21 16:18:32] ppdet.engine.callbacks INFO: Epoch: [22] [170/266] learning_rate: 0.002230 loss: 1.310534 loss_cls: 0.823446 loss_iou: 0.131211 loss_dfl: 2.284217 eta: 0:49:57 batch_cost: 0.8282 data_cost: 0.0029 ips: 4.8295 images/s, max_mem_reserved: 2249 MB, max_mem_allocated: 2009 MB
[09/21 16:18:39] ppdet.engine.callbacks INFO: Epoch: [22] [180/266] learning_rate: 0.002225 loss: 1.305174 loss_cls: 0.827664 loss_iou: 0.134978 loss_dfl: 2.574613 eta: 0:49:51 batch_cost: 0.7448 data_cost: 0.0028 ips: 5.3708 images/s, max_mem_reserved: 2249 MB, max_mem_allocated: 2009 MB
[09/21 16:18:50] ppdet.engine.callbacks INFO: Epoch: [22] [190/266] learning_rate: 0.002221 loss: 1.276254 loss_cls: 0.793323 loss_iou: 0.126824 loss_dfl: 2.798578 eta: 0:49:48 batch_cost: 0.9950 data_cost: 0.0029 ips: 4.0200 images/s, max_mem_reserved: 2249 MB, max_mem_allocated: 2009 MB
[09/21 16:18:58] ppdet.engine.callbacks INFO: Epoch: [22] [200/266] learning_rate: 0.002216 loss: 1.325941 loss_cls: 0.796034 loss_iou: 0.149904 loss_dfl: 2.817561 eta: 0:49:42 batch_cost: 0.7705 data_cost: 0.0026 ips: 5.1913 images/s, max_mem_reserved: 2249 MB, max_mem_allocated: 2009 MB
[09/21 16:19:06] ppdet.engine.callbacks INFO: Epoch: [22] [210/266] learning_rate: 0.002211 loss: 1.294957 loss_cls: 0.834949 loss_iou: 0.136368 loss_dfl: 2.752289 eta: 0:49:36 batch_cost: 0.7716 data_cost: 0.0029 ips: 5.1840 images/s, max_mem_reserved: 2249 MB, max_mem_allocated: 2009 MB
[09/21 16:19:14] ppdet.engine.callbacks INFO: Epoch: [22] [220/266] learning_rate: 0.002206 loss: 1.268845 loss_cls: 0.800543 loss_iou: 0.130785 loss_dfl: 2.558547 eta: 0:49:31 batch_cost: 0.7369 data_cost: 0.0027 ips: 5.4282 images/s, max_mem_reserved: 2249 MB, max_mem_allocated: 2009 MB
[09/21 16:19:23] ppdet.engine.callbacks INFO: Epoch: [22] [230/266] learning_rate: 0.002201 loss: 1.262362 loss_cls: 0.811722 loss_iou: 0.123859 loss_dfl: 2.857418 eta: 0:49:26 batch_cost: 0.8956 data_cost: 0.0026 ips: 4.4665 images/s, max_mem_reserved: 2249 MB, max_mem_allocated: 2009 MB
[09/21 16:19:32] ppdet.engine.callbacks INFO: Epoch: [22] [240/266] learning_rate: 0.002196 loss: 1.294944 loss_cls: 0.836430 loss_iou: 0.138680 loss_dfl: 2.966885 eta: 0:49:21 batch_cost: 0.8835 data_cost: 0.0025 ips: 4.5272 images/s, max_mem_reserved: 2249 MB, max_mem_allocated: 2009 MB
[09/21 16:19:40] ppdet.engine.callbacks INFO: Epoch: [22] [250/266] learning_rate: 0.002191 loss: 1.227122 loss_cls: 0.778300 loss_iou: 0.130350 loss_dfl: 2.759882 eta: 0:49:15 batch_cost: 0.6924 data_cost: 0.0029 ips: 5.7767 images/s, max_mem_reserved: 2249 MB, max_mem_allocated: 2009 MB
[09/21 16:19:49] ppdet.engine.callbacks INFO: Epoch: [22] [260/266] learning_rate: 0.002186 loss: 1.334827 loss_cls: 0.839337 loss_iou: 0.145069 loss_dfl: 2.666230 eta: 0:49:10 batch_cost: 0.8756 data_cost: 0.0029 ips: 4.5685 images/s, max_mem_reserved: 2249 MB, max_mem_allocated: 2009 MB
[09/21 16:19:55] ppdet.engine.callbacks INFO: Epoch: [23] [  0/266] learning_rate: 0.002183 loss: 1.323077 loss_cls: 0.847546 loss_iou: 0.134731 loss_dfl: 2.500677 eta: 0:49:08 batch_cost: 0.9319 data_cost: 0.0340 ips: 4.2925 images/s, max_mem_reserved: 2249 MB, max_mem_allocated: 2009 MB
[09/21 16:20:04] ppdet.engine.callbacks INFO: Epoch: [23] [ 10/266] learning_rate: 0.002178 loss: 1.318641 loss_cls: 0.833810 loss_iou: 0.135556 loss_dfl: 2.473247 eta: 0:49:03 batch_cost: 0.8354 data_cost: 0.0028 ips: 4.7881 images/s, max_mem_reserved: 2249 MB, max_mem_allocated: 2009 MB
[09/21 16:20:11] ppdet.engine.callbacks INFO: Epoch: [23] [ 20/266] learning_rate: 0.002173 loss: 1.214591 loss_cls: 0.827849 loss_iou: 0.120602 loss_dfl: 2.730001 eta: 0:48:56 batch_cost: 0.6631 data_cost: 0.0026 ips: 6.0323 images/s, max_mem_reserved: 2249 MB, max_mem_allocated: 2009 MB
[09/21 16:20:19] ppdet.engine.callbacks INFO: Epoch: [23] [ 30/266] learning_rate: 0.002168 loss: 1.354187 loss_cls: 0.860746 loss_iou: 0.130717 loss_dfl: 2.893909 eta: 0:48:50 batch_cost: 0.7755 data_cost: 0.0032 ips: 5.1582 images/s, max_mem_reserved: 2249 MB, max_mem_allocated: 2009 MB
[09/21 16:20:27] ppdet.engine.callbacks INFO: Epoch: [23] [ 40/266] learning_rate: 0.002163 loss: 1.309948 loss_cls: 0.818595 loss_iou: 0.138670 loss_dfl: 2.797544 eta: 0:48:45 batch_cost: 0.7908 data_cost: 0.0029 ips: 5.0583 images/s, max_mem_reserved: 2249 MB, max_mem_allocated: 2009 MB
[09/21 16:20:36] ppdet.engine.callbacks INFO: Epoch: [23] [ 50/266] learning_rate: 0.002158 loss: 1.294703 loss_cls: 0.830807 loss_iou: 0.137309 loss_dfl: 2.578112 eta: 0:48:40 batch_cost: 0.8936 data_cost: 0.0027 ips: 4.4761 images/s, max_mem_reserved: 2249 MB, max_mem_allocated: 2009 MB
[09/21 16:20:44] ppdet.engine.callbacks INFO: Epoch: [23] [ 60/266] learning_rate: 0.002153 loss: 1.288459 loss_cls: 0.862770 loss_iou: 0.123810 loss_dfl: 2.522927 eta: 0:48:34 batch_cost: 0.6887 data_cost: 0.0030 ips: 5.8081 images/s, max_mem_reserved: 2249 MB, max_mem_allocated: 2009 MB
[09/21 16:20:53] ppdet.engine.callbacks INFO: Epoch: [23] [ 70/266] learning_rate: 0.002148 loss: 1.241912 loss_cls: 0.818283 loss_iou: 0.117315 loss_dfl: 3.051132 eta: 0:48:29 batch_cost: 0.9016 data_cost: 0.0028 ips: 4.4367 images/s, max_mem_reserved: 2249 MB, max_mem_allocated: 2009 MB
[09/21 16:21:03] ppdet.engine.callbacks INFO: Epoch: [23] [ 80/266] learning_rate: 0.002143 loss: 1.214801 loss_cls: 0.800960 loss_iou: 0.122118 loss_dfl: 2.851600 eta: 0:48:25 batch_cost: 0.9409 data_cost: 0.0031 ips: 4.2513 images/s, max_mem_reserved: 2249 MB, max_mem_allocated: 2009 MB
[09/21 16:21:13] ppdet.engine.callbacks INFO: Epoch: [23] [ 90/266] learning_rate: 0.002138 loss: 1.304556 loss_cls: 0.840608 loss_iou: 0.126663 loss_dfl: 2.297383 eta: 0:48:20 batch_cost: 0.9659 data_cost: 0.0029 ips: 4.1413 images/s, max_mem_reserved: 2249 MB, max_mem_allocated: 2009 MB
[09/21 16:21:21] ppdet.engine.callbacks INFO: Epoch: [23] [100/266] learning_rate: 0.002133 loss: 1.301687 loss_cls: 0.842033 loss_iou: 0.135875 loss_dfl: 2.605100 eta: 0:48:15 batch_cost: 0.7734 data_cost: 0.0031 ips: 5.1722 images/s, max_mem_reserved: 2249 MB, max_mem_allocated: 2009 MB
[09/21 16:21:32] ppdet.engine.callbacks INFO: Epoch: [23] [110/266] learning_rate: 0.002128 loss: 1.249716 loss_cls: 0.819593 loss_iou: 0.126121 loss_dfl: 2.433172 eta: 0:48:11 batch_cost: 1.0781 data_cost: 0.0030 ips: 3.7101 images/s, max_mem_reserved: 2249 MB, max_mem_allocated: 2009 MB
[09/21 16:21:40] ppdet.engine.callbacks INFO: Epoch: [23] [120/266] learning_rate: 0.002123 loss: 1.256261 loss_cls: 0.818748 loss_iou: 0.123194 loss_dfl: 2.673027 eta: 0:48:06 batch_cost: 0.7926 data_cost: 0.0026 ips: 5.0467 images/s, max_mem_reserved: 2249 MB, max_mem_allocated: 2009 MB
[09/21 16:21:50] ppdet.engine.callbacks INFO: Epoch: [23] [130/266] learning_rate: 0.002118 loss: 1.292782 loss_cls: 0.824589 loss_iou: 0.136524 loss_dfl: 2.625872 eta: 0:48:01 batch_cost: 0.9114 data_cost: 0.0032 ips: 4.3891 images/s, max_mem_reserved: 2249 MB, max_mem_allocated: 2009 MB
[09/21 16:21:57] ppdet.engine.callbacks INFO: Epoch: [23] [140/266] learning_rate: 0.002113 loss: 1.297060 loss_cls: 0.840090 loss_iou: 0.117928 loss_dfl: 2.639968 eta: 0:47:55 batch_cost: 0.7264 data_cost: 0.0028 ips: 5.5065 images/s, max_mem_reserved: 2249 MB, max_mem_allocated: 2009 MB
[09/21 16:22:07] ppdet.engine.callbacks INFO: Epoch: [23] [150/266] learning_rate: 0.002108 loss: 1.251793 loss_cls: 0.808096 loss_iou: 0.130656 loss_dfl: 2.640711 eta: 0:47:50 batch_cost: 0.9396 data_cost: 0.0029 ips: 4.2573 images/s, max_mem_reserved: 2249 MB, max_mem_allocated: 2009 MB
[09/21 16:22:16] ppdet.engine.callbacks INFO: Epoch: [23] [160/266] learning_rate: 0.002103 loss: 1.199669 loss_cls: 0.774420 loss_iou: 0.115558 loss_dfl: 2.852589 eta: 0:47:45 batch_cost: 0.8133 data_cost: 0.0029 ips: 4.9180 images/s, max_mem_reserved: 2249 MB, max_mem_allocated: 2009 MB
[09/21 16:22:25] ppdet.engine.callbacks INFO: Epoch: [23] [170/266] learning_rate: 0.002098 loss: 1.284094 loss_cls: 0.811326 loss_iou: 0.131407 loss_dfl: 2.804477 eta: 0:47:40 batch_cost: 0.9374 data_cost: 0.0027 ips: 4.2672 images/s, max_mem_reserved: 2249 MB, max_mem_allocated: 2009 MB
[09/21 16:22:35] ppdet.engine.callbacks INFO: Epoch: [23] [180/266] learning_rate: 0.002093 loss: 1.341459 loss_cls: 0.877815 loss_iou: 0.124729 loss_dfl: 2.903179 eta: 0:47:35 batch_cost: 0.9031 data_cost: 0.0029 ips: 4.4294 images/s, max_mem_reserved: 2249 MB, max_mem_allocated: 2009 MB
[09/21 16:22:43] ppdet.engine.callbacks INFO: Epoch: [23] [190/266] learning_rate: 0.002088 loss: 1.242393 loss_cls: 0.805986 loss_iou: 0.121514 loss_dfl: 2.435270 eta: 0:47:30 batch_cost: 0.8188 data_cost: 0.0029 ips: 4.8853 images/s, max_mem_reserved: 2249 MB, max_mem_allocated: 2009 MB
[09/21 16:22:54] ppdet.engine.callbacks INFO: Epoch: [23] [200/266] learning_rate: 0.002083 loss: 1.333959 loss_cls: 0.876832 loss_iou: 0.128917 loss_dfl: 2.636770 eta: 0:47:26 batch_cost: 1.0174 data_cost: 0.0028 ips: 3.9317 images/s, max_mem_reserved: 2249 MB, max_mem_allocated: 2009 MB
[09/21 16:23:03] ppdet.engine.callbacks INFO: Epoch: [23] [210/266] learning_rate: 0.002078 loss: 1.279139 loss_cls: 0.853005 loss_iou: 0.124770 loss_dfl: 2.741637 eta: 0:47:20 batch_cost: 0.8529 data_cost: 0.0029 ips: 4.6901 images/s, max_mem_reserved: 2249 MB, max_mem_allocated: 2009 MB
[09/21 16:23:12] ppdet.engine.callbacks INFO: Epoch: [23] [220/266] learning_rate: 0.002073 loss: 1.344609 loss_cls: 0.858098 loss_iou: 0.143799 loss_dfl: 2.586757 eta: 0:47:15 batch_cost: 0.8717 data_cost: 0.0031 ips: 4.5885 images/s, max_mem_reserved: 2249 MB, max_mem_allocated: 2009 MB
[09/21 16:23:20] ppdet.engine.callbacks INFO: Epoch: [23] [230/266] learning_rate: 0.002068 loss: 1.318431 loss_cls: 0.852555 loss_iou: 0.133017 loss_dfl: 2.750913 eta: 0:47:09 batch_cost: 0.7957 data_cost: 0.0029 ips: 5.0272 images/s, max_mem_reserved: 2249 MB, max_mem_allocated: 2009 MB
[09/21 16:23:28] ppdet.engine.callbacks INFO: Epoch: [23] [240/266] learning_rate: 0.002063 loss: 1.255320 loss_cls: 0.819370 loss_iou: 0.114889 loss_dfl: 2.895691 eta: 0:47:03 batch_cost: 0.7349 data_cost: 0.0031 ips: 5.4429 images/s, max_mem_reserved: 2249 MB, max_mem_allocated: 2009 MB
[09/21 16:23:38] ppdet.engine.callbacks INFO: Epoch: [23] [250/266] learning_rate: 0.002058 loss: 1.222712 loss_cls: 0.800649 loss_iou: 0.122759 loss_dfl: 2.499191 eta: 0:46:59 batch_cost: 1.0222 data_cost: 0.0030 ips: 3.9133 images/s, max_mem_reserved: 2249 MB, max_mem_allocated: 2009 MB
[09/21 16:23:47] ppdet.engine.callbacks INFO: Epoch: [23] [260/266] learning_rate: 0.002053 loss: 1.299062 loss_cls: 0.817667 loss_iou: 0.137374 loss_dfl: 2.693938 eta: 0:46:54 batch_cost: 0.8418 data_cost: 0.0030 ips: 4.7518 images/s, max_mem_reserved: 2249 MB, max_mem_allocated: 2009 MB
[09/21 16:23:52] ppdet.utils.checkpoint INFO: Save checkpoint: output_aug
[09/21 16:23:53] ppdet.engine.callbacks INFO: Eval iter: 0
[09/21 16:24:00] ppdet.metrics.metrics INFO: Accumulating evaluatation results...
[09/21 16:24:00] ppdet.metrics.metrics INFO: mAP(0.50, 11point) = 87.75%
[09/21 16:24:00] ppdet.engine.callbacks INFO: Total sample number: 100, average FPS: 13.100446719715986
[09/21 16:24:00] ppdet.engine INFO: Best test bbox ap is 0.877.
[09/21 16:24:00] ppdet.utils.checkpoint INFO: Save checkpoint: output_aug
[09/21 16:24:01] ppdet.engine.callbacks INFO: Epoch: [24] [  0/266] learning_rate: 0.002050 loss: 1.331638 loss_cls: 0.827749 loss_iou: 0.136845 loss_dfl: 2.821956 eta: 0:46:50 batch_cost: 0.8276 data_cost: 0.0026 ips: 4.8334 images/s, max_mem_reserved: 2249 MB, max_mem_allocated: 2009 MB
[09/21 16:24:10] ppdet.engine.callbacks INFO: Epoch: [24] [ 10/266] learning_rate: 0.002045 loss: 1.311636 loss_cls: 0.838016 loss_iou: 0.130938 loss_dfl: 2.772205 eta: 0:46:45 batch_cost: 0.8703 data_cost: 0.0028 ips: 4.5963 images/s, max_mem_reserved: 2249 MB, max_mem_allocated: 2009 MB
[09/21 16:24:20] ppdet.engine.callbacks INFO: Epoch: [24] [ 20/266] learning_rate: 0.002040 loss: 1.181895 loss_cls: 0.774455 loss_iou: 0.112008 loss_dfl: 2.377449 eta: 0:46:41 batch_cost: 0.9408 data_cost: 0.0027 ips: 4.2515 images/s, max_mem_reserved: 2249 MB, max_mem_allocated: 2009 MB
[09/21 16:24:28] ppdet.engine.callbacks INFO: Epoch: [24] [ 30/266] learning_rate: 0.002035 loss: 1.239873 loss_cls: 0.812851 loss_iou: 0.124273 loss_dfl: 2.515689 eta: 0:46:34 batch_cost: 0.7361 data_cost: 0.0027 ips: 5.4343 images/s, max_mem_reserved: 2249 MB, max_mem_allocated: 2009 MB
[09/21 16:24:36] ppdet.engine.callbacks INFO: Epoch: [24] [ 40/266] learning_rate: 0.002030 loss: 1.195755 loss_cls: 0.777719 loss_iou: 0.122421 loss_dfl: 2.824438 eta: 0:46:29 batch_cost: 0.8132 data_cost: 0.0028 ips: 4.9186 images/s, max_mem_reserved: 2249 MB, max_mem_allocated: 2009 MB
[09/21 16:24:46] ppdet.engine.callbacks INFO: Epoch: [24] [ 50/266] learning_rate: 0.002025 loss: 1.285879 loss_cls: 0.826222 loss_iou: 0.135947 loss_dfl: 2.515682 eta: 0:46:24 batch_cost: 0.9552 data_cost: 0.0029 ips: 4.1876 images/s, max_mem_reserved: 2249 MB, max_mem_allocated: 2009 MB
[09/21 16:24:54] ppdet.engine.callbacks INFO: Epoch: [24] [ 60/266] learning_rate: 0.002020 loss: 1.218342 loss_cls: 0.783932 loss_iou: 0.126792 loss_dfl: 2.602801 eta: 0:46:18 batch_cost: 0.7847 data_cost: 0.0030 ips: 5.0977 images/s, max_mem_reserved: 2249 MB, max_mem_allocated: 2009 MB
[09/21 16:25:03] ppdet.engine.callbacks INFO: Epoch: [24] [ 70/266] learning_rate: 0.002015 loss: 1.273798 loss_cls: 0.818917 loss_iou: 0.134066 loss_dfl: 2.795584 eta: 0:46:13 batch_cost: 0.8281 data_cost: 0.0028 ips: 4.8306 images/s, max_mem_reserved: 2249 MB, max_mem_allocated: 2009 MB
[09/21 16:25:13] ppdet.engine.callbacks INFO: Epoch: [24] [ 80/266] learning_rate: 0.002010 loss: 1.293746 loss_cls: 0.828895 loss_iou: 0.126707 loss_dfl: 2.935446 eta: 0:46:08 batch_cost: 0.9847 data_cost: 0.0030 ips: 4.0622 images/s, max_mem_reserved: 2249 MB, max_mem_allocated: 2009 MB
[09/21 16:25:21] ppdet.engine.callbacks INFO: Epoch: [24] [ 90/266] learning_rate: 0.002005 loss: 1.319683 loss_cls: 0.817368 loss_iou: 0.137634 loss_dfl: 3.026777 eta: 0:46:02 batch_cost: 0.7849 data_cost: 0.0031 ips: 5.0965 images/s, max_mem_reserved: 2249 MB, max_mem_allocated: 2009 MB
[09/21 16:25:31] ppdet.engine.callbacks INFO: Epoch: [24] [100/266] learning_rate: 0.002000 loss: 1.268538 loss_cls: 0.826803 loss_iou: 0.129178 loss_dfl: 2.488232 eta: 0:45:58 batch_cost: 0.9772 data_cost: 0.0029 ips: 4.0931 images/s, max_mem_reserved: 2249 MB, max_mem_allocated: 2009 MB
[09/21 16:25:40] ppdet.engine.callbacks INFO: Epoch: [24] [110/266] learning_rate: 0.001995 loss: 1.256869 loss_cls: 0.822792 loss_iou: 0.124674 loss_dfl: 2.516167 eta: 0:45:52 batch_cost: 0.7729 data_cost: 0.0030 ips: 5.1752 images/s, max_mem_reserved: 2249 MB, max_mem_allocated: 2009 MB
[09/21 16:25:48] ppdet.engine.callbacks INFO: Epoch: [24] [120/266] learning_rate: 0.001990 loss: 1.245454 loss_cls: 0.807298 loss_iou: 0.114694 loss_dfl: 2.578486 eta: 0:45:46 batch_cost: 0.7878 data_cost: 0.0028 ips: 5.0776 images/s, max_mem_reserved: 2249 MB, max_mem_allocated: 2009 MB
[09/21 16:25:57] ppdet.engine.callbacks INFO: Epoch: [24] [130/266] learning_rate: 0.001985 loss: 1.266615 loss_cls: 0.811596 loss_iou: 0.125600 loss_dfl: 2.861901 eta: 0:45:40 batch_cost: 0.8545 data_cost: 0.0030 ips: 4.6809 images/s, max_mem_reserved: 2249 MB, max_mem_allocated: 2009 MB
[09/21 16:26:05] ppdet.engine.callbacks INFO: Epoch: [24] [140/266] learning_rate: 0.001980 loss: 1.237002 loss_cls: 0.777842 loss_iou: 0.124440 loss_dfl: 3.009397 eta: 0:45:35 batch_cost: 0.8259 data_cost: 0.0029 ips: 4.8429 images/s, max_mem_reserved: 2249 MB, max_mem_allocated: 2009 MB
[09/21 16:26:15] ppdet.engine.callbacks INFO: Epoch: [24] [150/266] learning_rate: 0.001975 loss: 1.283573 loss_cls: 0.825555 loss_iou: 0.135323 loss_dfl: 2.545538 eta: 0:45:30 batch_cost: 0.9570 data_cost: 0.0025 ips: 4.1797 images/s, max_mem_reserved: 2249 MB, max_mem_allocated: 2009 MB
[09/21 16:26:25] ppdet.engine.callbacks INFO: Epoch: [24] [160/266] learning_rate: 0.001970 loss: 1.318330 loss_cls: 0.821893 loss_iou: 0.131234 loss_dfl: 2.851076 eta: 0:45:25 batch_cost: 0.9863 data_cost: 0.0026 ips: 4.0557 images/s, max_mem_reserved: 2249 MB, max_mem_allocated: 2009 MB
[09/21 16:26:33] ppdet.engine.callbacks INFO: Epoch: [24] [170/266] learning_rate: 0.001965 loss: 1.207972 loss_cls: 0.805960 loss_iou: 0.115256 loss_dfl: 2.496798 eta: 0:45:19 batch_cost: 0.7094 data_cost: 0.0031 ips: 5.6389 images/s, max_mem_reserved: 2249 MB, max_mem_allocated: 2009 MB
[09/21 16:26:43] ppdet.engine.callbacks INFO: Epoch: [24] [180/266] learning_rate: 0.001960 loss: 1.322292 loss_cls: 0.828475 loss_iou: 0.138610 loss_dfl: 2.768728 eta: 0:45:14 batch_cost: 0.9933 data_cost: 0.0030 ips: 4.0269 images/s, max_mem_reserved: 2249 MB, max_mem_allocated: 2009 MB
[09/21 16:26:51] ppdet.engine.callbacks INFO: Epoch: [24] [190/266] learning_rate: 0.001955 loss: 1.244842 loss_cls: 0.821867 loss_iou: 0.120130 loss_dfl: 2.718363 eta: 0:45:08 batch_cost: 0.7677 data_cost: 0.0028 ips: 5.2107 images/s, max_mem_reserved: 2249 MB, max_mem_allocated: 2009 MB
[09/21 16:27:00] ppdet.engine.callbacks INFO: Epoch: [24] [200/266] learning_rate: 0.001950 loss: 1.222933 loss_cls: 0.785266 loss_iou: 0.124116 loss_dfl: 2.679577 eta: 0:45:03 batch_cost: 0.8626 data_cost: 0.0031 ips: 4.6369 images/s, max_mem_reserved: 2249 MB, max_mem_allocated: 2009 MB
[09/21 16:27:10] ppdet.engine.callbacks INFO: Epoch: [24] [210/266] learning_rate: 0.001945 loss: 1.261042 loss_cls: 0.833543 loss_iou: 0.125721 loss_dfl: 2.423854 eta: 0:44:58 batch_cost: 0.9011 data_cost: 0.0030 ips: 4.4393 images/s, max_mem_reserved: 2249 MB, max_mem_allocated: 2009 MB
[09/21 16:27:18] ppdet.engine.callbacks INFO: Epoch: [24] [220/266] learning_rate: 0.001940 loss: 1.357912 loss_cls: 0.849662 loss_iou: 0.145422 loss_dfl: 3.062418 eta: 0:44:52 batch_cost: 0.8357 data_cost: 0.0029 ips: 4.7862 images/s, max_mem_reserved: 2249 MB, max_mem_allocated: 2009 MB
[09/21 16:27:28] ppdet.engine.callbacks INFO: Epoch: [24] [230/266] learning_rate: 0.001935 loss: 1.250488 loss_cls: 0.807953 loss_iou: 0.126629 loss_dfl: 2.552157 eta: 0:44:47 batch_cost: 0.9575 data_cost: 0.0030 ips: 4.1777 images/s, max_mem_reserved: 2249 MB, max_mem_allocated: 2009 MB
[09/21 16:27:35] ppdet.engine.callbacks INFO: Epoch: [24] [240/266] learning_rate: 0.001930 loss: 1.302248 loss_cls: 0.820577 loss_iou: 0.138353 loss_dfl: 2.568906 eta: 0:44:41 batch_cost: 0.6725 data_cost: 0.0026 ips: 5.9478 images/s, max_mem_reserved: 2249 MB, max_mem_allocated: 2009 MB
[09/21 16:27:44] ppdet.engine.callbacks INFO: Epoch: [24] [250/266] learning_rate: 0.001925 loss: 1.293903 loss_cls: 0.828394 loss_iou: 0.126316 loss_dfl: 2.904515 eta: 0:44:34 batch_cost: 0.7724 data_cost: 0.0029 ips: 5.1787 images/s, max_mem_reserved: 2249 MB, max_mem_allocated: 2009 MB
[09/21 16:27:51] ppdet.engine.callbacks INFO: Epoch: [24] [260/266] learning_rate: 0.001920 loss: 1.267492 loss_cls: 0.832849 loss_iou: 0.123052 loss_dfl: 2.714125 eta: 0:44:28 batch_cost: 0.7164 data_cost: 0.0028 ips: 5.5838 images/s, max_mem_reserved: 2249 MB, max_mem_allocated: 2009 MB
[09/21 16:27:56] ppdet.engine.callbacks INFO: Epoch: [25] [  0/266] learning_rate: 0.001917 loss: 1.289263 loss_cls: 0.833537 loss_iou: 0.125863 loss_dfl: 2.427666 eta: 0:44:24 batch_cost: 0.7893 data_cost: 0.0350 ips: 5.0680 images/s, max_mem_reserved: 2249 MB, max_mem_allocated: 2009 MB
[09/21 16:28:05] ppdet.engine.callbacks INFO: Epoch: [25] [ 10/266] learning_rate: 0.001912 loss: 1.251439 loss_cls: 0.816186 loss_iou: 0.118741 loss_dfl: 2.585305 eta: 0:44:19 batch_cost: 0.8461 data_cost: 0.0024 ips: 4.7274 images/s, max_mem_reserved: 2249 MB, max_mem_allocated: 2009 MB
[09/21 16:28:13] ppdet.engine.callbacks INFO: Epoch: [25] [ 20/266] learning_rate: 0.001907 loss: 1.214681 loss_cls: 0.792350 loss_iou: 0.124421 loss_dfl: 2.409907 eta: 0:44:13 batch_cost: 0.8365 data_cost: 0.0027 ips: 4.7816 images/s, max_mem_reserved: 2249 MB, max_mem_allocated: 2009 MB
[09/21 16:28:24] ppdet.engine.callbacks INFO: Epoch: [25] [ 30/266] learning_rate: 0.001902 loss: 1.271366 loss_cls: 0.792289 loss_iou: 0.129718 loss_dfl: 2.444103 eta: 0:44:08 batch_cost: 1.0027 data_cost: 0.0029 ips: 3.9893 images/s, max_mem_reserved: 2249 MB, max_mem_allocated: 2009 MB
[09/21 16:28:31] ppdet.engine.callbacks INFO: Epoch: [25] [ 40/266] learning_rate: 0.001897 loss: 1.248102 loss_cls: 0.799416 loss_iou: 0.132232 loss_dfl: 2.710647 eta: 0:44:02 batch_cost: 0.7084 data_cost: 0.0026 ips: 5.6469 images/s, max_mem_reserved: 2249 MB, max_mem_allocated: 2009 MB
[09/21 16:28:41] ppdet.engine.callbacks INFO: Epoch: [25] [ 50/266] learning_rate: 0.001892 loss: 1.276459 loss_cls: 0.813853 loss_iou: 0.117989 loss_dfl: 2.792346 eta: 0:43:57 batch_cost: 0.9093 data_cost: 0.0029 ips: 4.3990 images/s, max_mem_reserved: 2249 MB, max_mem_allocated: 2009 MB
[09/21 16:28:50] ppdet.engine.callbacks INFO: Epoch: [25] [ 60/266] learning_rate: 0.001887 loss: 1.281913 loss_cls: 0.804264 loss_iou: 0.120346 loss_dfl: 2.840145 eta: 0:43:51 batch_cost: 0.8753 data_cost: 0.0032 ips: 4.5700 images/s, max_mem_reserved: 2249 MB, max_mem_allocated: 2009 MB
[09/21 16:28:59] ppdet.engine.callbacks INFO: Epoch: [25] [ 70/266] learning_rate: 0.001882 loss: 1.239170 loss_cls: 0.791213 loss_iou: 0.126206 loss_dfl: 3.037065 eta: 0:43:46 batch_cost: 0.8950 data_cost: 0.0030 ips: 4.4692 images/s, max_mem_reserved: 2249 MB, max_mem_allocated: 2009 MB
[09/21 16:29:08] ppdet.engine.callbacks INFO: Epoch: [25] [ 80/266] learning_rate: 0.001877 loss: 1.220608 loss_cls: 0.789058 loss_iou: 0.117077 loss_dfl: 2.489946 eta: 0:43:40 batch_cost: 0.8497 data_cost: 0.0029 ips: 4.7073 images/s, max_mem_reserved: 2249 MB, max_mem_allocated: 2009 MB
[09/21 16:29:16] ppdet.engine.callbacks INFO: Epoch: [25] [ 90/266] learning_rate: 0.001872 loss: 1.249485 loss_cls: 0.782347 loss_iou: 0.128814 loss_dfl: 2.763576 eta: 0:43:34 batch_cost: 0.7826 data_cost: 0.0032 ips: 5.1110 images/s, max_mem_reserved: 2249 MB, max_mem_allocated: 2009 MB
[09/21 16:29:25] ppdet.engine.callbacks INFO: Epoch: [25] [100/266] learning_rate: 0.001867 loss: 1.264696 loss_cls: 0.819324 loss_iou: 0.115826 loss_dfl: 2.768048 eta: 0:43:28 batch_cost: 0.7887 data_cost: 0.0027 ips: 5.0714 images/s, max_mem_reserved: 2249 MB, max_mem_allocated: 2009 MB
[09/21 16:29:34] ppdet.engine.callbacks INFO: Epoch: [25] [110/266] learning_rate: 0.001862 loss: 1.234082 loss_cls: 0.801083 loss_iou: 0.123538 loss_dfl: 2.670517 eta: 0:43:23 batch_cost: 0.8751 data_cost: 0.0027 ips: 4.5711 images/s, max_mem_reserved: 2249 MB, max_mem_allocated: 2009 MB
[09/21 16:29:42] ppdet.engine.callbacks INFO: Epoch: [25] [120/266] learning_rate: 0.001857 loss: 1.205589 loss_cls: 0.806562 loss_iou: 0.118264 loss_dfl: 2.300426 eta: 0:43:17 batch_cost: 0.7950 data_cost: 0.0030 ips: 5.0314 images/s, max_mem_reserved: 2249 MB, max_mem_allocated: 2009 MB
[09/21 16:29:51] ppdet.engine.callbacks INFO: Epoch: [25] [130/266] learning_rate: 0.001852 loss: 1.266683 loss_cls: 0.821195 loss_iou: 0.126055 loss_dfl: 2.759994 eta: 0:43:11 batch_cost: 0.8178 data_cost: 0.0031 ips: 4.8913 images/s, max_mem_reserved: 2249 MB, max_mem_allocated: 2009 MB
[09/21 16:30:00] ppdet.engine.callbacks INFO: Epoch: [25] [140/266] learning_rate: 0.001847 loss: 1.222763 loss_cls: 0.785855 loss_iou: 0.125654 loss_dfl: 2.939205 eta: 0:43:05 batch_cost: 0.9404 data_cost: 0.0026 ips: 4.2536 images/s, max_mem_reserved: 2249 MB, max_mem_allocated: 2009 MB
[09/21 16:30:10] ppdet.engine.callbacks INFO: Epoch: [25] [150/266] learning_rate: 0.001842 loss: 1.263027 loss_cls: 0.791174 loss_iou: 0.129308 loss_dfl: 2.717763 eta: 0:43:00 batch_cost: 0.9181 data_cost: 0.0031 ips: 4.3570 images/s, max_mem_reserved: 2249 MB, max_mem_allocated: 2009 MB
[09/21 16:30:19] ppdet.engine.callbacks INFO: Epoch: [25] [160/266] learning_rate: 0.001837 loss: 1.205067 loss_cls: 0.757915 loss_iou: 0.122049 loss_dfl: 2.497593 eta: 0:42:55 batch_cost: 0.8837 data_cost: 0.0029 ips: 4.5263 images/s, max_mem_reserved: 2249 MB, max_mem_allocated: 2009 MB
[09/21 16:30:29] ppdet.engine.callbacks INFO: Epoch: [25] [170/266] learning_rate: 0.001832 loss: 1.275957 loss_cls: 0.798660 loss_iou: 0.132704 loss_dfl: 2.692411 eta: 0:42:49 batch_cost: 0.9098 data_cost: 0.0029 ips: 4.3965 images/s, max_mem_reserved: 2249 MB, max_mem_allocated: 2009 MB
[09/21 16:30:39] ppdet.engine.callbacks INFO: Epoch: [25] [180/266] learning_rate: 0.001827 loss: 1.259770 loss_cls: 0.817989 loss_iou: 0.120487 loss_dfl: 2.569218 eta: 0:42:44 batch_cost: 0.9896 data_cost: 0.0029 ips: 4.0422 images/s, max_mem_reserved: 2249 MB, max_mem_allocated: 2009 MB
[09/21 16:30:48] ppdet.engine.callbacks INFO: Epoch: [25] [190/266] learning_rate: 0.001822 loss: 1.266514 loss_cls: 0.795126 loss_iou: 0.130744 loss_dfl: 2.864823 eta: 0:42:39 batch_cost: 0.9042 data_cost: 0.0027 ips: 4.4239 images/s, max_mem_reserved: 2249 MB, max_mem_allocated: 2009 MB
[09/21 16:30:57] ppdet.engine.callbacks INFO: Epoch: [25] [200/266] learning_rate: 0.001817 loss: 1.239794 loss_cls: 0.779988 loss_iou: 0.127931 loss_dfl: 2.757797 eta: 0:42:33 batch_cost: 0.8629 data_cost: 0.0029 ips: 4.6357 images/s, max_mem_reserved: 2249 MB, max_mem_allocated: 2009 MB
[09/21 16:31:06] ppdet.engine.callbacks INFO: Epoch: [25] [210/266] learning_rate: 0.001812 loss: 1.255269 loss_cls: 0.804223 loss_iou: 0.134313 loss_dfl: 2.677659 eta: 0:42:27 batch_cost: 0.8084 data_cost: 0.0028 ips: 4.9483 images/s, max_mem_reserved: 2249 MB, max_mem_allocated: 2009 MB
[09/21 16:31:14] ppdet.engine.callbacks INFO: Epoch: [25] [220/266] learning_rate: 0.001807 loss: 1.246168 loss_cls: 0.806346 loss_iou: 0.126605 loss_dfl: 2.924406 eta: 0:42:21 batch_cost: 0.8261 data_cost: 0.0032 ips: 4.8419 images/s, max_mem_reserved: 2249 MB, max_mem_allocated: 2009 MB
[09/21 16:31:24] ppdet.engine.callbacks INFO: Epoch: [25] [230/266] learning_rate: 0.001802 loss: 1.333716 loss_cls: 0.811360 loss_iou: 0.138125 loss_dfl: 2.954991 eta: 0:42:16 batch_cost: 0.9184 data_cost: 0.0028 ips: 4.3552 images/s, max_mem_reserved: 2249 MB, max_mem_allocated: 2009 MB
[09/21 16:31:34] ppdet.engine.callbacks INFO: Epoch: [25] [240/266] learning_rate: 0.001797 loss: 1.307164 loss_cls: 0.790002 loss_iou: 0.139617 loss_dfl: 2.752361 eta: 0:42:10 batch_cost: 0.9376 data_cost: 0.0025 ips: 4.2662 images/s, max_mem_reserved: 2249 MB, max_mem_allocated: 2009 MB
[09/21 16:31:42] ppdet.engine.callbacks INFO: Epoch: [25] [250/266] learning_rate: 0.001792 loss: 1.235300 loss_cls: 0.808393 loss_iou: 0.123073 loss_dfl: 2.527468 eta: 0:42:05 batch_cost: 0.8354 data_cost: 0.0030 ips: 4.7882 images/s, max_mem_reserved: 2249 MB, max_mem_allocated: 2009 MB
[09/21 16:31:52] ppdet.engine.callbacks INFO: Epoch: [25] [260/266] learning_rate: 0.001787 loss: 1.224372 loss_cls: 0.772140 loss_iou: 0.127514 loss_dfl: 2.587471 eta: 0:41:59 batch_cost: 0.9245 data_cost: 0.0028 ips: 4.3265 images/s, max_mem_reserved: 2249 MB, max_mem_allocated: 2009 MB
[09/21 16:31:57] ppdet.engine.callbacks INFO: Epoch: [26] [  0/266] learning_rate: 0.001784 loss: 1.238067 loss_cls: 0.787133 loss_iou: 0.127165 loss_dfl: 2.581249 eta: 0:41:56 batch_cost: 0.8452 data_cost: 0.0303 ips: 4.7329 images/s, max_mem_reserved: 2249 MB, max_mem_allocated: 2009 MB
[09/21 16:32:07] ppdet.engine.callbacks INFO: Epoch: [26] [ 10/266] learning_rate: 0.001779 loss: 1.261372 loss_cls: 0.798029 loss_iou: 0.119535 loss_dfl: 2.537982 eta: 0:41:50 batch_cost: 0.9197 data_cost: 0.0026 ips: 4.3490 images/s, max_mem_reserved: 2249 MB, max_mem_allocated: 2009 MB
[09/21 16:32:16] ppdet.engine.callbacks INFO: Epoch: [26] [ 20/266] learning_rate: 0.001775 loss: 1.248762 loss_cls: 0.809976 loss_iou: 0.124254 loss_dfl: 2.648008 eta: 0:41:44 batch_cost: 0.8725 data_cost: 0.0028 ips: 4.5845 images/s, max_mem_reserved: 2249 MB, max_mem_allocated: 2009 MB
[09/21 16:32:23] ppdet.engine.callbacks INFO: Epoch: [26] [ 30/266] learning_rate: 0.001770 loss: 1.254351 loss_cls: 0.817950 loss_iou: 0.125463 loss_dfl: 2.817774 eta: 0:41:38 batch_cost: 0.7092 data_cost: 0.0027 ips: 5.6399 images/s, max_mem_reserved: 2249 MB, max_mem_allocated: 2009 MB
[09/21 16:32:32] ppdet.engine.callbacks INFO: Epoch: [26] [ 40/266] learning_rate: 0.001765 loss: 1.273186 loss_cls: 0.804387 loss_iou: 0.124290 loss_dfl: 2.794898 eta: 0:41:32 batch_cost: 0.8061 data_cost: 0.0032 ips: 4.9619 images/s, max_mem_reserved: 2249 MB, max_mem_allocated: 2009 MB
[09/21 16:32:40] ppdet.engine.callbacks INFO: Epoch: [26] [ 50/266] learning_rate: 0.001760 loss: 1.220698 loss_cls: 0.789005 loss_iou: 0.129500 loss_dfl: 2.335007 eta: 0:41:26 batch_cost: 0.7738 data_cost: 0.0028 ips: 5.1695 images/s, max_mem_reserved: 2249 MB, max_mem_allocated: 2009 MB
[09/21 16:32:51] ppdet.engine.callbacks INFO: Epoch: [26] [ 60/266] learning_rate: 0.001755 loss: 1.226743 loss_cls: 0.767224 loss_iou: 0.115181 loss_dfl: 2.622182 eta: 0:41:21 batch_cost: 1.1162 data_cost: 0.0025 ips: 3.5837 images/s, max_mem_reserved: 2249 MB, max_mem_allocated: 2009 MB
[09/21 16:33:00] ppdet.engine.callbacks INFO: Epoch: [26] [ 70/266] learning_rate: 0.001750 loss: 1.175277 loss_cls: 0.748540 loss_iou: 0.110441 loss_dfl: 2.622371 eta: 0:41:15 batch_cost: 0.8019 data_cost: 0.0028 ips: 4.9882 images/s, max_mem_reserved: 2249 MB, max_mem_allocated: 2009 MB
[09/21 16:33:08] ppdet.engine.callbacks INFO: Epoch: [26] [ 80/266] learning_rate: 0.001745 loss: 1.293428 loss_cls: 0.801820 loss_iou: 0.139303 loss_dfl: 2.618229 eta: 0:41:09 batch_cost: 0.8018 data_cost: 0.0029 ips: 4.9890 images/s, max_mem_reserved: 2249 MB, max_mem_allocated: 2009 MB
[09/21 16:33:18] ppdet.engine.callbacks INFO: Epoch: [26] [ 90/266] learning_rate: 0.001740 loss: 1.302892 loss_cls: 0.812003 loss_iou: 0.135773 loss_dfl: 2.800554 eta: 0:41:03 batch_cost: 0.9136 data_cost: 0.0029 ips: 4.3781 images/s, max_mem_reserved: 2249 MB, max_mem_allocated: 2009 MB
[09/21 16:33:26] ppdet.engine.callbacks INFO: Epoch: [26] [100/266] learning_rate: 0.001735 loss: 1.255669 loss_cls: 0.796260 loss_iou: 0.127876 loss_dfl: 2.885953 eta: 0:40:57 batch_cost: 0.8228 data_cost: 0.0028 ips: 4.8616 images/s, max_mem_reserved: 2249 MB, max_mem_allocated: 2009 MB
[09/21 16:33:36] ppdet.engine.callbacks INFO: Epoch: [26] [110/266] learning_rate: 0.001730 loss: 1.233125 loss_cls: 0.786682 loss_iou: 0.117172 loss_dfl: 2.774062 eta: 0:40:52 batch_cost: 0.9933 data_cost: 0.0027 ips: 4.0269 images/s, max_mem_reserved: 2249 MB, max_mem_allocated: 2009 MB
[09/21 16:33:46] ppdet.engine.callbacks INFO: Epoch: [26] [120/266] learning_rate: 0.001725 loss: 1.244138 loss_cls: 0.781043 loss_iou: 0.127405 loss_dfl: 2.845481 eta: 0:40:46 batch_cost: 0.8690 data_cost: 0.0029 ips: 4.6031 images/s, max_mem_reserved: 2249 MB, max_mem_allocated: 2009 MB
[09/21 16:33:55] ppdet.engine.callbacks INFO: Epoch: [26] [130/266] learning_rate: 0.001720 loss: 1.228674 loss_cls: 0.785024 loss_iou: 0.124365 loss_dfl: 2.753803 eta: 0:40:40 batch_cost: 0.8747 data_cost: 0.0030 ips: 4.5730 images/s, max_mem_reserved: 2249 MB, max_mem_allocated: 2009 MB
[09/21 16:34:03] ppdet.engine.callbacks INFO: Epoch: [26] [140/266] learning_rate: 0.001715 loss: 1.296253 loss_cls: 0.780361 loss_iou: 0.142158 loss_dfl: 2.859556 eta: 0:40:34 batch_cost: 0.8252 data_cost: 0.0032 ips: 4.8471 images/s, max_mem_reserved: 2249 MB, max_mem_allocated: 2009 MB
[09/21 16:34:12] ppdet.engine.callbacks INFO: Epoch: [26] [150/266] learning_rate: 0.001710 loss: 1.264250 loss_cls: 0.793310 loss_iou: 0.128578 loss_dfl: 2.673064 eta: 0:40:29 batch_cost: 0.8479 data_cost: 0.0026 ips: 4.7175 images/s, max_mem_reserved: 2249 MB, max_mem_allocated: 2009 MB
[09/21 16:34:22] ppdet.engine.callbacks INFO: Epoch: [26] [160/266] learning_rate: 0.001705 loss: 1.251866 loss_cls: 0.794157 loss_iou: 0.131740 loss_dfl: 2.756355 eta: 0:40:23 batch_cost: 0.9776 data_cost: 0.0030 ips: 4.0915 images/s, max_mem_reserved: 2249 MB, max_mem_allocated: 2009 MB
[09/21 16:34:31] ppdet.engine.callbacks INFO: Epoch: [26] [170/266] learning_rate: 0.001700 loss: 1.231867 loss_cls: 0.764252 loss_iou: 0.121042 loss_dfl: 2.960951 eta: 0:40:17 batch_cost: 0.8704 data_cost: 0.0029 ips: 4.5953 images/s, max_mem_reserved: 2249 MB, max_mem_allocated: 2009 MB
[09/21 16:34:39] ppdet.engine.callbacks INFO: Epoch: [26] [180/266] learning_rate: 0.001695 loss: 1.238920 loss_cls: 0.805429 loss_iou: 0.120524 loss_dfl: 2.830089 eta: 0:40:11 batch_cost: 0.7727 data_cost: 0.0027 ips: 5.1766 images/s, max_mem_reserved: 2249 MB, max_mem_allocated: 2009 MB
[09/21 16:34:47] ppdet.engine.callbacks INFO: Epoch: [26] [190/266] learning_rate: 0.001690 loss: 1.233186 loss_cls: 0.800940 loss_iou: 0.127838 loss_dfl: 2.196957 eta: 0:40:05 batch_cost: 0.7519 data_cost: 0.0031 ips: 5.3199 images/s, max_mem_reserved: 2249 MB, max_mem_allocated: 2009 MB
[09/21 16:34:55] ppdet.engine.callbacks INFO: Epoch: [26] [200/266] learning_rate: 0.001685 loss: 1.277977 loss_cls: 0.793310 loss_iou: 0.133389 loss_dfl: 2.843281 eta: 0:39:58 batch_cost: 0.7858 data_cost: 0.0030 ips: 5.0907 images/s, max_mem_reserved: 2249 MB, max_mem_allocated: 2009 MB
[09/21 16:35:05] ppdet.engine.callbacks INFO: Epoch: [26] [210/266] learning_rate: 0.001680 loss: 1.279078 loss_cls: 0.790893 loss_iou: 0.139166 loss_dfl: 2.904856 eta: 0:39:52 batch_cost: 0.8812 data_cost: 0.0029 ips: 4.5390 images/s, max_mem_reserved: 2249 MB, max_mem_allocated: 2009 MB
[09/21 16:35:13] ppdet.engine.callbacks INFO: Epoch: [26] [220/266] learning_rate: 0.001675 loss: 1.223095 loss_cls: 0.785973 loss_iou: 0.124070 loss_dfl: 2.490053 eta: 0:39:46 batch_cost: 0.8424 data_cost: 0.0030 ips: 4.7482 images/s, max_mem_reserved: 2249 MB, max_mem_allocated: 2009 MB
[09/21 16:35:22] ppdet.engine.callbacks INFO: Epoch: [26] [230/266] learning_rate: 0.001671 loss: 1.218048 loss_cls: 0.777788 loss_iou: 0.126266 loss_dfl: 2.869786 eta: 0:39:40 batch_cost: 0.8206 data_cost: 0.0028 ips: 4.8745 images/s, max_mem_reserved: 2249 MB, max_mem_allocated: 2009 MB
[09/21 16:35:31] ppdet.engine.callbacks INFO: Epoch: [26] [240/266] learning_rate: 0.001666 loss: 1.217690 loss_cls: 0.801909 loss_iou: 0.119109 loss_dfl: 2.809609 eta: 0:39:34 batch_cost: 0.8230 data_cost: 0.0027 ips: 4.8605 images/s, max_mem_reserved: 2249 MB, max_mem_allocated: 2009 MB
[09/21 16:35:38] ppdet.engine.callbacks INFO: Epoch: [26] [250/266] learning_rate: 0.001661 loss: 1.288238 loss_cls: 0.818660 loss_iou: 0.128561 loss_dfl: 3.032134 eta: 0:39:28 batch_cost: 0.7481 data_cost: 0.0028 ips: 5.3465 images/s, max_mem_reserved: 2249 MB, max_mem_allocated: 2009 MB
[09/21 16:35:47] ppdet.engine.callbacks INFO: Epoch: [26] [260/266] learning_rate: 0.001656 loss: 1.268440 loss_cls: 0.796408 loss_iou: 0.141782 loss_dfl: 2.910975 eta: 0:39:21 batch_cost: 0.8040 data_cost: 0.0031 ips: 4.9752 images/s, max_mem_reserved: 2249 MB, max_mem_allocated: 2009 MB
[09/21 16:35:52] ppdet.engine.callbacks INFO: Epoch: [27] [  0/266] learning_rate: 0.001653 loss: 1.239836 loss_cls: 0.800163 loss_iou: 0.126741 loss_dfl: 2.787409 eta: 0:39:18 batch_cost: 0.8521 data_cost: 0.0277 ips: 4.6942 images/s, max_mem_reserved: 2249 MB, max_mem_allocated: 2009 MB
[09/21 16:36:01] ppdet.engine.callbacks INFO: Epoch: [27] [ 10/266] learning_rate: 0.001648 loss: 1.274911 loss_cls: 0.837350 loss_iou: 0.129233 loss_dfl: 2.591406 eta: 0:39:12 batch_cost: 0.8767 data_cost: 0.0022 ips: 4.5624 images/s, max_mem_reserved: 2249 MB, max_mem_allocated: 2009 MB
[09/21 16:36:11] ppdet.engine.callbacks INFO: Epoch: [27] [ 20/266] learning_rate: 0.001643 loss: 1.276845 loss_cls: 0.814591 loss_iou: 0.128362 loss_dfl: 2.423802 eta: 0:39:06 batch_cost: 0.9219 data_cost: 0.0029 ips: 4.3386 images/s, max_mem_reserved: 2249 MB, max_mem_allocated: 2009 MB
[09/21 16:36:20] ppdet.engine.callbacks INFO: Epoch: [27] [ 30/266] learning_rate: 0.001638 loss: 1.265017 loss_cls: 0.810673 loss_iou: 0.127634 loss_dfl: 2.661574 eta: 0:39:01 batch_cost: 0.9245 data_cost: 0.0030 ips: 4.3265 images/s, max_mem_reserved: 2249 MB, max_mem_allocated: 2009 MB
[09/21 16:36:30] ppdet.engine.callbacks INFO: Epoch: [27] [ 40/266] learning_rate: 0.001633 loss: 1.287333 loss_cls: 0.819421 loss_iou: 0.128139 loss_dfl: 2.680177 eta: 0:38:55 batch_cost: 0.9403 data_cost: 0.0027 ips: 4.2540 images/s, max_mem_reserved: 2249 MB, max_mem_allocated: 2009 MB
[09/21 16:36:39] ppdet.engine.callbacks INFO: Epoch: [27] [ 50/266] learning_rate: 0.001628 loss: 1.237857 loss_cls: 0.794123 loss_iou: 0.111175 loss_dfl: 2.817987 eta: 0:38:49 batch_cost: 0.8242 data_cost: 0.0031 ips: 4.8534 images/s, max_mem_reserved: 2249 MB, max_mem_allocated: 2009 MB
[09/21 16:36:47] ppdet.engine.callbacks INFO: Epoch: [27] [ 60/266] learning_rate: 0.001623 loss: 1.194097 loss_cls: 0.765945 loss_iou: 0.116627 loss_dfl: 2.187410 eta: 0:38:43 batch_cost: 0.8268 data_cost: 0.0030 ips: 4.8377 images/s, max_mem_reserved: 2249 MB, max_mem_allocated: 2009 MB
[09/21 16:36:55] ppdet.engine.callbacks INFO: Epoch: [27] [ 70/266] learning_rate: 0.001618 loss: 1.287434 loss_cls: 0.818391 loss_iou: 0.131719 loss_dfl: 2.638433 eta: 0:38:36 batch_cost: 0.7715 data_cost: 0.0029 ips: 5.1848 images/s, max_mem_reserved: 2249 MB, max_mem_allocated: 2009 MB
[09/21 16:37:05] ppdet.engine.callbacks INFO: Epoch: [27] [ 80/266] learning_rate: 0.001613 loss: 1.280348 loss_cls: 0.796168 loss_iou: 0.130528 loss_dfl: 2.862990 eta: 0:38:30 batch_cost: 0.8805 data_cost: 0.0031 ips: 4.5427 images/s, max_mem_reserved: 2249 MB, max_mem_allocated: 2009 MB
[09/21 16:37:13] ppdet.engine.callbacks INFO: Epoch: [27] [ 90/266] learning_rate: 0.001609 loss: 1.305508 loss_cls: 0.811409 loss_iou: 0.130584 loss_dfl: 2.787793 eta: 0:38:24 batch_cost: 0.8558 data_cost: 0.0031 ips: 4.6740 images/s, max_mem_reserved: 2249 MB, max_mem_allocated: 2009 MB
[09/21 16:37:23] ppdet.engine.callbacks INFO: Epoch: [27] [100/266] learning_rate: 0.001604 loss: 1.221657 loss_cls: 0.803250 loss_iou: 0.119889 loss_dfl: 2.614873 eta: 0:38:18 batch_cost: 0.8791 data_cost: 0.0027 ips: 4.5499 images/s, max_mem_reserved: 2249 MB, max_mem_allocated: 2009 MB
[09/21 16:37:32] ppdet.engine.callbacks INFO: Epoch: [27] [110/266] learning_rate: 0.001599 loss: 1.267136 loss_cls: 0.796053 loss_iou: 0.135873 loss_dfl: 3.239665 eta: 0:38:12 batch_cost: 0.9153 data_cost: 0.0032 ips: 4.3700 images/s, max_mem_reserved: 2249 MB, max_mem_allocated: 2009 MB
[09/21 16:37:42] ppdet.engine.callbacks INFO: Epoch: [27] [120/266] learning_rate: 0.001594 loss: 1.365650 loss_cls: 0.837245 loss_iou: 0.137659 loss_dfl: 2.721310 eta: 0:38:07 batch_cost: 0.9425 data_cost: 0.0027 ips: 4.2441 images/s, max_mem_reserved: 2249 MB, max_mem_allocated: 2009 MB
[09/21 16:37:52] ppdet.engine.callbacks INFO: Epoch: [27] [130/266] learning_rate: 0.001589 loss: 1.245680 loss_cls: 0.793238 loss_iou: 0.132430 loss_dfl: 2.561628 eta: 0:38:01 batch_cost: 0.9329 data_cost: 0.0030 ips: 4.2877 images/s, max_mem_reserved: 2249 MB, max_mem_allocated: 2009 MB
[09/21 16:38:00] ppdet.engine.callbacks INFO: Epoch: [27] [140/266] learning_rate: 0.001584 loss: 1.258696 loss_cls: 0.797540 loss_iou: 0.134418 loss_dfl: 2.923078 eta: 0:37:55 batch_cost: 0.8172 data_cost: 0.0027 ips: 4.8948 images/s, max_mem_reserved: 2249 MB, max_mem_allocated: 2009 MB
[09/21 16:38:09] ppdet.engine.callbacks INFO: Epoch: [27] [150/266] learning_rate: 0.001579 loss: 1.158880 loss_cls: 0.761841 loss_iou: 0.109477 loss_dfl: 2.447012 eta: 0:37:48 batch_cost: 0.7978 data_cost: 0.0027 ips: 5.0141 images/s, max_mem_reserved: 2249 MB, max_mem_allocated: 2009 MB
[09/21 16:38:18] ppdet.engine.callbacks INFO: Epoch: [27] [160/266] learning_rate: 0.001574 loss: 1.249677 loss_cls: 0.797785 loss_iou: 0.127142 loss_dfl: 2.624505 eta: 0:37:42 batch_cost: 0.8832 data_cost: 0.0026 ips: 4.5287 images/s, max_mem_reserved: 2249 MB, max_mem_allocated: 2009 MB
[09/21 16:38:27] ppdet.engine.callbacks INFO: Epoch: [27] [170/266] learning_rate: 0.001569 loss: 1.182043 loss_cls: 0.762478 loss_iou: 0.111334 loss_dfl: 2.685345 eta: 0:37:37 batch_cost: 0.9103 data_cost: 0.0029 ips: 4.3941 images/s, max_mem_reserved: 2249 MB, max_mem_allocated: 2009 MB
[09/21 16:38:36] ppdet.engine.callbacks INFO: Epoch: [27] [180/266] learning_rate: 0.001565 loss: 1.250978 loss_cls: 0.801370 loss_iou: 0.122095 loss_dfl: 2.926432 eta: 0:37:30 batch_cost: 0.8128 data_cost: 0.0029 ips: 4.9215 images/s, max_mem_reserved: 2249 MB, max_mem_allocated: 2009 MB
[09/21 16:38:46] ppdet.engine.callbacks INFO: Epoch: [27] [190/266] learning_rate: 0.001560 loss: 1.174625 loss_cls: 0.769669 loss_iou: 0.119822 loss_dfl: 2.445725 eta: 0:37:25 batch_cost: 1.0367 data_cost: 0.0031 ips: 3.8583 images/s, max_mem_reserved: 2249 MB, max_mem_allocated: 2009 MB
[09/21 16:38:55] ppdet.engine.callbacks INFO: Epoch: [27] [200/266] learning_rate: 0.001555 loss: 1.211064 loss_cls: 0.756590 loss_iou: 0.117560 loss_dfl: 2.877991 eta: 0:37:19 batch_cost: 0.8736 data_cost: 0.0026 ips: 4.5787 images/s, max_mem_reserved: 2249 MB, max_mem_allocated: 2009 MB
[09/21 16:39:03] ppdet.engine.callbacks INFO: Epoch: [27] [210/266] learning_rate: 0.001550 loss: 1.217508 loss_cls: 0.788321 loss_iou: 0.119393 loss_dfl: 2.651776 eta: 0:37:12 batch_cost: 0.7545 data_cost: 0.0029 ips: 5.3014 images/s, max_mem_reserved: 2249 MB, max_mem_allocated: 2009 MB
[09/21 16:39:12] ppdet.engine.callbacks INFO: Epoch: [27] [220/266] learning_rate: 0.001545 loss: 1.253825 loss_cls: 0.837744 loss_iou: 0.123256 loss_dfl: 2.122271 eta: 0:37:06 batch_cost: 0.8542 data_cost: 0.0029 ips: 4.6827 images/s, max_mem_reserved: 2249 MB, max_mem_allocated: 2009 MB
[09/21 16:39:22] ppdet.engine.callbacks INFO: Epoch: [27] [230/266] learning_rate: 0.001540 loss: 1.263404 loss_cls: 0.795501 loss_iou: 0.128964 loss_dfl: 2.805087 eta: 0:37:01 batch_cost: 0.9729 data_cost: 0.0028 ips: 4.1114 images/s, max_mem_reserved: 2249 MB, max_mem_allocated: 2009 MB
[09/21 16:39:31] ppdet.engine.callbacks INFO: Epoch: [27] [240/266] learning_rate: 0.001535 loss: 1.187370 loss_cls: 0.781359 loss_iou: 0.122605 loss_dfl: 2.613858 eta: 0:36:54 batch_cost: 0.8297 data_cost: 0.0030 ips: 4.8212 images/s, max_mem_reserved: 2249 MB, max_mem_allocated: 2009 MB
[09/21 16:39:39] ppdet.engine.callbacks INFO: Epoch: [27] [250/266] learning_rate: 0.001530 loss: 1.225564 loss_cls: 0.787871 loss_iou: 0.119394 loss_dfl: 2.403389 eta: 0:36:48 batch_cost: 0.7844 data_cost: 0.0030 ips: 5.0995 images/s, max_mem_reserved: 2249 MB, max_mem_allocated: 2009 MB
[09/21 16:39:48] ppdet.engine.callbacks INFO: Epoch: [27] [260/266] learning_rate: 0.001526 loss: 1.219202 loss_cls: 0.754224 loss_iou: 0.130938 loss_dfl: 3.050288 eta: 0:36:41 batch_cost: 0.8032 data_cost: 0.0029 ips: 4.9801 images/s, max_mem_reserved: 2249 MB, max_mem_allocated: 2009 MB
[09/21 16:39:53] ppdet.utils.checkpoint INFO: Save checkpoint: output_aug
[09/21 16:39:54] ppdet.engine.callbacks INFO: Eval iter: 0
[09/21 16:40:01] ppdet.metrics.metrics INFO: Accumulating evaluatation results...
[09/21 16:40:01] ppdet.metrics.metrics INFO: mAP(0.50, 11point) = 88.78%
[09/21 16:40:01] ppdet.engine.callbacks INFO: Total sample number: 100, average FPS: 12.555513108185057
[09/21 16:40:01] ppdet.engine INFO: Best test bbox ap is 0.888.
[09/21 16:40:02] ppdet.utils.checkpoint INFO: Save checkpoint: output_aug
[09/21 16:40:02] ppdet.engine.callbacks INFO: Epoch: [28] [  0/266] learning_rate: 0.001523 loss: 1.272494 loss_cls: 0.785328 loss_iou: 0.128138 loss_dfl: 2.837803 eta: 0:36:38 batch_cost: 0.7761 data_cost: 0.0024 ips: 5.1538 images/s, max_mem_reserved: 2249 MB, max_mem_allocated: 2009 MB
[09/21 16:40:13] ppdet.engine.callbacks INFO: Epoch: [28] [ 10/266] learning_rate: 0.001518 loss: 1.286782 loss_cls: 0.815081 loss_iou: 0.136662 loss_dfl: 2.842353 eta: 0:36:32 batch_cost: 0.9824 data_cost: 0.0028 ips: 4.0716 images/s, max_mem_reserved: 2249 MB, max_mem_allocated: 2009 MB
[09/21 16:40:20] ppdet.engine.callbacks INFO: Epoch: [28] [ 20/266] learning_rate: 0.001513 loss: 1.163051 loss_cls: 0.753240 loss_iou: 0.110776 loss_dfl: 2.643897 eta: 0:36:25 batch_cost: 0.7045 data_cost: 0.0029 ips: 5.6779 images/s, max_mem_reserved: 2249 MB, max_mem_allocated: 2009 MB
[09/21 16:40:30] ppdet.engine.callbacks INFO: Epoch: [28] [ 30/266] learning_rate: 0.001508 loss: 1.207522 loss_cls: 0.774219 loss_iou: 0.122084 loss_dfl: 2.484524 eta: 0:36:19 batch_cost: 0.9168 data_cost: 0.0032 ips: 4.3629 images/s, max_mem_reserved: 2249 MB, max_mem_allocated: 2009 MB
[09/21 16:40:37] ppdet.engine.callbacks INFO: Epoch: [28] [ 40/266] learning_rate: 0.001503 loss: 1.198904 loss_cls: 0.770864 loss_iou: 0.113868 loss_dfl: 2.846239 eta: 0:36:13 batch_cost: 0.7539 data_cost: 0.0028 ips: 5.3057 images/s, max_mem_reserved: 2249 MB, max_mem_allocated: 2009 MB
[09/21 16:40:46] ppdet.engine.callbacks INFO: Epoch: [28] [ 50/266] learning_rate: 0.001498 loss: 1.184749 loss_cls: 0.750131 loss_iou: 0.127185 loss_dfl: 2.718615 eta: 0:36:06 batch_cost: 0.8034 data_cost: 0.0028 ips: 4.9789 images/s, max_mem_reserved: 2249 MB, max_mem_allocated: 2009 MB
[09/21 16:40:54] ppdet.engine.callbacks INFO: Epoch: [28] [ 60/266] learning_rate: 0.001494 loss: 1.132071 loss_cls: 0.720337 loss_iou: 0.119645 loss_dfl: 2.531894 eta: 0:36:00 batch_cost: 0.7601 data_cost: 0.0032 ips: 5.2621 images/s, max_mem_reserved: 2249 MB, max_mem_allocated: 2009 MB
[09/21 16:41:03] ppdet.engine.callbacks INFO: Epoch: [28] [ 70/266] learning_rate: 0.001489 loss: 1.226867 loss_cls: 0.784700 loss_iou: 0.115965 loss_dfl: 2.796982 eta: 0:35:54 batch_cost: 0.9070 data_cost: 0.0028 ips: 4.4103 images/s, max_mem_reserved: 2249 MB, max_mem_allocated: 2009 MB
[09/21 16:41:14] ppdet.engine.callbacks INFO: Epoch: [28] [ 80/266] learning_rate: 0.001484 loss: 1.307565 loss_cls: 0.804967 loss_iou: 0.139765 loss_dfl: 2.870602 eta: 0:35:48 batch_cost: 1.0081 data_cost: 0.0029 ips: 3.9680 images/s, max_mem_reserved: 2249 MB, max_mem_allocated: 2009 MB
[09/21 16:41:22] ppdet.engine.callbacks INFO: Epoch: [28] [ 90/266] learning_rate: 0.001479 loss: 1.194545 loss_cls: 0.751402 loss_iou: 0.125835 loss_dfl: 2.484923 eta: 0:35:42 batch_cost: 0.8372 data_cost: 0.0028 ips: 4.7777 images/s, max_mem_reserved: 2249 MB, max_mem_allocated: 2009 MB
[09/21 16:41:31] ppdet.engine.callbacks INFO: Epoch: [28] [100/266] learning_rate: 0.001474 loss: 1.264093 loss_cls: 0.798732 loss_iou: 0.133171 loss_dfl: 2.487929 eta: 0:35:36 batch_cost: 0.8615 data_cost: 0.0029 ips: 4.6433 images/s, max_mem_reserved: 2249 MB, max_mem_allocated: 2009 MB
[09/21 16:41:41] ppdet.engine.callbacks INFO: Epoch: [28] [110/266] learning_rate: 0.001469 loss: 1.191648 loss_cls: 0.791294 loss_iou: 0.117123 loss_dfl: 2.625011 eta: 0:35:30 batch_cost: 0.9358 data_cost: 0.0031 ips: 4.2745 images/s, max_mem_reserved: 2249 MB, max_mem_allocated: 2009 MB
[09/21 16:41:53] ppdet.engine.callbacks INFO: Epoch: [28] [120/266] learning_rate: 0.001465 loss: 1.193324 loss_cls: 0.761492 loss_iou: 0.122868 loss_dfl: 2.885003 eta: 0:35:25 batch_cost: 1.1095 data_cost: 0.0032 ips: 3.6052 images/s, max_mem_reserved: 2249 MB, max_mem_allocated: 2009 MB
[09/21 16:42:02] ppdet.engine.callbacks INFO: Epoch: [28] [130/266] learning_rate: 0.001460 loss: 1.208017 loss_cls: 0.765753 loss_iou: 0.131047 loss_dfl: 2.713490 eta: 0:35:19 batch_cost: 0.8995 data_cost: 0.0029 ips: 4.4468 images/s, max_mem_reserved: 2249 MB, max_mem_allocated: 2009 MB
[09/21 16:42:12] ppdet.engine.callbacks INFO: Epoch: [28] [140/266] learning_rate: 0.001455 loss: 1.213729 loss_cls: 0.775867 loss_iou: 0.119188 loss_dfl: 2.830551 eta: 0:35:13 batch_cost: 0.9822 data_cost: 0.0029 ips: 4.0727 images/s, max_mem_reserved: 2249 MB, max_mem_allocated: 2009 MB
[09/21 16:42:21] ppdet.engine.callbacks INFO: Epoch: [28] [150/266] learning_rate: 0.001450 loss: 1.182382 loss_cls: 0.738537 loss_iou: 0.118867 loss_dfl: 2.569778 eta: 0:35:07 batch_cost: 0.8583 data_cost: 0.0028 ips: 4.6604 images/s, max_mem_reserved: 2249 MB, max_mem_allocated: 2009 MB
[09/21 16:42:31] ppdet.engine.callbacks INFO: Epoch: [28] [160/266] learning_rate: 0.001445 loss: 1.201080 loss_cls: 0.777248 loss_iou: 0.119697 loss_dfl: 2.721959 eta: 0:35:01 batch_cost: 0.9381 data_cost: 0.0029 ips: 4.2639 images/s, max_mem_reserved: 2249 MB, max_mem_allocated: 2009 MB
[09/21 16:42:40] ppdet.engine.callbacks INFO: Epoch: [28] [170/266] learning_rate: 0.001441 loss: 1.200982 loss_cls: 0.805182 loss_iou: 0.109789 loss_dfl: 2.620870 eta: 0:34:55 batch_cost: 0.9244 data_cost: 0.0029 ips: 4.3269 images/s, max_mem_reserved: 2249 MB, max_mem_allocated: 2009 MB
[09/21 16:42:50] ppdet.engine.callbacks INFO: Epoch: [28] [180/266] learning_rate: 0.001436 loss: 1.175703 loss_cls: 0.755583 loss_iou: 0.118908 loss_dfl: 2.365816 eta: 0:34:48 batch_cost: 0.9176 data_cost: 0.0029 ips: 4.3591 images/s, max_mem_reserved: 2249 MB, max_mem_allocated: 2009 MB
[09/21 16:43:00] ppdet.engine.callbacks INFO: Epoch: [28] [190/266] learning_rate: 0.001431 loss: 1.251686 loss_cls: 0.801538 loss_iou: 0.124281 loss_dfl: 2.595680 eta: 0:34:43 batch_cost: 0.9948 data_cost: 0.0029 ips: 4.0207 images/s, max_mem_reserved: 2249 MB, max_mem_allocated: 2009 MB
[09/21 16:43:09] ppdet.engine.callbacks INFO: Epoch: [28] [200/266] learning_rate: 0.001426 loss: 1.246795 loss_cls: 0.763678 loss_iou: 0.126219 loss_dfl: 2.836040 eta: 0:34:37 batch_cost: 0.8808 data_cost: 0.0030 ips: 4.5412 images/s, max_mem_reserved: 2249 MB, max_mem_allocated: 2009 MB
[09/21 16:43:20] ppdet.engine.callbacks INFO: Epoch: [28] [210/266] learning_rate: 0.001421 loss: 1.214605 loss_cls: 0.771786 loss_iou: 0.122963 loss_dfl: 2.450896 eta: 0:34:31 batch_cost: 1.0107 data_cost: 0.0025 ips: 3.9578 images/s, max_mem_reserved: 2249 MB, max_mem_allocated: 2009 MB
[09/21 16:43:29] ppdet.engine.callbacks INFO: Epoch: [28] [220/266] learning_rate: 0.001417 loss: 1.249754 loss_cls: 0.787246 loss_iou: 0.134145 loss_dfl: 2.554092 eta: 0:34:25 batch_cost: 0.9074 data_cost: 0.0024 ips: 4.4080 images/s, max_mem_reserved: 2249 MB, max_mem_allocated: 2009 MB
[09/21 16:43:39] ppdet.engine.callbacks INFO: Epoch: [28] [230/266] learning_rate: 0.001412 loss: 1.240181 loss_cls: 0.786046 loss_iou: 0.130124 loss_dfl: 2.793634 eta: 0:34:19 batch_cost: 0.9535 data_cost: 0.0025 ips: 4.1952 images/s, max_mem_reserved: 2249 MB, max_mem_allocated: 2009 MB
[09/21 16:43:48] ppdet.engine.callbacks INFO: Epoch: [28] [240/266] learning_rate: 0.001407 loss: 1.246173 loss_cls: 0.778991 loss_iou: 0.133824 loss_dfl: 2.923886 eta: 0:34:12 batch_cost: 0.8289 data_cost: 0.0030 ips: 4.8256 images/s, max_mem_reserved: 2249 MB, max_mem_allocated: 2009 MB
[09/21 16:43:58] ppdet.engine.callbacks INFO: Epoch: [28] [250/266] learning_rate: 0.001402 loss: 1.195015 loss_cls: 0.789707 loss_iou: 0.115611 loss_dfl: 2.269590 eta: 0:34:06 batch_cost: 0.9533 data_cost: 0.0031 ips: 4.1958 images/s, max_mem_reserved: 2249 MB, max_mem_allocated: 2009 MB
[09/21 16:44:07] ppdet.engine.callbacks INFO: Epoch: [28] [260/266] learning_rate: 0.001398 loss: 1.242792 loss_cls: 0.780611 loss_iou: 0.129541 loss_dfl: 2.897522 eta: 0:34:00 batch_cost: 0.8835 data_cost: 0.0029 ips: 4.5272 images/s, max_mem_reserved: 2249 MB, max_mem_allocated: 2009 MB
[09/21 16:44:12] ppdet.engine.callbacks INFO: Epoch: [29] [  0/266] learning_rate: 0.001395 loss: 1.242959 loss_cls: 0.795483 loss_iou: 0.126143 loss_dfl: 2.782881 eta: 0:33:56 batch_cost: 0.9067 data_cost: 0.0322 ips: 4.4114 images/s, max_mem_reserved: 2249 MB, max_mem_allocated: 2009 MB
[09/21 16:44:22] ppdet.engine.callbacks INFO: Epoch: [29] [ 10/266] learning_rate: 0.001390 loss: 1.243237 loss_cls: 0.774315 loss_iou: 0.131480 loss_dfl: 2.616220 eta: 0:33:50 batch_cost: 0.9626 data_cost: 0.0023 ips: 4.1554 images/s, max_mem_reserved: 2249 MB, max_mem_allocated: 2009 MB
[09/21 16:44:30] ppdet.engine.callbacks INFO: Epoch: [29] [ 20/266] learning_rate: 0.001385 loss: 1.209238 loss_cls: 0.764980 loss_iou: 0.121345 loss_dfl: 2.982347 eta: 0:33:44 batch_cost: 0.7720 data_cost: 0.0026 ips: 5.1810 images/s, max_mem_reserved: 2249 MB, max_mem_allocated: 2009 MB
[09/21 16:44:39] ppdet.engine.callbacks INFO: Epoch: [29] [ 30/266] learning_rate: 0.001380 loss: 1.274286 loss_cls: 0.791366 loss_iou: 0.127716 loss_dfl: 2.790948 eta: 0:33:37 batch_cost: 0.8590 data_cost: 0.0029 ips: 4.6567 images/s, max_mem_reserved: 2249 MB, max_mem_allocated: 2009 MB
[09/21 16:44:48] ppdet.engine.callbacks INFO: Epoch: [29] [ 40/266] learning_rate: 0.001376 loss: 1.192021 loss_cls: 0.764706 loss_iou: 0.114517 loss_dfl: 2.842640 eta: 0:33:31 batch_cost: 0.8615 data_cost: 0.0026 ips: 4.6429 images/s, max_mem_reserved: 2249 MB, max_mem_allocated: 2009 MB
[09/21 16:44:58] ppdet.engine.callbacks INFO: Epoch: [29] [ 50/266] learning_rate: 0.001371 loss: 1.269016 loss_cls: 0.816864 loss_iou: 0.128628 loss_dfl: 2.353105 eta: 0:33:25 batch_cost: 0.8830 data_cost: 0.0031 ips: 4.5301 images/s, max_mem_reserved: 2249 MB, max_mem_allocated: 2009 MB
[09/21 16:45:06] ppdet.engine.callbacks INFO: Epoch: [29] [ 60/266] learning_rate: 0.001366 loss: 1.250011 loss_cls: 0.778315 loss_iou: 0.128177 loss_dfl: 2.834859 eta: 0:33:18 batch_cost: 0.8318 data_cost: 0.0030 ips: 4.8088 images/s, max_mem_reserved: 2249 MB, max_mem_allocated: 2009 MB
[09/21 16:45:16] ppdet.engine.callbacks INFO: Epoch: [29] [ 70/266] learning_rate: 0.001361 loss: 1.256875 loss_cls: 0.796544 loss_iou: 0.135649 loss_dfl: 2.482230 eta: 0:33:12 batch_cost: 0.9759 data_cost: 0.0028 ips: 4.0987 images/s, max_mem_reserved: 2249 MB, max_mem_allocated: 2009 MB
[09/21 16:45:24] ppdet.engine.callbacks INFO: Epoch: [29] [ 80/266] learning_rate: 0.001357 loss: 1.232023 loss_cls: 0.801462 loss_iou: 0.113804 loss_dfl: 2.828683 eta: 0:33:05 batch_cost: 0.7236 data_cost: 0.0031 ips: 5.5276 images/s, max_mem_reserved: 2249 MB, max_mem_allocated: 2009 MB
[09/21 16:45:35] ppdet.engine.callbacks INFO: Epoch: [29] [ 90/266] learning_rate: 0.001352 loss: 1.183021 loss_cls: 0.783062 loss_iou: 0.111679 loss_dfl: 2.816723 eta: 0:33:00 batch_cost: 1.0416 data_cost: 0.0028 ips: 3.8402 images/s, max_mem_reserved: 2249 MB, max_mem_allocated: 2009 MB
[09/21 16:45:44] ppdet.engine.callbacks INFO: Epoch: [29] [100/266] learning_rate: 0.001347 loss: 1.197739 loss_cls: 0.765935 loss_iou: 0.122767 loss_dfl: 2.740093 eta: 0:32:53 batch_cost: 0.8837 data_cost: 0.0028 ips: 4.5265 images/s, max_mem_reserved: 2249 MB, max_mem_allocated: 2009 MB
[09/21 16:45:54] ppdet.engine.callbacks INFO: Epoch: [29] [110/266] learning_rate: 0.001343 loss: 1.131046 loss_cls: 0.740572 loss_iou: 0.105270 loss_dfl: 2.456575 eta: 0:32:47 batch_cost: 0.9476 data_cost: 0.0026 ips: 4.2210 images/s, max_mem_reserved: 2249 MB, max_mem_allocated: 2009 MB
[09/21 16:46:03] ppdet.engine.callbacks INFO: Epoch: [29] [120/266] learning_rate: 0.001338 loss: 1.176497 loss_cls: 0.764545 loss_iou: 0.113998 loss_dfl: 2.589129 eta: 0:32:41 batch_cost: 0.8504 data_cost: 0.0028 ips: 4.7034 images/s, max_mem_reserved: 2249 MB, max_mem_allocated: 2009 MB
[09/21 16:46:12] ppdet.engine.callbacks INFO: Epoch: [29] [130/266] learning_rate: 0.001333 loss: 1.230162 loss_cls: 0.792991 loss_iou: 0.126399 loss_dfl: 2.413418 eta: 0:32:34 batch_cost: 0.8793 data_cost: 0.0029 ips: 4.5492 images/s, max_mem_reserved: 2249 MB, max_mem_allocated: 2009 MB
[09/21 16:46:21] ppdet.engine.callbacks INFO: Epoch: [29] [140/266] learning_rate: 0.001328 loss: 1.199308 loss_cls: 0.777901 loss_iou: 0.114027 loss_dfl: 2.812896 eta: 0:32:28 batch_cost: 0.8608 data_cost: 0.0027 ips: 4.6469 images/s, max_mem_reserved: 2249 MB, max_mem_allocated: 2009 MB
[09/21 16:46:30] ppdet.engine.callbacks INFO: Epoch: [29] [150/266] learning_rate: 0.001324 loss: 1.283015 loss_cls: 0.807246 loss_iou: 0.129289 loss_dfl: 2.848643 eta: 0:32:22 batch_cost: 0.8650 data_cost: 0.0030 ips: 4.6245 images/s, max_mem_reserved: 2249 MB, max_mem_allocated: 2009 MB
[09/21 16:46:39] ppdet.engine.callbacks INFO: Epoch: [29] [160/266] learning_rate: 0.001319 loss: 1.146603 loss_cls: 0.750257 loss_iou: 0.119841 loss_dfl: 2.583579 eta: 0:32:15 batch_cost: 0.8609 data_cost: 0.0027 ips: 4.6462 images/s, max_mem_reserved: 2249 MB, max_mem_allocated: 2009 MB
[09/21 16:46:47] ppdet.engine.callbacks INFO: Epoch: [29] [170/266] learning_rate: 0.001314 loss: 1.203776 loss_cls: 0.764303 loss_iou: 0.119090 loss_dfl: 2.565794 eta: 0:32:09 batch_cost: 0.7968 data_cost: 0.0026 ips: 5.0202 images/s, max_mem_reserved: 2249 MB, max_mem_allocated: 2009 MB
[09/21 16:46:57] ppdet.engine.callbacks INFO: Epoch: [29] [180/266] learning_rate: 0.001310 loss: 1.156563 loss_cls: 0.744938 loss_iou: 0.114563 loss_dfl: 2.420275 eta: 0:32:02 batch_cost: 0.9485 data_cost: 0.0028 ips: 4.2174 images/s, max_mem_reserved: 2249 MB, max_mem_allocated: 2009 MB
[09/21 16:47:06] ppdet.engine.callbacks INFO: Epoch: [29] [190/266] learning_rate: 0.001305 loss: 1.231564 loss_cls: 0.810079 loss_iou: 0.130443 loss_dfl: 2.475392 eta: 0:31:56 batch_cost: 0.9102 data_cost: 0.0028 ips: 4.3944 images/s, max_mem_reserved: 2249 MB, max_mem_allocated: 2009 MB
[09/21 16:47:15] ppdet.engine.callbacks INFO: Epoch: [29] [200/266] learning_rate: 0.001300 loss: 1.185965 loss_cls: 0.764150 loss_iou: 0.119297 loss_dfl: 2.263496 eta: 0:31:49 batch_cost: 0.7912 data_cost: 0.0028 ips: 5.0556 images/s, max_mem_reserved: 2249 MB, max_mem_allocated: 2009 MB
[09/21 16:47:24] ppdet.engine.callbacks INFO: Epoch: [29] [210/266] learning_rate: 0.001296 loss: 1.224365 loss_cls: 0.793130 loss_iou: 0.124542 loss_dfl: 2.822637 eta: 0:31:43 batch_cost: 0.9331 data_cost: 0.0032 ips: 4.2870 images/s, max_mem_reserved: 2249 MB, max_mem_allocated: 2009 MB
[09/21 16:47:33] ppdet.engine.callbacks INFO: Epoch: [29] [220/266] learning_rate: 0.001291 loss: 1.220415 loss_cls: 0.767356 loss_iou: 0.122395 loss_dfl: 2.792836 eta: 0:31:36 batch_cost: 0.7742 data_cost: 0.0029 ips: 5.1668 images/s, max_mem_reserved: 2249 MB, max_mem_allocated: 2009 MB
[09/21 16:47:43] ppdet.engine.callbacks INFO: Epoch: [29] [230/266] learning_rate: 0.001286 loss: 1.317549 loss_cls: 0.828298 loss_iou: 0.137168 loss_dfl: 2.949921 eta: 0:31:30 batch_cost: 0.9541 data_cost: 0.0026 ips: 4.1926 images/s, max_mem_reserved: 2249 MB, max_mem_allocated: 2009 MB
[09/21 16:47:51] ppdet.engine.callbacks INFO: Epoch: [29] [240/266] learning_rate: 0.001282 loss: 1.165766 loss_cls: 0.744311 loss_iou: 0.112725 loss_dfl: 2.578295 eta: 0:31:24 batch_cost: 0.8040 data_cost: 0.0032 ips: 4.9751 images/s, max_mem_reserved: 2249 MB, max_mem_allocated: 2009 MB
[09/21 16:47:59] ppdet.engine.callbacks INFO: Epoch: [29] [250/266] learning_rate: 0.001277 loss: 1.269331 loss_cls: 0.786509 loss_iou: 0.131017 loss_dfl: 3.037008 eta: 0:31:17 batch_cost: 0.7264 data_cost: 0.0031 ips: 5.5070 images/s, max_mem_reserved: 2249 MB, max_mem_allocated: 2009 MB
[09/21 16:48:07] ppdet.engine.callbacks INFO: Epoch: [29] [260/266] learning_rate: 0.001272 loss: 1.226521 loss_cls: 0.761193 loss_iou: 0.134724 loss_dfl: 2.637165 eta: 0:31:10 batch_cost: 0.8528 data_cost: 0.0027 ips: 4.6907 images/s, max_mem_reserved: 2249 MB, max_mem_allocated: 2009 MB
[09/21 16:48:13] ppdet.engine.callbacks INFO: Epoch: [30] [  0/266] learning_rate: 0.001269 loss: 1.202745 loss_cls: 0.769140 loss_iou: 0.119156 loss_dfl: 2.858839 eta: 0:31:06 batch_cost: 0.8377 data_cost: 0.0334 ips: 4.7749 images/s, max_mem_reserved: 2249 MB, max_mem_allocated: 2009 MB
[09/21 16:48:21] ppdet.engine.callbacks INFO: Epoch: [30] [ 10/266] learning_rate: 0.001265 loss: 1.145545 loss_cls: 0.760403 loss_iou: 0.111106 loss_dfl: 2.026094 eta: 0:31:00 batch_cost: 0.8351 data_cost: 0.0027 ips: 4.7899 images/s, max_mem_reserved: 2249 MB, max_mem_allocated: 2009 MB
[09/21 16:48:31] ppdet.engine.callbacks INFO: Epoch: [30] [ 20/266] learning_rate: 0.001260 loss: 1.178341 loss_cls: 0.745939 loss_iou: 0.116780 loss_dfl: 2.641494 eta: 0:30:53 batch_cost: 0.9334 data_cost: 0.0028 ips: 4.2853 images/s, max_mem_reserved: 2249 MB, max_mem_allocated: 2009 MB
[09/21 16:48:41] ppdet.engine.callbacks INFO: Epoch: [30] [ 30/266] learning_rate: 0.001255 loss: 1.270082 loss_cls: 0.781869 loss_iou: 0.135565 loss_dfl: 2.785980 eta: 0:30:47 batch_cost: 0.9060 data_cost: 0.0029 ips: 4.4149 images/s, max_mem_reserved: 2249 MB, max_mem_allocated: 2009 MB
[09/21 16:48:49] ppdet.engine.callbacks INFO: Epoch: [30] [ 40/266] learning_rate: 0.001251 loss: 1.206605 loss_cls: 0.774493 loss_iou: 0.110319 loss_dfl: 2.594617 eta: 0:30:40 batch_cost: 0.8137 data_cost: 0.0026 ips: 4.9160 images/s, max_mem_reserved: 2249 MB, max_mem_allocated: 2009 MB
[09/21 16:48:58] ppdet.engine.callbacks INFO: Epoch: [30] [ 50/266] learning_rate: 0.001246 loss: 1.226523 loss_cls: 0.777348 loss_iou: 0.130828 loss_dfl: 2.342280 eta: 0:30:34 batch_cost: 0.8409 data_cost: 0.0029 ips: 4.7566 images/s, max_mem_reserved: 2249 MB, max_mem_allocated: 2009 MB
[09/21 16:49:07] ppdet.engine.callbacks INFO: Epoch: [30] [ 60/266] learning_rate: 0.001242 loss: 1.186735 loss_cls: 0.805213 loss_iou: 0.118313 loss_dfl: 2.695545 eta: 0:30:27 batch_cost: 0.8351 data_cost: 0.0029 ips: 4.7901 images/s, max_mem_reserved: 2249 MB, max_mem_allocated: 2009 MB
[09/21 16:49:17] ppdet.engine.callbacks INFO: Epoch: [30] [ 70/266] learning_rate: 0.001237 loss: 1.274695 loss_cls: 0.806609 loss_iou: 0.122657 loss_dfl: 2.693911 eta: 0:30:21 batch_cost: 0.9809 data_cost: 0.0030 ips: 4.0779 images/s, max_mem_reserved: 2249 MB, max_mem_allocated: 2009 MB
[09/21 16:49:25] ppdet.engine.callbacks INFO: Epoch: [30] [ 80/266] learning_rate: 0.001232 loss: 1.164848 loss_cls: 0.736892 loss_iou: 0.121285 loss_dfl: 2.751382 eta: 0:30:14 batch_cost: 0.8065 data_cost: 0.0031 ips: 4.9599 images/s, max_mem_reserved: 2249 MB, max_mem_allocated: 2009 MB
[09/21 16:49:35] ppdet.engine.callbacks INFO: Epoch: [30] [ 90/266] learning_rate: 0.001228 loss: 1.250806 loss_cls: 0.796080 loss_iou: 0.132616 loss_dfl: 2.470676 eta: 0:30:08 batch_cost: 0.9645 data_cost: 0.0026 ips: 4.1474 images/s, max_mem_reserved: 2249 MB, max_mem_allocated: 2009 MB
[09/21 16:49:43] ppdet.engine.callbacks INFO: Epoch: [30] [100/266] learning_rate: 0.001223 loss: 1.204022 loss_cls: 0.782822 loss_iou: 0.116211 loss_dfl: 2.720789 eta: 0:30:01 batch_cost: 0.7893 data_cost: 0.0025 ips: 5.0675 images/s, max_mem_reserved: 2249 MB, max_mem_allocated: 2009 MB
[09/21 16:49:51] ppdet.engine.callbacks INFO: Epoch: [30] [110/266] learning_rate: 0.001218 loss: 1.192294 loss_cls: 0.795007 loss_iou: 0.114529 loss_dfl: 2.488207 eta: 0:29:54 batch_cost: 0.7039 data_cost: 0.0029 ips: 5.6827 images/s, max_mem_reserved: 2249 MB, max_mem_allocated: 2009 MB
[09/21 16:50:00] ppdet.engine.callbacks INFO: Epoch: [30] [120/266] learning_rate: 0.001214 loss: 1.217332 loss_cls: 0.792921 loss_iou: 0.114490 loss_dfl: 2.536254 eta: 0:29:48 batch_cost: 0.8948 data_cost: 0.0028 ips: 4.4704 images/s, max_mem_reserved: 2249 MB, max_mem_allocated: 2009 MB
[09/21 16:50:09] ppdet.engine.callbacks INFO: Epoch: [30] [130/266] learning_rate: 0.001209 loss: 1.288328 loss_cls: 0.796827 loss_iou: 0.130773 loss_dfl: 2.898139 eta: 0:29:41 batch_cost: 0.8718 data_cost: 0.0030 ips: 4.5884 images/s, max_mem_reserved: 2249 MB, max_mem_allocated: 2009 MB
[09/21 16:50:18] ppdet.engine.callbacks INFO: Epoch: [30] [140/266] learning_rate: 0.001205 loss: 1.306032 loss_cls: 0.818130 loss_iou: 0.125211 loss_dfl: 2.962042 eta: 0:29:35 batch_cost: 0.8133 data_cost: 0.0028 ips: 4.9182 images/s, max_mem_reserved: 2249 MB, max_mem_allocated: 2009 MB
[09/21 16:50:26] ppdet.engine.callbacks INFO: Epoch: [30] [150/266] learning_rate: 0.001200 loss: 1.199829 loss_cls: 0.828458 loss_iou: 0.118730 loss_dfl: 2.217499 eta: 0:29:28 batch_cost: 0.7888 data_cost: 0.0030 ips: 5.0709 images/s, max_mem_reserved: 2249 MB, max_mem_allocated: 2009 MB
[09/21 16:50:34] ppdet.engine.callbacks INFO: Epoch: [30] [160/266] learning_rate: 0.001196 loss: 1.146169 loss_cls: 0.732408 loss_iou: 0.114650 loss_dfl: 2.604946 eta: 0:29:21 batch_cost: 0.7447 data_cost: 0.0030 ips: 5.3714 images/s, max_mem_reserved: 2249 MB, max_mem_allocated: 2009 MB
[09/21 16:50:42] ppdet.engine.callbacks INFO: Epoch: [30] [170/266] learning_rate: 0.001191 loss: 1.132481 loss_cls: 0.741801 loss_iou: 0.110484 loss_dfl: 2.445050 eta: 0:29:14 batch_cost: 0.8155 data_cost: 0.0030 ips: 4.9052 images/s, max_mem_reserved: 2249 MB, max_mem_allocated: 2009 MB
[09/21 16:50:50] ppdet.engine.callbacks INFO: Epoch: [30] [180/266] learning_rate: 0.001186 loss: 1.206098 loss_cls: 0.771241 loss_iou: 0.123412 loss_dfl: 2.542256 eta: 0:29:07 batch_cost: 0.7535 data_cost: 0.0029 ips: 5.3088 images/s, max_mem_reserved: 2249 MB, max_mem_allocated: 2009 MB
[09/21 16:50:59] ppdet.engine.callbacks INFO: Epoch: [30] [190/266] learning_rate: 0.001182 loss: 1.260915 loss_cls: 0.812807 loss_iou: 0.125073 loss_dfl: 2.473527 eta: 0:29:01 batch_cost: 0.8160 data_cost: 0.0028 ips: 4.9022 images/s, max_mem_reserved: 2249 MB, max_mem_allocated: 2009 MB
[09/21 16:51:09] ppdet.engine.callbacks INFO: Epoch: [30] [200/266] learning_rate: 0.001177 loss: 1.239272 loss_cls: 0.792158 loss_iou: 0.134436 loss_dfl: 3.038701 eta: 0:28:54 batch_cost: 0.9410 data_cost: 0.0028 ips: 4.2509 images/s, max_mem_reserved: 2249 MB, max_mem_allocated: 2009 MB
[09/21 16:51:17] ppdet.engine.callbacks INFO: Epoch: [30] [210/266] learning_rate: 0.001173 loss: 1.233096 loss_cls: 0.780716 loss_iou: 0.128851 loss_dfl: 2.949092 eta: 0:28:48 batch_cost: 0.8393 data_cost: 0.0030 ips: 4.7660 images/s, max_mem_reserved: 2249 MB, max_mem_allocated: 2009 MB
[09/21 16:51:28] ppdet.engine.callbacks INFO: Epoch: [30] [220/266] learning_rate: 0.001168 loss: 1.231175 loss_cls: 0.779432 loss_iou: 0.128033 loss_dfl: 2.718840 eta: 0:28:42 batch_cost: 1.0352 data_cost: 0.0026 ips: 3.8639 images/s, max_mem_reserved: 2249 MB, max_mem_allocated: 2009 MB
[09/21 16:51:37] ppdet.engine.callbacks INFO: Epoch: [30] [230/266] learning_rate: 0.001164 loss: 1.197467 loss_cls: 0.761059 loss_iou: 0.125849 loss_dfl: 2.735242 eta: 0:28:35 batch_cost: 0.8118 data_cost: 0.0029 ips: 4.9270 images/s, max_mem_reserved: 2249 MB, max_mem_allocated: 2009 MB
[09/21 16:51:44] ppdet.engine.callbacks INFO: Epoch: [30] [240/266] learning_rate: 0.001159 loss: 1.227714 loss_cls: 0.808384 loss_iou: 0.120531 loss_dfl: 2.325753 eta: 0:28:28 batch_cost: 0.7562 data_cost: 0.0033 ips: 5.2894 images/s, max_mem_reserved: 2249 MB, max_mem_allocated: 2009 MB
[09/21 16:51:54] ppdet.engine.callbacks INFO: Epoch: [30] [250/266] learning_rate: 0.001155 loss: 1.205895 loss_cls: 0.783740 loss_iou: 0.128677 loss_dfl: 2.429170 eta: 0:28:21 batch_cost: 0.8823 data_cost: 0.0029 ips: 4.5334 images/s, max_mem_reserved: 2249 MB, max_mem_allocated: 2009 MB
[09/21 16:52:02] ppdet.engine.callbacks INFO: Epoch: [30] [260/266] learning_rate: 0.001150 loss: 1.262809 loss_cls: 0.768024 loss_iou: 0.125546 loss_dfl: 2.663827 eta: 0:28:15 batch_cost: 0.7545 data_cost: 0.0030 ips: 5.3016 images/s, max_mem_reserved: 2249 MB, max_mem_allocated: 2009 MB
[09/21 16:52:08] ppdet.engine.callbacks INFO: Epoch: [31] [  0/266] learning_rate: 0.001147 loss: 1.278319 loss_cls: 0.826107 loss_iou: 0.132102 loss_dfl: 2.786893 eta: 0:28:11 batch_cost: 0.9540 data_cost: 0.0312 ips: 4.1929 images/s, max_mem_reserved: 2249 MB, max_mem_allocated: 2009 MB
[09/21 16:52:17] ppdet.engine.callbacks INFO: Epoch: [31] [ 10/266] learning_rate: 0.001143 loss: 1.245464 loss_cls: 0.817248 loss_iou: 0.126295 loss_dfl: 2.499848 eta: 0:28:04 batch_cost: 0.8861 data_cost: 0.0033 ips: 4.5144 images/s, max_mem_reserved: 2249 MB, max_mem_allocated: 2009 MB
[09/21 16:52:26] ppdet.engine.callbacks INFO: Epoch: [31] [ 20/266] learning_rate: 0.001138 loss: 1.238452 loss_cls: 0.799189 loss_iou: 0.130942 loss_dfl: 2.572140 eta: 0:27:58 batch_cost: 0.8899 data_cost: 0.0030 ips: 4.4950 images/s, max_mem_reserved: 2249 MB, max_mem_allocated: 2009 MB
[09/21 16:52:34] ppdet.engine.callbacks INFO: Epoch: [31] [ 30/266] learning_rate: 0.001134 loss: 1.210410 loss_cls: 0.794824 loss_iou: 0.115631 loss_dfl: 2.754858 eta: 0:27:51 batch_cost: 0.7779 data_cost: 0.0028 ips: 5.1422 images/s, max_mem_reserved: 2249 MB, max_mem_allocated: 2009 MB
[09/21 16:52:43] ppdet.engine.callbacks INFO: Epoch: [31] [ 40/266] learning_rate: 0.001129 loss: 1.182657 loss_cls: 0.809459 loss_iou: 0.116604 loss_dfl: 2.577367 eta: 0:27:44 batch_cost: 0.8177 data_cost: 0.0030 ips: 4.8916 images/s, max_mem_reserved: 2249 MB, max_mem_allocated: 2009 MB
[09/21 16:52:53] ppdet.engine.callbacks INFO: Epoch: [31] [ 50/266] learning_rate: 0.001125 loss: 1.281332 loss_cls: 0.818196 loss_iou: 0.123776 loss_dfl: 2.886194 eta: 0:27:38 batch_cost: 0.9611 data_cost: 0.0024 ips: 4.1621 images/s, max_mem_reserved: 2249 MB, max_mem_allocated: 2009 MB
[09/21 16:53:01] ppdet.engine.callbacks INFO: Epoch: [31] [ 60/266] learning_rate: 0.001120 loss: 1.230648 loss_cls: 0.796384 loss_iou: 0.125411 loss_dfl: 3.181200 eta: 0:27:31 batch_cost: 0.7672 data_cost: 0.0028 ips: 5.2135 images/s, max_mem_reserved: 2249 MB, max_mem_allocated: 2009 MB
[09/21 16:53:10] ppdet.engine.callbacks INFO: Epoch: [31] [ 70/266] learning_rate: 0.001116 loss: 1.256738 loss_cls: 0.798499 loss_iou: 0.123503 loss_dfl: 2.621737 eta: 0:27:24 batch_cost: 0.8304 data_cost: 0.0032 ips: 4.8168 images/s, max_mem_reserved: 2249 MB, max_mem_allocated: 2009 MB
[09/21 16:53:18] ppdet.engine.callbacks INFO: Epoch: [31] [ 80/266] learning_rate: 0.001111 loss: 1.218462 loss_cls: 0.792038 loss_iou: 0.126032 loss_dfl: 2.370494 eta: 0:27:17 batch_cost: 0.7522 data_cost: 0.0028 ips: 5.3178 images/s, max_mem_reserved: 2249 MB, max_mem_allocated: 2009 MB
[09/21 16:53:26] ppdet.engine.callbacks INFO: Epoch: [31] [ 90/266] learning_rate: 0.001107 loss: 1.215640 loss_cls: 0.787142 loss_iou: 0.121339 loss_dfl: 2.592194 eta: 0:27:10 batch_cost: 0.7638 data_cost: 0.0029 ips: 5.2370 images/s, max_mem_reserved: 2249 MB, max_mem_allocated: 2009 MB
[09/21 16:53:33] ppdet.engine.callbacks INFO: Epoch: [31] [100/266] learning_rate: 0.001102 loss: 1.203197 loss_cls: 0.780333 loss_iou: 0.115612 loss_dfl: 2.510212 eta: 0:27:03 batch_cost: 0.7237 data_cost: 0.0026 ips: 5.5274 images/s, max_mem_reserved: 2249 MB, max_mem_allocated: 2009 MB
[09/21 16:53:43] ppdet.engine.callbacks INFO: Epoch: [31] [110/266] learning_rate: 0.001098 loss: 1.236867 loss_cls: 0.785268 loss_iou: 0.121240 loss_dfl: 3.068676 eta: 0:26:57 batch_cost: 0.9316 data_cost: 0.0030 ips: 4.2936 images/s, max_mem_reserved: 2249 MB, max_mem_allocated: 2009 MB
[09/21 16:53:51] ppdet.engine.callbacks INFO: Epoch: [31] [120/266] learning_rate: 0.001093 loss: 1.256602 loss_cls: 0.798229 loss_iou: 0.133612 loss_dfl: 2.796345 eta: 0:26:50 batch_cost: 0.8217 data_cost: 0.0030 ips: 4.8681 images/s, max_mem_reserved: 2249 MB, max_mem_allocated: 2009 MB
[09/21 16:53:59] ppdet.engine.callbacks INFO: Epoch: [31] [130/266] learning_rate: 0.001089 loss: 1.236354 loss_cls: 0.782387 loss_iou: 0.126067 loss_dfl: 2.603296 eta: 0:26:43 batch_cost: 0.7271 data_cost: 0.0029 ips: 5.5016 images/s, max_mem_reserved: 2249 MB, max_mem_allocated: 2009 MB
[09/21 16:54:09] ppdet.engine.callbacks INFO: Epoch: [31] [140/266] learning_rate: 0.001085 loss: 1.226247 loss_cls: 0.765221 loss_iou: 0.126499 loss_dfl: 2.912220 eta: 0:26:36 batch_cost: 0.9167 data_cost: 0.0027 ips: 4.3636 images/s, max_mem_reserved: 2249 MB, max_mem_allocated: 2009 MB
[09/21 16:54:18] ppdet.engine.callbacks INFO: Epoch: [31] [150/266] learning_rate: 0.001080 loss: 1.169911 loss_cls: 0.755496 loss_iou: 0.110566 loss_dfl: 2.267538 eta: 0:26:30 batch_cost: 0.9430 data_cost: 0.0030 ips: 4.2419 images/s, max_mem_reserved: 2249 MB, max_mem_allocated: 2009 MB
[09/21 16:54:28] ppdet.engine.callbacks INFO: Epoch: [31] [160/266] learning_rate: 0.001076 loss: 1.171337 loss_cls: 0.780687 loss_iou: 0.120571 loss_dfl: 2.403618 eta: 0:26:23 batch_cost: 0.8988 data_cost: 0.0029 ips: 4.4504 images/s, max_mem_reserved: 2249 MB, max_mem_allocated: 2009 MB
[09/21 16:54:36] ppdet.engine.callbacks INFO: Epoch: [31] [170/266] learning_rate: 0.001071 loss: 1.212682 loss_cls: 0.795807 loss_iou: 0.120981 loss_dfl: 2.543231 eta: 0:26:16 batch_cost: 0.7618 data_cost: 0.0027 ips: 5.2509 images/s, max_mem_reserved: 2249 MB, max_mem_allocated: 2009 MB
[09/21 16:54:44] ppdet.engine.callbacks INFO: Epoch: [31] [180/266] learning_rate: 0.001067 loss: 1.192120 loss_cls: 0.762633 loss_iou: 0.113070 loss_dfl: 2.659246 eta: 0:26:10 batch_cost: 0.7901 data_cost: 0.0028 ips: 5.0627 images/s, max_mem_reserved: 2249 MB, max_mem_allocated: 2009 MB
[09/21 16:54:54] ppdet.engine.callbacks INFO: Epoch: [31] [190/266] learning_rate: 0.001062 loss: 1.167012 loss_cls: 0.776061 loss_iou: 0.118525 loss_dfl: 2.543928 eta: 0:26:03 batch_cost: 0.9552 data_cost: 0.0031 ips: 4.1876 images/s, max_mem_reserved: 2249 MB, max_mem_allocated: 2009 MB
[09/21 16:55:04] ppdet.engine.callbacks INFO: Epoch: [31] [200/266] learning_rate: 0.001058 loss: 1.178348 loss_cls: 0.774994 loss_iou: 0.109752 loss_dfl: 2.419491 eta: 0:25:57 batch_cost: 0.9753 data_cost: 0.0028 ips: 4.1014 images/s, max_mem_reserved: 2249 MB, max_mem_allocated: 2009 MB
[09/21 16:55:13] ppdet.engine.callbacks INFO: Epoch: [31] [210/266] learning_rate: 0.001054 loss: 1.192686 loss_cls: 0.777688 loss_iou: 0.114156 loss_dfl: 2.766922 eta: 0:25:50 batch_cost: 0.8452 data_cost: 0.0027 ips: 4.7326 images/s, max_mem_reserved: 2249 MB, max_mem_allocated: 2009 MB
[09/21 16:55:22] ppdet.engine.callbacks INFO: Epoch: [31] [220/266] learning_rate: 0.001049 loss: 1.229715 loss_cls: 0.790511 loss_iou: 0.118875 loss_dfl: 3.085849 eta: 0:25:43 batch_cost: 0.8759 data_cost: 0.0028 ips: 4.5668 images/s, max_mem_reserved: 2249 MB, max_mem_allocated: 2009 MB
[09/21 16:55:30] ppdet.engine.callbacks INFO: Epoch: [31] [230/266] learning_rate: 0.001045 loss: 1.187679 loss_cls: 0.760407 loss_iou: 0.119446 loss_dfl: 2.632475 eta: 0:25:36 batch_cost: 0.7803 data_cost: 0.0030 ips: 5.1264 images/s, max_mem_reserved: 2249 MB, max_mem_allocated: 2009 MB
[09/21 16:55:39] ppdet.engine.callbacks INFO: Epoch: [31] [240/266] learning_rate: 0.001040 loss: 1.172625 loss_cls: 0.764572 loss_iou: 0.109767 loss_dfl: 2.440003 eta: 0:25:30 batch_cost: 0.8523 data_cost: 0.0032 ips: 4.6931 images/s, max_mem_reserved: 2249 MB, max_mem_allocated: 2009 MB
[09/21 16:55:46] ppdet.engine.callbacks INFO: Epoch: [31] [250/266] learning_rate: 0.001036 loss: 1.154135 loss_cls: 0.757874 loss_iou: 0.114878 loss_dfl: 2.306081 eta: 0:25:22 batch_cost: 0.6751 data_cost: 0.0030 ips: 5.9251 images/s, max_mem_reserved: 2249 MB, max_mem_allocated: 2009 MB
[09/21 16:55:56] ppdet.engine.callbacks INFO: Epoch: [31] [260/266] learning_rate: 0.001032 loss: 1.253940 loss_cls: 0.801586 loss_iou: 0.122907 loss_dfl: 2.521828 eta: 0:25:16 batch_cost: 0.9306 data_cost: 0.0031 ips: 4.2985 images/s, max_mem_reserved: 2249 MB, max_mem_allocated: 2009 MB
[09/21 16:56:01] ppdet.utils.checkpoint INFO: Save checkpoint: output_aug
[09/21 16:56:01] ppdet.engine.callbacks INFO: Eval iter: 0
[09/21 16:56:09] ppdet.metrics.metrics INFO: Accumulating evaluatation results...
[09/21 16:56:09] ppdet.metrics.metrics INFO: mAP(0.50, 11point) = 88.82%
[09/21 16:56:09] ppdet.engine.callbacks INFO: Total sample number: 100, average FPS: 12.461198243056803
[09/21 16:56:09] ppdet.engine INFO: Best test bbox ap is 0.888.
[09/21 16:56:09] ppdet.utils.checkpoint INFO: Save checkpoint: output_aug
[09/21 16:56:11] ppdet.engine.callbacks INFO: Epoch: [32] [  0/266] learning_rate: 0.001029 loss: 1.197617 loss_cls: 0.778432 loss_iou: 0.118799 loss_dfl: 2.677175 eta: 0:25:12 batch_cost: 0.8605 data_cost: 0.0026 ips: 4.6485 images/s, max_mem_reserved: 2249 MB, max_mem_allocated: 2009 MB
[09/21 16:56:21] ppdet.engine.callbacks INFO: Epoch: [32] [ 10/266] learning_rate: 0.001025 loss: 1.232459 loss_cls: 0.791783 loss_iou: 0.117429 loss_dfl: 2.601024 eta: 0:25:05 batch_cost: 1.0007 data_cost: 0.0029 ips: 3.9972 images/s, max_mem_reserved: 2249 MB, max_mem_allocated: 2009 MB
[09/21 16:56:29] ppdet.engine.callbacks INFO: Epoch: [32] [ 20/266] learning_rate: 0.001020 loss: 1.166180 loss_cls: 0.746537 loss_iou: 0.117173 loss_dfl: 2.537455 eta: 0:24:59 batch_cost: 0.8011 data_cost: 0.0024 ips: 4.9930 images/s, max_mem_reserved: 2249 MB, max_mem_allocated: 2009 MB
[09/21 16:56:40] ppdet.engine.callbacks INFO: Epoch: [32] [ 30/266] learning_rate: 0.001016 loss: 1.257763 loss_cls: 0.787260 loss_iou: 0.126304 loss_dfl: 2.713600 eta: 0:24:52 batch_cost: 0.9745 data_cost: 0.0027 ips: 4.1048 images/s, max_mem_reserved: 2249 MB, max_mem_allocated: 2009 MB
[09/21 16:56:48] ppdet.engine.callbacks INFO: Epoch: [32] [ 40/266] learning_rate: 0.001012 loss: 1.222636 loss_cls: 0.756370 loss_iou: 0.127224 loss_dfl: 2.841690 eta: 0:24:45 batch_cost: 0.7983 data_cost: 0.0029 ips: 5.0105 images/s, max_mem_reserved: 2249 MB, max_mem_allocated: 2009 MB
[09/21 16:56:58] ppdet.engine.callbacks INFO: Epoch: [32] [ 50/266] learning_rate: 0.001007 loss: 1.124736 loss_cls: 0.738841 loss_iou: 0.107164 loss_dfl: 2.305765 eta: 0:24:39 batch_cost: 0.9544 data_cost: 0.0027 ips: 4.1913 images/s, max_mem_reserved: 2249 MB, max_mem_allocated: 2009 MB
[09/21 16:57:06] ppdet.engine.callbacks INFO: Epoch: [32] [ 60/266] learning_rate: 0.001003 loss: 1.222109 loss_cls: 0.769377 loss_iou: 0.123567 loss_dfl: 2.676543 eta: 0:24:32 batch_cost: 0.8206 data_cost: 0.0029 ips: 4.8747 images/s, max_mem_reserved: 2249 MB, max_mem_allocated: 2009 MB
[09/21 16:57:14] ppdet.engine.callbacks INFO: Epoch: [32] [ 70/266] learning_rate: 0.000999 loss: 1.172488 loss_cls: 0.743654 loss_iou: 0.124076 loss_dfl: 2.308701 eta: 0:24:25 batch_cost: 0.7721 data_cost: 0.0025 ips: 5.1809 images/s, max_mem_reserved: 2249 MB, max_mem_allocated: 2009 MB
[09/21 16:57:23] ppdet.engine.callbacks INFO: Epoch: [32] [ 80/266] learning_rate: 0.000994 loss: 1.171319 loss_cls: 0.739632 loss_iou: 0.118160 loss_dfl: 2.412818 eta: 0:24:18 batch_cost: 0.8142 data_cost: 0.0029 ips: 4.9127 images/s, max_mem_reserved: 2249 MB, max_mem_allocated: 2009 MB
[09/21 16:57:32] ppdet.engine.callbacks INFO: Epoch: [32] [ 90/266] learning_rate: 0.000990 loss: 1.210564 loss_cls: 0.792238 loss_iou: 0.117207 loss_dfl: 2.598537 eta: 0:24:11 batch_cost: 0.9049 data_cost: 0.0030 ips: 4.4202 images/s, max_mem_reserved: 2249 MB, max_mem_allocated: 2009 MB
[09/21 16:57:40] ppdet.engine.callbacks INFO: Epoch: [32] [100/266] learning_rate: 0.000986 loss: 1.233120 loss_cls: 0.796225 loss_iou: 0.121980 loss_dfl: 2.591929 eta: 0:24:04 batch_cost: 0.6991 data_cost: 0.0025 ips: 5.7214 images/s, max_mem_reserved: 2249 MB, max_mem_allocated: 2009 MB
[09/21 16:57:48] ppdet.engine.callbacks INFO: Epoch: [32] [110/266] learning_rate: 0.000981 loss: 1.256132 loss_cls: 0.795943 loss_iou: 0.126671 loss_dfl: 3.128425 eta: 0:23:57 batch_cost: 0.8454 data_cost: 0.0027 ips: 4.7317 images/s, max_mem_reserved: 2249 MB, max_mem_allocated: 2009 MB
[09/21 16:57:57] ppdet.engine.callbacks INFO: Epoch: [32] [120/266] learning_rate: 0.000977 loss: 1.181449 loss_cls: 0.757597 loss_iou: 0.116572 loss_dfl: 2.612108 eta: 0:23:50 batch_cost: 0.8363 data_cost: 0.0027 ips: 4.7832 images/s, max_mem_reserved: 2249 MB, max_mem_allocated: 2009 MB
[09/21 16:58:07] ppdet.engine.callbacks INFO: Epoch: [32] [130/266] learning_rate: 0.000973 loss: 1.230873 loss_cls: 0.771879 loss_iou: 0.128202 loss_dfl: 2.863521 eta: 0:23:44 batch_cost: 0.9534 data_cost: 0.0028 ips: 4.1957 images/s, max_mem_reserved: 2249 MB, max_mem_allocated: 2009 MB
[09/21 16:58:16] ppdet.engine.callbacks INFO: Epoch: [32] [140/266] learning_rate: 0.000968 loss: 1.191722 loss_cls: 0.770276 loss_iou: 0.109323 loss_dfl: 2.700091 eta: 0:23:37 batch_cost: 0.8699 data_cost: 0.0030 ips: 4.5983 images/s, max_mem_reserved: 2249 MB, max_mem_allocated: 2009 MB
[09/21 16:58:26] ppdet.engine.callbacks INFO: Epoch: [32] [150/266] learning_rate: 0.000964 loss: 1.196716 loss_cls: 0.762260 loss_iou: 0.118413 loss_dfl: 2.806922 eta: 0:23:30 batch_cost: 0.8985 data_cost: 0.0025 ips: 4.4520 images/s, max_mem_reserved: 2249 MB, max_mem_allocated: 2009 MB
[09/21 16:58:36] ppdet.engine.callbacks INFO: Epoch: [32] [160/266] learning_rate: 0.000960 loss: 1.198553 loss_cls: 0.773700 loss_iou: 0.114280 loss_dfl: 2.419696 eta: 0:23:24 batch_cost: 0.9939 data_cost: 0.0027 ips: 4.0246 images/s, max_mem_reserved: 2249 MB, max_mem_allocated: 2009 MB
[09/21 16:58:45] ppdet.engine.callbacks INFO: Epoch: [32] [170/266] learning_rate: 0.000956 loss: 1.179280 loss_cls: 0.789835 loss_iou: 0.112870 loss_dfl: 2.444093 eta: 0:23:17 batch_cost: 0.8701 data_cost: 0.0028 ips: 4.5970 images/s, max_mem_reserved: 2249 MB, max_mem_allocated: 2009 MB
[09/21 16:58:55] ppdet.engine.callbacks INFO: Epoch: [32] [180/266] learning_rate: 0.000951 loss: 1.149261 loss_cls: 0.767487 loss_iou: 0.107473 loss_dfl: 2.568745 eta: 0:23:11 batch_cost: 0.9347 data_cost: 0.0029 ips: 4.2796 images/s, max_mem_reserved: 2249 MB, max_mem_allocated: 2009 MB
[09/21 16:59:04] ppdet.engine.callbacks INFO: Epoch: [32] [190/266] learning_rate: 0.000947 loss: 1.206819 loss_cls: 0.763931 loss_iou: 0.119454 loss_dfl: 2.944257 eta: 0:23:04 batch_cost: 0.8623 data_cost: 0.0030 ips: 4.6387 images/s, max_mem_reserved: 2249 MB, max_mem_allocated: 2009 MB
[09/21 16:59:14] ppdet.engine.callbacks INFO: Epoch: [32] [200/266] learning_rate: 0.000943 loss: 1.134175 loss_cls: 0.736315 loss_iou: 0.113156 loss_dfl: 2.427933 eta: 0:22:57 batch_cost: 0.9579 data_cost: 0.0030 ips: 4.1759 images/s, max_mem_reserved: 2249 MB, max_mem_allocated: 2009 MB
[09/21 16:59:23] ppdet.engine.callbacks INFO: Epoch: [32] [210/266] learning_rate: 0.000939 loss: 1.186073 loss_cls: 0.767529 loss_iou: 0.115738 loss_dfl: 2.518803 eta: 0:22:50 batch_cost: 0.9314 data_cost: 0.0025 ips: 4.2946 images/s, max_mem_reserved: 2249 MB, max_mem_allocated: 2009 MB
[09/21 16:59:32] ppdet.engine.callbacks INFO: Epoch: [32] [220/266] learning_rate: 0.000934 loss: 1.189294 loss_cls: 0.735412 loss_iou: 0.126797 loss_dfl: 2.546199 eta: 0:22:44 batch_cost: 0.8364 data_cost: 0.0030 ips: 4.7825 images/s, max_mem_reserved: 2249 MB, max_mem_allocated: 2009 MB
[09/21 16:59:42] ppdet.engine.callbacks INFO: Epoch: [32] [230/266] learning_rate: 0.000930 loss: 1.267694 loss_cls: 0.801088 loss_iou: 0.129749 loss_dfl: 2.607512 eta: 0:22:37 batch_cost: 0.9666 data_cost: 0.0031 ips: 4.1383 images/s, max_mem_reserved: 2249 MB, max_mem_allocated: 2009 MB
[09/21 16:59:51] ppdet.engine.callbacks INFO: Epoch: [32] [240/266] learning_rate: 0.000926 loss: 1.145575 loss_cls: 0.748174 loss_iou: 0.111436 loss_dfl: 2.357247 eta: 0:22:30 batch_cost: 0.8476 data_cost: 0.0030 ips: 4.7193 images/s, max_mem_reserved: 2249 MB, max_mem_allocated: 2009 MB
[09/21 16:59:59] ppdet.engine.callbacks INFO: Epoch: [32] [250/266] learning_rate: 0.000922 loss: 1.169782 loss_cls: 0.735158 loss_iou: 0.115492 loss_dfl: 3.084603 eta: 0:22:23 batch_cost: 0.8149 data_cost: 0.0028 ips: 4.9087 images/s, max_mem_reserved: 2249 MB, max_mem_allocated: 2009 MB
[09/21 17:00:10] ppdet.engine.callbacks INFO: Epoch: [32] [260/266] learning_rate: 0.000917 loss: 1.247682 loss_cls: 0.781094 loss_iou: 0.128409 loss_dfl: 2.749186 eta: 0:22:17 batch_cost: 1.0215 data_cost: 0.0027 ips: 3.9157 images/s, max_mem_reserved: 2249 MB, max_mem_allocated: 2009 MB
[09/21 17:00:17] ppdet.engine.callbacks INFO: Epoch: [33] [  0/266] learning_rate: 0.000915 loss: 1.253871 loss_cls: 0.776594 loss_iou: 0.131914 loss_dfl: 2.945498 eta: 0:22:13 batch_cost: 0.9973 data_cost: 0.0342 ips: 4.0109 images/s, max_mem_reserved: 2249 MB, max_mem_allocated: 2009 MB
[09/21 17:00:25] ppdet.engine.callbacks INFO: Epoch: [33] [ 10/266] learning_rate: 0.000911 loss: 1.195212 loss_cls: 0.751849 loss_iou: 0.120320 loss_dfl: 2.965846 eta: 0:22:06 batch_cost: 0.7908 data_cost: 0.0025 ips: 5.0584 images/s, max_mem_reserved: 2249 MB, max_mem_allocated: 2009 MB
[09/21 17:00:35] ppdet.engine.callbacks INFO: Epoch: [33] [ 20/266] learning_rate: 0.000907 loss: 1.253400 loss_cls: 0.809004 loss_iou: 0.116756 loss_dfl: 2.998830 eta: 0:21:59 batch_cost: 0.9199 data_cost: 0.0033 ips: 4.3484 images/s, max_mem_reserved: 2249 MB, max_mem_allocated: 2009 MB
[09/21 17:00:43] ppdet.engine.callbacks INFO: Epoch: [33] [ 30/266] learning_rate: 0.000902 loss: 1.147499 loss_cls: 0.741331 loss_iou: 0.108702 loss_dfl: 2.192934 eta: 0:21:52 batch_cost: 0.8163 data_cost: 0.0028 ips: 4.9000 images/s, max_mem_reserved: 2249 MB, max_mem_allocated: 2009 MB
[09/21 17:00:53] ppdet.engine.callbacks INFO: Epoch: [33] [ 40/266] learning_rate: 0.000898 loss: 1.179996 loss_cls: 0.749917 loss_iou: 0.120785 loss_dfl: 2.409974 eta: 0:21:45 batch_cost: 0.9103 data_cost: 0.0028 ips: 4.3943 images/s, max_mem_reserved: 2249 MB, max_mem_allocated: 2009 MB
[09/21 17:01:01] ppdet.engine.callbacks INFO: Epoch: [33] [ 50/266] learning_rate: 0.000894 loss: 1.149669 loss_cls: 0.740057 loss_iou: 0.111560 loss_dfl: 2.277000 eta: 0:21:38 batch_cost: 0.8465 data_cost: 0.0032 ips: 4.7253 images/s, max_mem_reserved: 2249 MB, max_mem_allocated: 2009 MB
[09/21 17:01:10] ppdet.engine.callbacks INFO: Epoch: [33] [ 60/266] learning_rate: 0.000890 loss: 1.215430 loss_cls: 0.773686 loss_iou: 0.120408 loss_dfl: 2.765308 eta: 0:21:31 batch_cost: 0.7997 data_cost: 0.0032 ips: 5.0020 images/s, max_mem_reserved: 2249 MB, max_mem_allocated: 2009 MB
[09/21 17:01:21] ppdet.engine.callbacks INFO: Epoch: [33] [ 70/266] learning_rate: 0.000886 loss: 1.114034 loss_cls: 0.718092 loss_iou: 0.108030 loss_dfl: 2.734523 eta: 0:21:25 batch_cost: 1.0754 data_cost: 0.0030 ips: 3.7194 images/s, max_mem_reserved: 2249 MB, max_mem_allocated: 2009 MB
[09/21 17:01:32] ppdet.engine.callbacks INFO: Epoch: [33] [ 80/266] learning_rate: 0.000882 loss: 1.202275 loss_cls: 0.745365 loss_iou: 0.115630 loss_dfl: 2.981284 eta: 0:21:19 batch_cost: 1.0627 data_cost: 0.0028 ips: 3.7639 images/s, max_mem_reserved: 2249 MB, max_mem_allocated: 2009 MB
[09/21 17:01:41] ppdet.engine.callbacks INFO: Epoch: [33] [ 90/266] learning_rate: 0.000877 loss: 1.211686 loss_cls: 0.752319 loss_iou: 0.126479 loss_dfl: 2.564373 eta: 0:21:12 batch_cost: 0.8508 data_cost: 0.0024 ips: 4.7016 images/s, max_mem_reserved: 2249 MB, max_mem_allocated: 2009 MB
[09/21 17:01:51] ppdet.engine.callbacks INFO: Epoch: [33] [100/266] learning_rate: 0.000873 loss: 1.137854 loss_cls: 0.749217 loss_iou: 0.112228 loss_dfl: 2.651395 eta: 0:21:05 batch_cost: 0.9501 data_cost: 0.0029 ips: 4.2099 images/s, max_mem_reserved: 2249 MB, max_mem_allocated: 2009 MB
[09/21 17:01:58] ppdet.engine.callbacks INFO: Epoch: [33] [110/266] learning_rate: 0.000869 loss: 1.286539 loss_cls: 0.794154 loss_iou: 0.127079 loss_dfl: 2.972273 eta: 0:20:58 batch_cost: 0.7531 data_cost: 0.0028 ips: 5.3112 images/s, max_mem_reserved: 2249 MB, max_mem_allocated: 2009 MB
[09/21 17:02:07] ppdet.engine.callbacks INFO: Epoch: [33] [120/266] learning_rate: 0.000865 loss: 1.173626 loss_cls: 0.773703 loss_iou: 0.108988 loss_dfl: 2.755977 eta: 0:20:51 batch_cost: 0.7675 data_cost: 0.0028 ips: 5.2114 images/s, max_mem_reserved: 2249 MB, max_mem_allocated: 2009 MB
[09/21 17:02:16] ppdet.engine.callbacks INFO: Epoch: [33] [130/266] learning_rate: 0.000861 loss: 1.266860 loss_cls: 0.788827 loss_iou: 0.119719 loss_dfl: 2.811962 eta: 0:20:44 batch_cost: 0.8918 data_cost: 0.0029 ips: 4.4852 images/s, max_mem_reserved: 2249 MB, max_mem_allocated: 2009 MB
[09/21 17:02:25] ppdet.engine.callbacks INFO: Epoch: [33] [140/266] learning_rate: 0.000857 loss: 1.117702 loss_cls: 0.733496 loss_iou: 0.107977 loss_dfl: 2.577245 eta: 0:20:37 batch_cost: 0.8666 data_cost: 0.0030 ips: 4.6159 images/s, max_mem_reserved: 2249 MB, max_mem_allocated: 2009 MB
[09/21 17:02:33] ppdet.engine.callbacks INFO: Epoch: [33] [150/266] learning_rate: 0.000853 loss: 1.218773 loss_cls: 0.764264 loss_iou: 0.124297 loss_dfl: 2.726695 eta: 0:20:30 batch_cost: 0.7929 data_cost: 0.0026 ips: 5.0447 images/s, max_mem_reserved: 2249 MB, max_mem_allocated: 2009 MB
[09/21 17:02:41] ppdet.engine.callbacks INFO: Epoch: [33] [160/266] learning_rate: 0.000849 loss: 1.256809 loss_cls: 0.810340 loss_iou: 0.126896 loss_dfl: 2.750840 eta: 0:20:23 batch_cost: 0.7846 data_cost: 0.0027 ips: 5.0984 images/s, max_mem_reserved: 2249 MB, max_mem_allocated: 2009 MB
[09/21 17:02:51] ppdet.engine.callbacks INFO: Epoch: [33] [170/266] learning_rate: 0.000845 loss: 1.193480 loss_cls: 0.772760 loss_iou: 0.119878 loss_dfl: 2.362076 eta: 0:20:16 batch_cost: 0.9063 data_cost: 0.0027 ips: 4.4138 images/s, max_mem_reserved: 2249 MB, max_mem_allocated: 2009 MB
[09/21 17:03:00] ppdet.engine.callbacks INFO: Epoch: [33] [180/266] learning_rate: 0.000841 loss: 1.219656 loss_cls: 0.776446 loss_iou: 0.115077 loss_dfl: 2.370385 eta: 0:20:09 batch_cost: 0.8677 data_cost: 0.0028 ips: 4.6098 images/s, max_mem_reserved: 2249 MB, max_mem_allocated: 2009 MB
[09/21 17:03:09] ppdet.engine.callbacks INFO: Epoch: [33] [190/266] learning_rate: 0.000836 loss: 1.308087 loss_cls: 0.837599 loss_iou: 0.123744 loss_dfl: 2.810765 eta: 0:20:02 batch_cost: 0.8732 data_cost: 0.0030 ips: 4.5807 images/s, max_mem_reserved: 2249 MB, max_mem_allocated: 2009 MB
[09/21 17:03:19] ppdet.engine.callbacks INFO: Epoch: [33] [200/266] learning_rate: 0.000832 loss: 1.213181 loss_cls: 0.779957 loss_iou: 0.116373 loss_dfl: 2.757658 eta: 0:19:55 batch_cost: 0.9464 data_cost: 0.0031 ips: 4.2265 images/s, max_mem_reserved: 2249 MB, max_mem_allocated: 2009 MB
[09/21 17:03:27] ppdet.engine.callbacks INFO: Epoch: [33] [210/266] learning_rate: 0.000828 loss: 1.168679 loss_cls: 0.768319 loss_iou: 0.115374 loss_dfl: 2.616549 eta: 0:19:48 batch_cost: 0.8196 data_cost: 0.0030 ips: 4.8803 images/s, max_mem_reserved: 2249 MB, max_mem_allocated: 2009 MB
[09/21 17:03:37] ppdet.engine.callbacks INFO: Epoch: [33] [220/266] learning_rate: 0.000824 loss: 1.166334 loss_cls: 0.766305 loss_iou: 0.108632 loss_dfl: 2.609537 eta: 0:19:42 batch_cost: 0.8998 data_cost: 0.0026 ips: 4.4456 images/s, max_mem_reserved: 2249 MB, max_mem_allocated: 2009 MB
[09/21 17:03:46] ppdet.engine.callbacks INFO: Epoch: [33] [230/266] learning_rate: 0.000820 loss: 1.134008 loss_cls: 0.737317 loss_iou: 0.112125 loss_dfl: 2.621286 eta: 0:19:35 batch_cost: 0.8997 data_cost: 0.0030 ips: 4.4460 images/s, max_mem_reserved: 2249 MB, max_mem_allocated: 2009 MB
[09/21 17:03:54] ppdet.engine.callbacks INFO: Epoch: [33] [240/266] learning_rate: 0.000816 loss: 1.176146 loss_cls: 0.751530 loss_iou: 0.113879 loss_dfl: 2.653947 eta: 0:19:28 batch_cost: 0.7891 data_cost: 0.0026 ips: 5.0689 images/s, max_mem_reserved: 2249 MB, max_mem_allocated: 2009 MB
[09/21 17:04:02] ppdet.engine.callbacks INFO: Epoch: [33] [250/266] learning_rate: 0.000812 loss: 1.175556 loss_cls: 0.762901 loss_iou: 0.111207 loss_dfl: 2.325094 eta: 0:19:20 batch_cost: 0.7459 data_cost: 0.0029 ips: 5.3625 images/s, max_mem_reserved: 2249 MB, max_mem_allocated: 2009 MB
[09/21 17:04:10] ppdet.engine.callbacks INFO: Epoch: [33] [260/266] learning_rate: 0.000808 loss: 1.204724 loss_cls: 0.776071 loss_iou: 0.121541 loss_dfl: 2.722863 eta: 0:19:13 batch_cost: 0.7798 data_cost: 0.0029 ips: 5.1294 images/s, max_mem_reserved: 2249 MB, max_mem_allocated: 2009 MB
[09/21 17:04:16] ppdet.engine.callbacks INFO: Epoch: [34] [  0/266] learning_rate: 0.000806 loss: 1.200910 loss_cls: 0.751855 loss_iou: 0.125091 loss_dfl: 2.618056 eta: 0:19:09 batch_cost: 0.8578 data_cost: 0.0292 ips: 4.6628 images/s, max_mem_reserved: 2249 MB, max_mem_allocated: 2009 MB
[09/21 17:04:25] ppdet.engine.callbacks INFO: Epoch: [34] [ 10/266] learning_rate: 0.000802 loss: 1.039685 loss_cls: 0.671864 loss_iou: 0.087619 loss_dfl: 2.841314 eta: 0:19:02 batch_cost: 0.8580 data_cost: 0.0024 ips: 4.6619 images/s, max_mem_reserved: 2249 MB, max_mem_allocated: 2009 MB
[09/21 17:04:33] ppdet.engine.callbacks INFO: Epoch: [34] [ 20/266] learning_rate: 0.000798 loss: 1.077737 loss_cls: 0.684610 loss_iou: 0.088492 loss_dfl: 2.832569 eta: 0:18:55 batch_cost: 0.7614 data_cost: 0.0027 ips: 5.2536 images/s, max_mem_reserved: 2249 MB, max_mem_allocated: 2009 MB
[09/21 17:04:42] ppdet.engine.callbacks INFO: Epoch: [34] [ 30/266] learning_rate: 0.000794 loss: 1.026488 loss_cls: 0.677530 loss_iou: 0.094174 loss_dfl: 2.312121 eta: 0:18:48 batch_cost: 0.9060 data_cost: 0.0024 ips: 4.4151 images/s, max_mem_reserved: 2249 MB, max_mem_allocated: 2009 MB
[09/21 17:04:49] ppdet.engine.callbacks INFO: Epoch: [34] [ 40/266] learning_rate: 0.000790 loss: 1.021470 loss_cls: 0.669067 loss_iou: 0.080582 loss_dfl: 2.713241 eta: 0:18:41 batch_cost: 0.6838 data_cost: 0.0024 ips: 5.8497 images/s, max_mem_reserved: 2249 MB, max_mem_allocated: 2009 MB
[09/21 17:04:57] ppdet.engine.callbacks INFO: Epoch: [34] [ 50/266] learning_rate: 0.000786 loss: 1.005809 loss_cls: 0.645091 loss_iou: 0.086985 loss_dfl: 2.857218 eta: 0:18:34 batch_cost: 0.7708 data_cost: 0.0022 ips: 5.1895 images/s, max_mem_reserved: 2249 MB, max_mem_allocated: 2009 MB
[09/21 17:05:05] ppdet.engine.callbacks INFO: Epoch: [34] [ 60/266] learning_rate: 0.000782 loss: 1.013498 loss_cls: 0.658427 loss_iou: 0.080376 loss_dfl: 2.888450 eta: 0:18:27 batch_cost: 0.7786 data_cost: 0.0026 ips: 5.1376 images/s, max_mem_reserved: 2249 MB, max_mem_allocated: 2009 MB
[09/21 17:05:14] ppdet.engine.callbacks INFO: Epoch: [34] [ 70/266] learning_rate: 0.000778 loss: 1.027513 loss_cls: 0.658687 loss_iou: 0.094067 loss_dfl: 2.826223 eta: 0:18:20 batch_cost: 0.8082 data_cost: 0.0024 ips: 4.9493 images/s, max_mem_reserved: 2249 MB, max_mem_allocated: 2009 MB
[09/21 17:05:23] ppdet.engine.callbacks INFO: Epoch: [34] [ 80/266] learning_rate: 0.000774 loss: 0.952181 loss_cls: 0.650674 loss_iou: 0.076945 loss_dfl: 2.457758 eta: 0:18:13 batch_cost: 0.9033 data_cost: 0.0027 ips: 4.4284 images/s, max_mem_reserved: 2249 MB, max_mem_allocated: 2009 MB
[09/21 17:05:32] ppdet.engine.callbacks INFO: Epoch: [34] [ 90/266] learning_rate: 0.000770 loss: 1.093622 loss_cls: 0.682805 loss_iou: 0.105550 loss_dfl: 2.749338 eta: 0:18:06 batch_cost: 0.7871 data_cost: 0.0025 ips: 5.0823 images/s, max_mem_reserved: 2249 MB, max_mem_allocated: 2009 MB
[09/21 17:05:40] ppdet.engine.callbacks INFO: Epoch: [34] [100/266] learning_rate: 0.000766 loss: 1.011768 loss_cls: 0.658506 loss_iou: 0.084132 loss_dfl: 2.928005 eta: 0:17:59 batch_cost: 0.8146 data_cost: 0.0027 ips: 4.9102 images/s, max_mem_reserved: 2249 MB, max_mem_allocated: 2009 MB
[09/21 17:05:50] ppdet.engine.callbacks INFO: Epoch: [34] [110/266] learning_rate: 0.000762 loss: 0.956582 loss_cls: 0.640422 loss_iou: 0.077287 loss_dfl: 2.607380 eta: 0:17:52 batch_cost: 0.9619 data_cost: 0.0028 ips: 4.1585 images/s, max_mem_reserved: 2249 MB, max_mem_allocated: 2009 MB
[09/21 17:06:00] ppdet.engine.callbacks INFO: Epoch: [34] [120/266] learning_rate: 0.000758 loss: 1.001578 loss_cls: 0.664996 loss_iou: 0.081419 loss_dfl: 2.563537 eta: 0:17:45 batch_cost: 0.9425 data_cost: 0.0027 ips: 4.2441 images/s, max_mem_reserved: 2249 MB, max_mem_allocated: 2009 MB
[09/21 17:06:07] ppdet.engine.callbacks INFO: Epoch: [34] [130/266] learning_rate: 0.000754 loss: 0.987661 loss_cls: 0.656935 loss_iou: 0.090084 loss_dfl: 2.775637 eta: 0:17:38 batch_cost: 0.6880 data_cost: 0.0026 ips: 5.8138 images/s, max_mem_reserved: 2249 MB, max_mem_allocated: 2009 MB
[09/21 17:06:17] ppdet.engine.callbacks INFO: Epoch: [34] [140/266] learning_rate: 0.000750 loss: 0.956484 loss_cls: 0.616119 loss_iou: 0.074689 loss_dfl: 2.878281 eta: 0:17:31 batch_cost: 0.9452 data_cost: 0.0027 ips: 4.2317 images/s, max_mem_reserved: 2249 MB, max_mem_allocated: 2009 MB
[09/21 17:06:27] ppdet.engine.callbacks INFO: Epoch: [34] [150/266] learning_rate: 0.000746 loss: 0.953048 loss_cls: 0.628739 loss_iou: 0.080766 loss_dfl: 2.951015 eta: 0:17:24 batch_cost: 0.9532 data_cost: 0.0027 ips: 4.1965 images/s, max_mem_reserved: 2249 MB, max_mem_allocated: 2009 MB
[09/21 17:06:36] ppdet.engine.callbacks INFO: Epoch: [34] [160/266] learning_rate: 0.000743 loss: 1.022089 loss_cls: 0.657966 loss_iou: 0.090950 loss_dfl: 2.371242 eta: 0:17:17 batch_cost: 0.8512 data_cost: 0.0026 ips: 4.6992 images/s, max_mem_reserved: 2249 MB, max_mem_allocated: 2009 MB
[09/21 17:06:44] ppdet.engine.callbacks INFO: Epoch: [34] [170/266] learning_rate: 0.000739 loss: 0.974248 loss_cls: 0.620752 loss_iou: 0.079493 loss_dfl: 2.796439 eta: 0:17:10 batch_cost: 0.7534 data_cost: 0.0021 ips: 5.3091 images/s, max_mem_reserved: 2249 MB, max_mem_allocated: 2009 MB
[09/21 17:06:52] ppdet.engine.callbacks INFO: Epoch: [34] [180/266] learning_rate: 0.000735 loss: 0.966285 loss_cls: 0.625997 loss_iou: 0.074986 loss_dfl: 2.832747 eta: 0:17:03 batch_cost: 0.8133 data_cost: 0.0027 ips: 4.9180 images/s, max_mem_reserved: 2249 MB, max_mem_allocated: 2009 MB
[09/21 17:07:03] ppdet.engine.callbacks INFO: Epoch: [34] [190/266] learning_rate: 0.000731 loss: 0.981664 loss_cls: 0.623198 loss_iou: 0.077747 loss_dfl: 2.947559 eta: 0:16:56 batch_cost: 1.0511 data_cost: 0.0021 ips: 3.8057 images/s, max_mem_reserved: 2249 MB, max_mem_allocated: 2009 MB
[09/21 17:07:12] ppdet.engine.callbacks INFO: Epoch: [34] [200/266] learning_rate: 0.000727 loss: 1.086994 loss_cls: 0.668725 loss_iou: 0.084886 loss_dfl: 3.067964 eta: 0:16:49 batch_cost: 0.8670 data_cost: 0.0027 ips: 4.6137 images/s, max_mem_reserved: 2249 MB, max_mem_allocated: 2009 MB
[09/21 17:07:20] ppdet.engine.callbacks INFO: Epoch: [34] [210/266] learning_rate: 0.000723 loss: 0.978744 loss_cls: 0.652078 loss_iou: 0.086180 loss_dfl: 2.403071 eta: 0:16:42 batch_cost: 0.8057 data_cost: 0.0025 ips: 4.9645 images/s, max_mem_reserved: 2249 MB, max_mem_allocated: 2009 MB
[09/21 17:07:31] ppdet.engine.callbacks INFO: Epoch: [34] [220/266] learning_rate: 0.000719 loss: 1.097560 loss_cls: 0.677381 loss_iou: 0.103383 loss_dfl: 2.781160 eta: 0:16:35 batch_cost: 0.9987 data_cost: 0.0028 ips: 4.0053 images/s, max_mem_reserved: 2249 MB, max_mem_allocated: 2009 MB
[09/21 17:07:40] ppdet.engine.callbacks INFO: Epoch: [34] [230/266] learning_rate: 0.000716 loss: 1.009990 loss_cls: 0.654279 loss_iou: 0.090134 loss_dfl: 2.832079 eta: 0:16:28 batch_cost: 0.9121 data_cost: 0.0028 ips: 4.3853 images/s, max_mem_reserved: 2249 MB, max_mem_allocated: 2009 MB
[09/21 17:07:50] ppdet.engine.callbacks INFO: Epoch: [34] [240/266] learning_rate: 0.000712 loss: 0.995165 loss_cls: 0.645010 loss_iou: 0.084884 loss_dfl: 2.723891 eta: 0:16:21 batch_cost: 0.9482 data_cost: 0.0027 ips: 4.2184 images/s, max_mem_reserved: 2249 MB, max_mem_allocated: 2009 MB
[09/21 17:08:00] ppdet.engine.callbacks INFO: Epoch: [34] [250/266] learning_rate: 0.000708 loss: 1.139736 loss_cls: 0.737925 loss_iou: 0.107963 loss_dfl: 2.673390 eta: 0:16:14 batch_cost: 0.9633 data_cost: 0.0026 ips: 4.1524 images/s, max_mem_reserved: 2249 MB, max_mem_allocated: 2009 MB
[09/21 17:08:08] ppdet.engine.callbacks INFO: Epoch: [34] [260/266] learning_rate: 0.000704 loss: 1.075604 loss_cls: 0.697457 loss_iou: 0.097356 loss_dfl: 2.673367 eta: 0:16:07 batch_cost: 0.7899 data_cost: 0.0031 ips: 5.0641 images/s, max_mem_reserved: 2249 MB, max_mem_allocated: 2009 MB
[09/21 17:08:13] ppdet.engine.callbacks INFO: Epoch: [35] [  0/266] learning_rate: 0.000702 loss: 1.068946 loss_cls: 0.714545 loss_iou: 0.092293 loss_dfl: 2.756477 eta: 0:16:03 batch_cost: 0.7490 data_cost: 0.0183 ips: 5.3405 images/s, max_mem_reserved: 2249 MB, max_mem_allocated: 2009 MB
[09/21 17:08:21] ppdet.engine.callbacks INFO: Epoch: [35] [ 10/266] learning_rate: 0.000698 loss: 1.064356 loss_cls: 0.661898 loss_iou: 0.097911 loss_dfl: 2.954143 eta: 0:15:56 batch_cost: 0.7653 data_cost: 0.0026 ips: 5.2269 images/s, max_mem_reserved: 2249 MB, max_mem_allocated: 2009 MB
[09/21 17:08:31] ppdet.engine.callbacks INFO: Epoch: [35] [ 20/266] learning_rate: 0.000694 loss: 1.008728 loss_cls: 0.663770 loss_iou: 0.080996 loss_dfl: 2.687216 eta: 0:15:49 batch_cost: 0.9843 data_cost: 0.0025 ips: 4.0639 images/s, max_mem_reserved: 2249 MB, max_mem_allocated: 2009 MB
[09/21 17:08:40] ppdet.engine.callbacks INFO: Epoch: [35] [ 30/266] learning_rate: 0.000690 loss: 0.947254 loss_cls: 0.627549 loss_iou: 0.079416 loss_dfl: 2.884302 eta: 0:15:42 batch_cost: 0.8888 data_cost: 0.0025 ips: 4.5006 images/s, max_mem_reserved: 2249 MB, max_mem_allocated: 2009 MB
[09/21 17:08:50] ppdet.engine.callbacks INFO: Epoch: [35] [ 40/266] learning_rate: 0.000687 loss: 0.936624 loss_cls: 0.644346 loss_iou: 0.077852 loss_dfl: 2.870599 eta: 0:15:35 batch_cost: 0.9237 data_cost: 0.0031 ips: 4.3304 images/s, max_mem_reserved: 2249 MB, max_mem_allocated: 2009 MB
[09/21 17:08:58] ppdet.engine.callbacks INFO: Epoch: [35] [ 50/266] learning_rate: 0.000683 loss: 0.982161 loss_cls: 0.649883 loss_iou: 0.078393 loss_dfl: 2.773865 eta: 0:15:27 batch_cost: 0.7539 data_cost: 0.0026 ips: 5.3058 images/s, max_mem_reserved: 2249 MB, max_mem_allocated: 2009 MB
[09/21 17:09:06] ppdet.engine.callbacks INFO: Epoch: [35] [ 60/266] learning_rate: 0.000679 loss: 0.963764 loss_cls: 0.634401 loss_iou: 0.081131 loss_dfl: 2.437950 eta: 0:15:20 batch_cost: 0.7516 data_cost: 0.0026 ips: 5.3222 images/s, max_mem_reserved: 2249 MB, max_mem_allocated: 2009 MB
[09/21 17:09:13] ppdet.engine.callbacks INFO: Epoch: [35] [ 70/266] learning_rate: 0.000675 loss: 0.949330 loss_cls: 0.629599 loss_iou: 0.072331 loss_dfl: 2.880079 eta: 0:15:13 batch_cost: 0.7139 data_cost: 0.0031 ips: 5.6031 images/s, max_mem_reserved: 2249 MB, max_mem_allocated: 2009 MB
[09/21 17:09:23] ppdet.engine.callbacks INFO: Epoch: [35] [ 80/266] learning_rate: 0.000672 loss: 1.024615 loss_cls: 0.655089 loss_iou: 0.087536 loss_dfl: 2.830788 eta: 0:15:06 batch_cost: 0.8972 data_cost: 0.0027 ips: 4.4583 images/s, max_mem_reserved: 2249 MB, max_mem_allocated: 2009 MB
[09/21 17:09:32] ppdet.engine.callbacks INFO: Epoch: [35] [ 90/266] learning_rate: 0.000668 loss: 0.930563 loss_cls: 0.620551 loss_iou: 0.077964 loss_dfl: 2.516764 eta: 0:14:59 batch_cost: 0.8589 data_cost: 0.0024 ips: 4.6569 images/s, max_mem_reserved: 2249 MB, max_mem_allocated: 2009 MB
[09/21 17:09:41] ppdet.engine.callbacks INFO: Epoch: [35] [100/266] learning_rate: 0.000664 loss: 1.023926 loss_cls: 0.653524 loss_iou: 0.093340 loss_dfl: 2.838111 eta: 0:14:52 batch_cost: 0.9195 data_cost: 0.0026 ips: 4.3503 images/s, max_mem_reserved: 2249 MB, max_mem_allocated: 2009 MB
[09/21 17:09:50] ppdet.engine.callbacks INFO: Epoch: [35] [110/266] learning_rate: 0.000660 loss: 0.987158 loss_cls: 0.656896 loss_iou: 0.078419 loss_dfl: 2.802307 eta: 0:14:45 batch_cost: 0.8164 data_cost: 0.0027 ips: 4.8998 images/s, max_mem_reserved: 2249 MB, max_mem_allocated: 2009 MB
[09/21 17:09:58] ppdet.engine.callbacks INFO: Epoch: [35] [120/266] learning_rate: 0.000657 loss: 0.946384 loss_cls: 0.606896 loss_iou: 0.081462 loss_dfl: 2.632676 eta: 0:14:38 batch_cost: 0.8439 data_cost: 0.0028 ips: 4.7399 images/s, max_mem_reserved: 2249 MB, max_mem_allocated: 2009 MB
[09/21 17:10:07] ppdet.engine.callbacks INFO: Epoch: [35] [130/266] learning_rate: 0.000653 loss: 1.032946 loss_cls: 0.671040 loss_iou: 0.100912 loss_dfl: 2.610335 eta: 0:14:31 batch_cost: 0.8595 data_cost: 0.0023 ips: 4.6538 images/s, max_mem_reserved: 2249 MB, max_mem_allocated: 2009 MB
[09/21 17:10:16] ppdet.engine.callbacks INFO: Epoch: [35] [140/266] learning_rate: 0.000649 loss: 0.927589 loss_cls: 0.621508 loss_iou: 0.069479 loss_dfl: 2.628903 eta: 0:14:23 batch_cost: 0.8017 data_cost: 0.0026 ips: 4.9891 images/s, max_mem_reserved: 2249 MB, max_mem_allocated: 2009 MB
[09/21 17:10:24] ppdet.engine.callbacks INFO: Epoch: [35] [150/266] learning_rate: 0.000646 loss: 0.965648 loss_cls: 0.620484 loss_iou: 0.079840 loss_dfl: 2.749662 eta: 0:14:16 batch_cost: 0.7739 data_cost: 0.0024 ips: 5.1683 images/s, max_mem_reserved: 2249 MB, max_mem_allocated: 2009 MB
[09/21 17:10:34] ppdet.engine.callbacks INFO: Epoch: [35] [160/266] learning_rate: 0.000642 loss: 0.920005 loss_cls: 0.609145 loss_iou: 0.077859 loss_dfl: 2.755026 eta: 0:14:09 batch_cost: 0.9247 data_cost: 0.0021 ips: 4.3259 images/s, max_mem_reserved: 2249 MB, max_mem_allocated: 2009 MB
[09/21 17:10:43] ppdet.engine.callbacks INFO: Epoch: [35] [170/266] learning_rate: 0.000638 loss: 0.948616 loss_cls: 0.620073 loss_iou: 0.084730 loss_dfl: 3.020828 eta: 0:14:02 batch_cost: 0.9567 data_cost: 0.0027 ips: 4.1812 images/s, max_mem_reserved: 2249 MB, max_mem_allocated: 2009 MB
[09/21 17:10:52] ppdet.engine.callbacks INFO: Epoch: [35] [180/266] learning_rate: 0.000635 loss: 0.979364 loss_cls: 0.658716 loss_iou: 0.081091 loss_dfl: 2.831238 eta: 0:13:55 batch_cost: 0.7984 data_cost: 0.0027 ips: 5.0103 images/s, max_mem_reserved: 2249 MB, max_mem_allocated: 2009 MB
[09/21 17:11:00] ppdet.engine.callbacks INFO: Epoch: [35] [190/266] learning_rate: 0.000631 loss: 0.987479 loss_cls: 0.637218 loss_iou: 0.079402 loss_dfl: 2.716575 eta: 0:13:48 batch_cost: 0.8058 data_cost: 0.0028 ips: 4.9637 images/s, max_mem_reserved: 2249 MB, max_mem_allocated: 2009 MB
[09/21 17:11:09] ppdet.engine.callbacks INFO: Epoch: [35] [200/266] learning_rate: 0.000627 loss: 0.999884 loss_cls: 0.629584 loss_iou: 0.086645 loss_dfl: 2.840769 eta: 0:13:41 batch_cost: 0.8396 data_cost: 0.0028 ips: 4.7643 images/s, max_mem_reserved: 2249 MB, max_mem_allocated: 2009 MB
[09/21 17:11:18] ppdet.engine.callbacks INFO: Epoch: [35] [210/266] learning_rate: 0.000624 loss: 0.981017 loss_cls: 0.638174 loss_iou: 0.088127 loss_dfl: 2.910445 eta: 0:13:34 batch_cost: 0.8200 data_cost: 0.0029 ips: 4.8778 images/s, max_mem_reserved: 2249 MB, max_mem_allocated: 2009 MB
[09/21 17:11:28] ppdet.engine.callbacks INFO: Epoch: [35] [220/266] learning_rate: 0.000620 loss: 1.002407 loss_cls: 0.646080 loss_iou: 0.091039 loss_dfl: 2.538134 eta: 0:13:27 batch_cost: 0.9771 data_cost: 0.0023 ips: 4.0938 images/s, max_mem_reserved: 2249 MB, max_mem_allocated: 2009 MB
[09/21 17:11:37] ppdet.engine.callbacks INFO: Epoch: [35] [230/266] learning_rate: 0.000617 loss: 0.937702 loss_cls: 0.641962 loss_iou: 0.075758 loss_dfl: 2.694885 eta: 0:13:20 batch_cost: 0.9161 data_cost: 0.0027 ips: 4.3661 images/s, max_mem_reserved: 2249 MB, max_mem_allocated: 2009 MB
[09/21 17:11:46] ppdet.engine.callbacks INFO: Epoch: [35] [240/266] learning_rate: 0.000613 loss: 0.977272 loss_cls: 0.632231 loss_iou: 0.084784 loss_dfl: 2.510522 eta: 0:13:12 batch_cost: 0.8675 data_cost: 0.0029 ips: 4.6108 images/s, max_mem_reserved: 2249 MB, max_mem_allocated: 2009 MB
[09/21 17:11:54] ppdet.engine.callbacks INFO: Epoch: [35] [250/266] learning_rate: 0.000609 loss: 1.035996 loss_cls: 0.648216 loss_iou: 0.091462 loss_dfl: 2.953895 eta: 0:13:05 batch_cost: 0.6895 data_cost: 0.0030 ips: 5.8013 images/s, max_mem_reserved: 2249 MB, max_mem_allocated: 2009 MB
[09/21 17:12:03] ppdet.engine.callbacks INFO: Epoch: [35] [260/266] learning_rate: 0.000606 loss: 1.007424 loss_cls: 0.655511 loss_iou: 0.089655 loss_dfl: 2.939181 eta: 0:12:58 batch_cost: 0.8886 data_cost: 0.0024 ips: 4.5013 images/s, max_mem_reserved: 2249 MB, max_mem_allocated: 2009 MB
[09/21 17:12:08] ppdet.utils.checkpoint INFO: Save checkpoint: output_aug
[09/21 17:12:09] ppdet.engine.callbacks INFO: Eval iter: 0
[09/21 17:12:16] ppdet.metrics.metrics INFO: Accumulating evaluatation results...
[09/21 17:12:16] ppdet.metrics.metrics INFO: mAP(0.50, 11point) = 89.04%
[09/21 17:12:16] ppdet.engine.callbacks INFO: Total sample number: 100, average FPS: 13.371280704654312
[09/21 17:12:16] ppdet.engine INFO: Best test bbox ap is 0.890.
[09/21 17:12:16] ppdet.utils.checkpoint INFO: Save checkpoint: output_aug
[09/21 17:12:17] ppdet.engine.callbacks INFO: Epoch: [36] [  0/266] learning_rate: 0.000604 loss: 1.029491 loss_cls: 0.664081 loss_iou: 0.088357 loss_dfl: 2.839869 eta: 0:12:54 batch_cost: 0.9754 data_cost: 0.0023 ips: 4.1008 images/s, max_mem_reserved: 2249 MB, max_mem_allocated: 2009 MB
[09/21 17:12:25] ppdet.engine.callbacks INFO: Epoch: [36] [ 10/266] learning_rate: 0.000600 loss: 1.098679 loss_cls: 0.683842 loss_iou: 0.094647 loss_dfl: 2.954786 eta: 0:12:47 batch_cost: 0.7861 data_cost: 0.0029 ips: 5.0883 images/s, max_mem_reserved: 2249 MB, max_mem_allocated: 2009 MB
[09/21 17:12:33] ppdet.engine.callbacks INFO: Epoch: [36] [ 20/266] learning_rate: 0.000596 loss: 0.942683 loss_cls: 0.617563 loss_iou: 0.076822 loss_dfl: 2.701221 eta: 0:12:39 batch_cost: 0.7775 data_cost: 0.0027 ips: 5.1447 images/s, max_mem_reserved: 2249 MB, max_mem_allocated: 2009 MB
[09/21 17:12:43] ppdet.engine.callbacks INFO: Epoch: [36] [ 30/266] learning_rate: 0.000593 loss: 0.945718 loss_cls: 0.614245 loss_iou: 0.074524 loss_dfl: 2.539956 eta: 0:12:32 batch_cost: 0.8963 data_cost: 0.0031 ips: 4.4627 images/s, max_mem_reserved: 2249 MB, max_mem_allocated: 2009 MB
[09/21 17:12:52] ppdet.engine.callbacks INFO: Epoch: [36] [ 40/266] learning_rate: 0.000589 loss: 1.025984 loss_cls: 0.677520 loss_iou: 0.085822 loss_dfl: 2.650142 eta: 0:12:25 batch_cost: 0.8963 data_cost: 0.0024 ips: 4.4627 images/s, max_mem_reserved: 2249 MB, max_mem_allocated: 2009 MB
[09/21 17:13:00] ppdet.engine.callbacks INFO: Epoch: [36] [ 50/266] learning_rate: 0.000586 loss: 0.943772 loss_cls: 0.614859 loss_iou: 0.080134 loss_dfl: 2.721721 eta: 0:12:18 batch_cost: 0.7378 data_cost: 0.0023 ips: 5.4213 images/s, max_mem_reserved: 2249 MB, max_mem_allocated: 2009 MB
[09/21 17:13:08] ppdet.engine.callbacks INFO: Epoch: [36] [ 60/266] learning_rate: 0.000582 loss: 0.965971 loss_cls: 0.635226 loss_iou: 0.084932 loss_dfl: 2.578513 eta: 0:12:11 batch_cost: 0.7843 data_cost: 0.0029 ips: 5.1003 images/s, max_mem_reserved: 2249 MB, max_mem_allocated: 2009 MB
[09/21 17:13:16] ppdet.engine.callbacks INFO: Epoch: [36] [ 70/266] learning_rate: 0.000579 loss: 0.952490 loss_cls: 0.622168 loss_iou: 0.076738 loss_dfl: 2.669418 eta: 0:12:03 batch_cost: 0.7804 data_cost: 0.0026 ips: 5.1256 images/s, max_mem_reserved: 2249 MB, max_mem_allocated: 2009 MB
[09/21 17:13:26] ppdet.engine.callbacks INFO: Epoch: [36] [ 80/266] learning_rate: 0.000575 loss: 0.996354 loss_cls: 0.654830 loss_iou: 0.079050 loss_dfl: 2.804464 eta: 0:11:56 batch_cost: 0.9825 data_cost: 0.0028 ips: 4.0711 images/s, max_mem_reserved: 2249 MB, max_mem_allocated: 2009 MB
[09/21 17:13:34] ppdet.engine.callbacks INFO: Epoch: [36] [ 90/266] learning_rate: 0.000572 loss: 0.963618 loss_cls: 0.626938 loss_iou: 0.074538 loss_dfl: 2.657250 eta: 0:11:49 batch_cost: 0.7011 data_cost: 0.0030 ips: 5.7055 images/s, max_mem_reserved: 2249 MB, max_mem_allocated: 2009 MB
[09/21 17:13:43] ppdet.engine.callbacks INFO: Epoch: [36] [100/266] learning_rate: 0.000568 loss: 1.019165 loss_cls: 0.640507 loss_iou: 0.084740 loss_dfl: 2.967747 eta: 0:11:42 batch_cost: 0.8846 data_cost: 0.0026 ips: 4.5219 images/s, max_mem_reserved: 2249 MB, max_mem_allocated: 2009 MB
[09/21 17:13:50] ppdet.engine.callbacks INFO: Epoch: [36] [110/266] learning_rate: 0.000565 loss: 0.969575 loss_cls: 0.642396 loss_iou: 0.081452 loss_dfl: 2.577732 eta: 0:11:35 batch_cost: 0.6334 data_cost: 0.0028 ips: 6.3146 images/s, max_mem_reserved: 2249 MB, max_mem_allocated: 2009 MB
[09/21 17:13:57] ppdet.engine.callbacks INFO: Epoch: [36] [120/266] learning_rate: 0.000561 loss: 0.950521 loss_cls: 0.612238 loss_iou: 0.081213 loss_dfl: 2.742084 eta: 0:11:27 batch_cost: 0.6913 data_cost: 0.0028 ips: 5.7863 images/s, max_mem_reserved: 2249 MB, max_mem_allocated: 2009 MB
[09/21 17:14:06] ppdet.engine.callbacks INFO: Epoch: [36] [130/266] learning_rate: 0.000558 loss: 0.940752 loss_cls: 0.621761 loss_iou: 0.079196 loss_dfl: 2.813968 eta: 0:11:20 batch_cost: 0.8466 data_cost: 0.0029 ips: 4.7246 images/s, max_mem_reserved: 2249 MB, max_mem_allocated: 2009 MB
[09/21 17:14:14] ppdet.engine.callbacks INFO: Epoch: [36] [140/266] learning_rate: 0.000554 loss: 0.918920 loss_cls: 0.607872 loss_iou: 0.074538 loss_dfl: 2.609916 eta: 0:11:13 batch_cost: 0.7802 data_cost: 0.0027 ips: 5.1272 images/s, max_mem_reserved: 2249 MB, max_mem_allocated: 2009 MB
[09/21 17:14:22] ppdet.engine.callbacks INFO: Epoch: [36] [150/266] learning_rate: 0.000551 loss: 1.015806 loss_cls: 0.644409 loss_iou: 0.086530 loss_dfl: 2.708910 eta: 0:11:06 batch_cost: 0.7690 data_cost: 0.0026 ips: 5.2013 images/s, max_mem_reserved: 2249 MB, max_mem_allocated: 2009 MB
[09/21 17:14:31] ppdet.engine.callbacks INFO: Epoch: [36] [160/266] learning_rate: 0.000547 loss: 0.992304 loss_cls: 0.657516 loss_iou: 0.078756 loss_dfl: 2.427906 eta: 0:10:58 batch_cost: 0.8363 data_cost: 0.0028 ips: 4.7828 images/s, max_mem_reserved: 2249 MB, max_mem_allocated: 2009 MB
[09/21 17:14:40] ppdet.engine.callbacks INFO: Epoch: [36] [170/266] learning_rate: 0.000544 loss: 0.909462 loss_cls: 0.618399 loss_iou: 0.073155 loss_dfl: 2.446215 eta: 0:10:51 batch_cost: 0.8500 data_cost: 0.0024 ips: 4.7059 images/s, max_mem_reserved: 2249 MB, max_mem_allocated: 2009 MB
[09/21 17:14:47] ppdet.engine.callbacks INFO: Epoch: [36] [180/266] learning_rate: 0.000541 loss: 0.935808 loss_cls: 0.610905 loss_iou: 0.079650 loss_dfl: 2.511435 eta: 0:10:44 batch_cost: 0.6988 data_cost: 0.0028 ips: 5.7244 images/s, max_mem_reserved: 2249 MB, max_mem_allocated: 2009 MB
[09/21 17:14:54] ppdet.engine.callbacks INFO: Epoch: [36] [190/266] learning_rate: 0.000537 loss: 1.033766 loss_cls: 0.668417 loss_iou: 0.083875 loss_dfl: 2.307215 eta: 0:10:37 batch_cost: 0.6598 data_cost: 0.0031 ips: 6.0620 images/s, max_mem_reserved: 2249 MB, max_mem_allocated: 2009 MB
[09/21 17:15:02] ppdet.engine.callbacks INFO: Epoch: [36] [200/266] learning_rate: 0.000534 loss: 0.908472 loss_cls: 0.597006 loss_iou: 0.071452 loss_dfl: 2.732752 eta: 0:10:29 batch_cost: 0.7805 data_cost: 0.0029 ips: 5.1252 images/s, max_mem_reserved: 2249 MB, max_mem_allocated: 2009 MB
[09/21 17:15:11] ppdet.engine.callbacks INFO: Epoch: [36] [210/266] learning_rate: 0.000530 loss: 0.990185 loss_cls: 0.645849 loss_iou: 0.083115 loss_dfl: 2.755265 eta: 0:10:22 batch_cost: 0.8689 data_cost: 0.0027 ips: 4.6037 images/s, max_mem_reserved: 2249 MB, max_mem_allocated: 2009 MB
[09/21 17:15:20] ppdet.engine.callbacks INFO: Epoch: [36] [220/266] learning_rate: 0.000527 loss: 1.035581 loss_cls: 0.653387 loss_iou: 0.096826 loss_dfl: 2.911543 eta: 0:10:15 batch_cost: 0.8051 data_cost: 0.0024 ips: 4.9686 images/s, max_mem_reserved: 2249 MB, max_mem_allocated: 2009 MB
[09/21 17:15:29] ppdet.engine.callbacks INFO: Epoch: [36] [230/266] learning_rate: 0.000524 loss: 1.019892 loss_cls: 0.659471 loss_iou: 0.088791 loss_dfl: 2.903622 eta: 0:10:08 batch_cost: 0.8958 data_cost: 0.0024 ips: 4.4654 images/s, max_mem_reserved: 2249 MB, max_mem_allocated: 2009 MB
[09/21 17:15:36] ppdet.engine.callbacks INFO: Epoch: [36] [240/266] learning_rate: 0.000520 loss: 0.982733 loss_cls: 0.643264 loss_iou: 0.080890 loss_dfl: 2.617652 eta: 0:10:00 batch_cost: 0.6967 data_cost: 0.0026 ips: 5.7410 images/s, max_mem_reserved: 2249 MB, max_mem_allocated: 2009 MB
[09/21 17:15:45] ppdet.engine.callbacks INFO: Epoch: [36] [250/266] learning_rate: 0.000517 loss: 0.905896 loss_cls: 0.601364 loss_iou: 0.064627 loss_dfl: 2.432490 eta: 0:09:53 batch_cost: 0.8183 data_cost: 0.0028 ips: 4.8884 images/s, max_mem_reserved: 2249 MB, max_mem_allocated: 2009 MB
[09/21 17:15:53] ppdet.engine.callbacks INFO: Epoch: [36] [260/266] learning_rate: 0.000514 loss: 1.004597 loss_cls: 0.654534 loss_iou: 0.084131 loss_dfl: 2.640401 eta: 0:09:46 batch_cost: 0.7565 data_cost: 0.0027 ips: 5.2876 images/s, max_mem_reserved: 2249 MB, max_mem_allocated: 2009 MB
[09/21 17:15:58] ppdet.engine.callbacks INFO: Epoch: [37] [  0/266] learning_rate: 0.000512 loss: 0.946304 loss_cls: 0.625895 loss_iou: 0.076046 loss_dfl: 2.541955 eta: 0:09:42 batch_cost: 0.7782 data_cost: 0.0176 ips: 5.1399 images/s, max_mem_reserved: 2249 MB, max_mem_allocated: 2009 MB
[09/21 17:16:07] ppdet.engine.callbacks INFO: Epoch: [37] [ 10/266] learning_rate: 0.000508 loss: 0.908529 loss_cls: 0.603289 loss_iou: 0.070192 loss_dfl: 2.654438 eta: 0:09:34 batch_cost: 0.8386 data_cost: 0.0022 ips: 4.7697 images/s, max_mem_reserved: 2249 MB, max_mem_allocated: 2009 MB
[09/21 17:16:15] ppdet.engine.callbacks INFO: Epoch: [37] [ 20/266] learning_rate: 0.000505 loss: 0.955584 loss_cls: 0.620238 loss_iou: 0.072494 loss_dfl: 2.799852 eta: 0:09:27 batch_cost: 0.8251 data_cost: 0.0024 ips: 4.8478 images/s, max_mem_reserved: 2249 MB, max_mem_allocated: 2009 MB
[09/21 17:16:24] ppdet.engine.callbacks INFO: Epoch: [37] [ 30/266] learning_rate: 0.000502 loss: 0.973809 loss_cls: 0.612954 loss_iou: 0.081700 loss_dfl: 2.753997 eta: 0:09:20 batch_cost: 0.8391 data_cost: 0.0023 ips: 4.7669 images/s, max_mem_reserved: 2249 MB, max_mem_allocated: 2009 MB
[09/21 17:16:33] ppdet.engine.callbacks INFO: Epoch: [37] [ 40/266] learning_rate: 0.000498 loss: 0.999310 loss_cls: 0.642830 loss_iou: 0.084911 loss_dfl: 2.722615 eta: 0:09:13 batch_cost: 0.9011 data_cost: 0.0031 ips: 4.4392 images/s, max_mem_reserved: 2249 MB, max_mem_allocated: 2009 MB
[09/21 17:16:41] ppdet.engine.callbacks INFO: Epoch: [37] [ 50/266] learning_rate: 0.000495 loss: 0.896493 loss_cls: 0.601301 loss_iou: 0.063108 loss_dfl: 2.576814 eta: 0:09:06 batch_cost: 0.7386 data_cost: 0.0028 ips: 5.4154 images/s, max_mem_reserved: 2249 MB, max_mem_allocated: 2009 MB
[09/21 17:16:50] ppdet.engine.callbacks INFO: Epoch: [37] [ 60/266] learning_rate: 0.000492 loss: 0.906055 loss_cls: 0.595801 loss_iou: 0.076228 loss_dfl: 2.624448 eta: 0:08:58 batch_cost: 0.8701 data_cost: 0.0024 ips: 4.5972 images/s, max_mem_reserved: 2249 MB, max_mem_allocated: 2009 MB
[09/21 17:16:58] ppdet.engine.callbacks INFO: Epoch: [37] [ 70/266] learning_rate: 0.000488 loss: 0.927269 loss_cls: 0.616523 loss_iou: 0.077615 loss_dfl: 2.461077 eta: 0:08:51 batch_cost: 0.6889 data_cost: 0.0028 ips: 5.8067 images/s, max_mem_reserved: 2249 MB, max_mem_allocated: 2009 MB
[09/21 17:17:06] ppdet.engine.callbacks INFO: Epoch: [37] [ 80/266] learning_rate: 0.000485 loss: 0.927361 loss_cls: 0.617237 loss_iou: 0.073982 loss_dfl: 2.811347 eta: 0:08:44 batch_cost: 0.7781 data_cost: 0.0027 ips: 5.1405 images/s, max_mem_reserved: 2249 MB, max_mem_allocated: 2009 MB
[09/21 17:17:14] ppdet.engine.callbacks INFO: Epoch: [37] [ 90/266] learning_rate: 0.000482 loss: 1.060548 loss_cls: 0.667495 loss_iou: 0.098449 loss_dfl: 3.220024 eta: 0:08:36 batch_cost: 0.8143 data_cost: 0.0029 ips: 4.9121 images/s, max_mem_reserved: 2249 MB, max_mem_allocated: 2009 MB
[09/21 17:17:22] ppdet.engine.callbacks INFO: Epoch: [37] [100/266] learning_rate: 0.000479 loss: 0.952009 loss_cls: 0.627931 loss_iou: 0.077834 loss_dfl: 2.565161 eta: 0:08:29 batch_cost: 0.7453 data_cost: 0.0025 ips: 5.3671 images/s, max_mem_reserved: 2249 MB, max_mem_allocated: 2009 MB
[09/21 17:17:31] ppdet.engine.callbacks INFO: Epoch: [37] [110/266] learning_rate: 0.000475 loss: 0.944860 loss_cls: 0.593825 loss_iou: 0.082931 loss_dfl: 2.735355 eta: 0:08:22 batch_cost: 0.8703 data_cost: 0.0027 ips: 4.5963 images/s, max_mem_reserved: 2249 MB, max_mem_allocated: 2009 MB
[09/21 17:17:39] ppdet.engine.callbacks INFO: Epoch: [37] [120/266] learning_rate: 0.000472 loss: 0.970789 loss_cls: 0.616945 loss_iou: 0.074376 loss_dfl: 2.877425 eta: 0:08:15 batch_cost: 0.7341 data_cost: 0.0023 ips: 5.4492 images/s, max_mem_reserved: 2249 MB, max_mem_allocated: 2009 MB
[09/21 17:17:46] ppdet.engine.callbacks INFO: Epoch: [37] [130/266] learning_rate: 0.000469 loss: 0.952902 loss_cls: 0.653935 loss_iou: 0.074290 loss_dfl: 2.609554 eta: 0:08:07 batch_cost: 0.7083 data_cost: 0.0029 ips: 5.6472 images/s, max_mem_reserved: 2249 MB, max_mem_allocated: 2009 MB
[09/21 17:17:55] ppdet.engine.callbacks INFO: Epoch: [37] [140/266] learning_rate: 0.000466 loss: 0.926054 loss_cls: 0.629649 loss_iou: 0.068812 loss_dfl: 2.580968 eta: 0:08:00 batch_cost: 0.8324 data_cost: 0.0026 ips: 4.8053 images/s, max_mem_reserved: 2249 MB, max_mem_allocated: 2009 MB
[09/21 17:18:04] ppdet.engine.callbacks INFO: Epoch: [37] [150/266] learning_rate: 0.000462 loss: 1.038661 loss_cls: 0.658353 loss_iou: 0.091458 loss_dfl: 2.490055 eta: 0:07:53 batch_cost: 0.9006 data_cost: 0.0026 ips: 4.4416 images/s, max_mem_reserved: 2249 MB, max_mem_allocated: 2009 MB
[09/21 17:18:14] ppdet.engine.callbacks INFO: Epoch: [37] [160/266] learning_rate: 0.000459 loss: 0.925560 loss_cls: 0.608780 loss_iou: 0.075267 loss_dfl: 2.786656 eta: 0:07:46 batch_cost: 0.9076 data_cost: 0.0025 ips: 4.4075 images/s, max_mem_reserved: 2249 MB, max_mem_allocated: 2009 MB
[09/21 17:18:23] ppdet.engine.callbacks INFO: Epoch: [37] [170/266] learning_rate: 0.000456 loss: 0.931375 loss_cls: 0.607658 loss_iou: 0.074200 loss_dfl: 2.640320 eta: 0:07:39 batch_cost: 0.8817 data_cost: 0.0029 ips: 4.5368 images/s, max_mem_reserved: 2249 MB, max_mem_allocated: 2009 MB
[09/21 17:18:32] ppdet.engine.callbacks INFO: Epoch: [37] [180/266] learning_rate: 0.000453 loss: 0.913590 loss_cls: 0.610651 loss_iou: 0.074591 loss_dfl: 2.614337 eta: 0:07:31 batch_cost: 0.9241 data_cost: 0.0026 ips: 4.3286 images/s, max_mem_reserved: 2249 MB, max_mem_allocated: 2009 MB
[09/21 17:18:41] ppdet.engine.callbacks INFO: Epoch: [37] [190/266] learning_rate: 0.000450 loss: 0.954614 loss_cls: 0.658668 loss_iou: 0.076589 loss_dfl: 2.588812 eta: 0:07:24 batch_cost: 0.8430 data_cost: 0.0028 ips: 4.7448 images/s, max_mem_reserved: 2249 MB, max_mem_allocated: 2009 MB
[09/21 17:18:52] ppdet.engine.callbacks INFO: Epoch: [37] [200/266] learning_rate: 0.000447 loss: 1.010164 loss_cls: 0.645597 loss_iou: 0.089857 loss_dfl: 2.964907 eta: 0:07:17 batch_cost: 0.9933 data_cost: 0.0029 ips: 4.0270 images/s, max_mem_reserved: 2249 MB, max_mem_allocated: 2009 MB
[09/21 17:18:59] ppdet.engine.callbacks INFO: Epoch: [37] [210/266] learning_rate: 0.000443 loss: 0.986554 loss_cls: 0.622779 loss_iou: 0.087125 loss_dfl: 2.813887 eta: 0:07:10 batch_cost: 0.6966 data_cost: 0.0027 ips: 5.7421 images/s, max_mem_reserved: 2249 MB, max_mem_allocated: 2009 MB
[09/21 17:19:07] ppdet.engine.callbacks INFO: Epoch: [37] [220/266] learning_rate: 0.000440 loss: 0.929685 loss_cls: 0.627979 loss_iou: 0.075458 loss_dfl: 2.437939 eta: 0:07:02 batch_cost: 0.7479 data_cost: 0.0028 ips: 5.3486 images/s, max_mem_reserved: 2249 MB, max_mem_allocated: 2009 MB
[09/21 17:19:15] ppdet.engine.callbacks INFO: Epoch: [37] [230/266] learning_rate: 0.000437 loss: 0.950107 loss_cls: 0.612064 loss_iou: 0.075749 loss_dfl: 2.631842 eta: 0:06:55 batch_cost: 0.7496 data_cost: 0.0024 ips: 5.3359 images/s, max_mem_reserved: 2249 MB, max_mem_allocated: 2009 MB
[09/21 17:19:24] ppdet.engine.callbacks INFO: Epoch: [37] [240/266] learning_rate: 0.000434 loss: 1.014616 loss_cls: 0.654246 loss_iou: 0.086193 loss_dfl: 2.886087 eta: 0:06:48 batch_cost: 0.8755 data_cost: 0.0027 ips: 4.5688 images/s, max_mem_reserved: 2249 MB, max_mem_allocated: 2009 MB
[09/21 17:19:33] ppdet.engine.callbacks INFO: Epoch: [37] [250/266] learning_rate: 0.000431 loss: 0.993038 loss_cls: 0.651134 loss_iou: 0.072916 loss_dfl: 2.600257 eta: 0:06:40 batch_cost: 0.8402 data_cost: 0.0027 ips: 4.7606 images/s, max_mem_reserved: 2249 MB, max_mem_allocated: 2009 MB
[09/21 17:19:42] ppdet.engine.callbacks INFO: Epoch: [37] [260/266] learning_rate: 0.000428 loss: 0.898767 loss_cls: 0.599403 loss_iou: 0.067949 loss_dfl: 2.834037 eta: 0:06:33 batch_cost: 0.8939 data_cost: 0.0026 ips: 4.4746 images/s, max_mem_reserved: 2249 MB, max_mem_allocated: 2009 MB
[09/21 17:19:48] ppdet.engine.callbacks INFO: Epoch: [38] [  0/266] learning_rate: 0.000426 loss: 0.888460 loss_cls: 0.596146 loss_iou: 0.069112 loss_dfl: 2.334587 eta: 0:06:29 batch_cost: 0.9720 data_cost: 0.0182 ips: 4.1154 images/s, max_mem_reserved: 2249 MB, max_mem_allocated: 2009 MB
[09/21 17:19:57] ppdet.engine.callbacks INFO: Epoch: [38] [ 10/266] learning_rate: 0.000423 loss: 0.910951 loss_cls: 0.594839 loss_iou: 0.077774 loss_dfl: 2.615155 eta: 0:06:22 batch_cost: 0.8523 data_cost: 0.0026 ips: 4.6931 images/s, max_mem_reserved: 2249 MB, max_mem_allocated: 2009 MB
[09/21 17:20:05] ppdet.engine.callbacks INFO: Epoch: [38] [ 20/266] learning_rate: 0.000420 loss: 0.922074 loss_cls: 0.604129 loss_iou: 0.086410 loss_dfl: 2.407238 eta: 0:06:14 batch_cost: 0.7962 data_cost: 0.0026 ips: 5.0241 images/s, max_mem_reserved: 2249 MB, max_mem_allocated: 2009 MB
[09/21 17:20:15] ppdet.engine.callbacks INFO: Epoch: [38] [ 30/266] learning_rate: 0.000417 loss: 0.930204 loss_cls: 0.602508 loss_iou: 0.079400 loss_dfl: 2.510388 eta: 0:06:07 batch_cost: 0.9178 data_cost: 0.0028 ips: 4.3584 images/s, max_mem_reserved: 2249 MB, max_mem_allocated: 2009 MB
[09/21 17:20:23] ppdet.engine.callbacks INFO: Epoch: [38] [ 40/266] learning_rate: 0.000414 loss: 0.901787 loss_cls: 0.593532 loss_iou: 0.072734 loss_dfl: 2.534596 eta: 0:06:00 batch_cost: 0.8063 data_cost: 0.0026 ips: 4.9610 images/s, max_mem_reserved: 2249 MB, max_mem_allocated: 2009 MB
[09/21 17:20:34] ppdet.engine.callbacks INFO: Epoch: [38] [ 50/266] learning_rate: 0.000411 loss: 0.895294 loss_cls: 0.585749 loss_iou: 0.069454 loss_dfl: 2.625554 eta: 0:05:53 batch_cost: 1.0188 data_cost: 0.0023 ips: 3.9264 images/s, max_mem_reserved: 2249 MB, max_mem_allocated: 2009 MB
[09/21 17:20:43] ppdet.engine.callbacks INFO: Epoch: [38] [ 60/266] learning_rate: 0.000408 loss: 0.926946 loss_cls: 0.608342 loss_iou: 0.075233 loss_dfl: 2.742785 eta: 0:05:45 batch_cost: 0.8710 data_cost: 0.0028 ips: 4.5923 images/s, max_mem_reserved: 2249 MB, max_mem_allocated: 2009 MB
[09/21 17:20:51] ppdet.engine.callbacks INFO: Epoch: [38] [ 70/266] learning_rate: 0.000405 loss: 0.942954 loss_cls: 0.604516 loss_iou: 0.080217 loss_dfl: 2.763119 eta: 0:05:38 batch_cost: 0.7764 data_cost: 0.0030 ips: 5.1517 images/s, max_mem_reserved: 2249 MB, max_mem_allocated: 2009 MB
[09/21 17:20:59] ppdet.engine.callbacks INFO: Epoch: [38] [ 80/266] learning_rate: 0.000402 loss: 0.959872 loss_cls: 0.600568 loss_iou: 0.086847 loss_dfl: 2.901942 eta: 0:05:31 batch_cost: 0.7808 data_cost: 0.0028 ips: 5.1232 images/s, max_mem_reserved: 2249 MB, max_mem_allocated: 2009 MB
[09/21 17:21:08] ppdet.engine.callbacks INFO: Epoch: [38] [ 90/266] learning_rate: 0.000399 loss: 0.987353 loss_cls: 0.650946 loss_iou: 0.079992 loss_dfl: 2.638546 eta: 0:05:24 batch_cost: 0.8212 data_cost: 0.0030 ips: 4.8707 images/s, max_mem_reserved: 2249 MB, max_mem_allocated: 2009 MB
[09/21 17:21:17] ppdet.engine.callbacks INFO: Epoch: [38] [100/266] learning_rate: 0.000396 loss: 0.973452 loss_cls: 0.621874 loss_iou: 0.077960 loss_dfl: 2.607062 eta: 0:05:16 batch_cost: 0.8725 data_cost: 0.0026 ips: 4.5844 images/s, max_mem_reserved: 2249 MB, max_mem_allocated: 2009 MB
[09/21 17:21:26] ppdet.engine.callbacks INFO: Epoch: [38] [110/266] learning_rate: 0.000393 loss: 0.892873 loss_cls: 0.587206 loss_iou: 0.075431 loss_dfl: 2.391502 eta: 0:05:09 batch_cost: 0.8602 data_cost: 0.0028 ips: 4.6503 images/s, max_mem_reserved: 2249 MB, max_mem_allocated: 2009 MB
[09/21 17:21:34] ppdet.engine.callbacks INFO: Epoch: [38] [120/266] learning_rate: 0.000390 loss: 0.978994 loss_cls: 0.622457 loss_iou: 0.080622 loss_dfl: 2.715047 eta: 0:05:02 batch_cost: 0.7784 data_cost: 0.0027 ips: 5.1388 images/s, max_mem_reserved: 2249 MB, max_mem_allocated: 2009 MB
[09/21 17:21:41] ppdet.engine.callbacks INFO: Epoch: [38] [130/266] learning_rate: 0.000387 loss: 1.014829 loss_cls: 0.643254 loss_iou: 0.079489 loss_dfl: 2.955282 eta: 0:04:54 batch_cost: 0.6386 data_cost: 0.0026 ips: 6.2636 images/s, max_mem_reserved: 2249 MB, max_mem_allocated: 2009 MB
[09/21 17:21:49] ppdet.engine.callbacks INFO: Epoch: [38] [140/266] learning_rate: 0.000384 loss: 1.063759 loss_cls: 0.660975 loss_iou: 0.104454 loss_dfl: 2.786148 eta: 0:04:47 batch_cost: 0.7976 data_cost: 0.0031 ips: 5.0148 images/s, max_mem_reserved: 2249 MB, max_mem_allocated: 2009 MB
[09/21 17:21:59] ppdet.engine.callbacks INFO: Epoch: [38] [150/266] learning_rate: 0.000381 loss: 0.944945 loss_cls: 0.627935 loss_iou: 0.077217 loss_dfl: 2.713470 eta: 0:04:40 batch_cost: 0.9470 data_cost: 0.0027 ips: 4.2239 images/s, max_mem_reserved: 2249 MB, max_mem_allocated: 2009 MB
[09/21 17:22:07] ppdet.engine.callbacks INFO: Epoch: [38] [160/266] learning_rate: 0.000378 loss: 0.898135 loss_cls: 0.607238 loss_iou: 0.077014 loss_dfl: 2.323176 eta: 0:04:32 batch_cost: 0.7382 data_cost: 0.0026 ips: 5.4186 images/s, max_mem_reserved: 2249 MB, max_mem_allocated: 2009 MB
[09/21 17:22:16] ppdet.engine.callbacks INFO: Epoch: [38] [170/266] learning_rate: 0.000375 loss: 0.907741 loss_cls: 0.594654 loss_iou: 0.071514 loss_dfl: 2.727068 eta: 0:04:25 batch_cost: 0.8605 data_cost: 0.0029 ips: 4.6484 images/s, max_mem_reserved: 2249 MB, max_mem_allocated: 2009 MB
[09/21 17:22:23] ppdet.engine.callbacks INFO: Epoch: [38] [180/266] learning_rate: 0.000372 loss: 0.922735 loss_cls: 0.604532 loss_iou: 0.068733 loss_dfl: 2.670542 eta: 0:04:18 batch_cost: 0.7064 data_cost: 0.0025 ips: 5.6628 images/s, max_mem_reserved: 2249 MB, max_mem_allocated: 2009 MB
[09/21 17:22:31] ppdet.engine.callbacks INFO: Epoch: [38] [190/266] learning_rate: 0.000369 loss: 0.966146 loss_cls: 0.621216 loss_iou: 0.080770 loss_dfl: 2.911978 eta: 0:04:10 batch_cost: 0.7754 data_cost: 0.0026 ips: 5.1585 images/s, max_mem_reserved: 2249 MB, max_mem_allocated: 2009 MB
[09/21 17:22:40] ppdet.engine.callbacks INFO: Epoch: [38] [200/266] learning_rate: 0.000366 loss: 0.951996 loss_cls: 0.610854 loss_iou: 0.081507 loss_dfl: 2.883653 eta: 0:04:03 batch_cost: 0.8017 data_cost: 0.0028 ips: 4.9892 images/s, max_mem_reserved: 2249 MB, max_mem_allocated: 2009 MB
[09/21 17:22:47] ppdet.engine.callbacks INFO: Epoch: [38] [210/266] learning_rate: 0.000363 loss: 0.921120 loss_cls: 0.623365 loss_iou: 0.075239 loss_dfl: 2.550307 eta: 0:03:56 batch_cost: 0.6715 data_cost: 0.0030 ips: 5.9569 images/s, max_mem_reserved: 2249 MB, max_mem_allocated: 2009 MB
[09/21 17:22:56] ppdet.engine.callbacks INFO: Epoch: [38] [220/266] learning_rate: 0.000361 loss: 0.900637 loss_cls: 0.584837 loss_iou: 0.069093 loss_dfl: 2.667055 eta: 0:03:48 batch_cost: 0.8406 data_cost: 0.0024 ips: 4.7583 images/s, max_mem_reserved: 2249 MB, max_mem_allocated: 2009 MB
[09/21 17:23:05] ppdet.engine.callbacks INFO: Epoch: [38] [230/266] learning_rate: 0.000358 loss: 0.951444 loss_cls: 0.626394 loss_iou: 0.084555 loss_dfl: 2.661955 eta: 0:03:41 batch_cost: 0.8678 data_cost: 0.0029 ips: 4.6095 images/s, max_mem_reserved: 2249 MB, max_mem_allocated: 2009 MB
[09/21 17:23:14] ppdet.engine.callbacks INFO: Epoch: [38] [240/266] learning_rate: 0.000355 loss: 0.965476 loss_cls: 0.619581 loss_iou: 0.076671 loss_dfl: 3.174309 eta: 0:03:34 batch_cost: 0.8693 data_cost: 0.0025 ips: 4.6016 images/s, max_mem_reserved: 2249 MB, max_mem_allocated: 2009 MB
[09/21 17:23:23] ppdet.engine.callbacks INFO: Epoch: [38] [250/266] learning_rate: 0.000352 loss: 0.923112 loss_cls: 0.611407 loss_iou: 0.069277 loss_dfl: 2.300017 eta: 0:03:27 batch_cost: 0.9196 data_cost: 0.0026 ips: 4.3499 images/s, max_mem_reserved: 2249 MB, max_mem_allocated: 2009 MB
[09/21 17:23:31] ppdet.engine.callbacks INFO: Epoch: [38] [260/266] learning_rate: 0.000349 loss: 0.987546 loss_cls: 0.617102 loss_iou: 0.077957 loss_dfl: 2.524421 eta: 0:03:19 batch_cost: 0.7216 data_cost: 0.0025 ips: 5.5430 images/s, max_mem_reserved: 2249 MB, max_mem_allocated: 2009 MB
[09/21 17:23:36] ppdet.engine.callbacks INFO: Epoch: [39] [  0/266] learning_rate: 0.000348 loss: 1.008872 loss_cls: 0.642547 loss_iou: 0.084650 loss_dfl: 2.524421 eta: 0:03:15 batch_cost: 0.8286 data_cost: 0.0177 ips: 4.8275 images/s, max_mem_reserved: 2249 MB, max_mem_allocated: 2009 MB
[09/21 17:23:44] ppdet.engine.callbacks INFO: Epoch: [39] [ 10/266] learning_rate: 0.000345 loss: 0.832923 loss_cls: 0.556476 loss_iou: 0.062647 loss_dfl: 2.460890 eta: 0:03:07 batch_cost: 0.7361 data_cost: 0.0028 ips: 5.4340 images/s, max_mem_reserved: 2249 MB, max_mem_allocated: 2009 MB
[09/21 17:23:54] ppdet.engine.callbacks INFO: Epoch: [39] [ 20/266] learning_rate: 0.000342 loss: 0.957939 loss_cls: 0.636000 loss_iou: 0.077776 loss_dfl: 2.468354 eta: 0:03:00 batch_cost: 0.9439 data_cost: 0.0024 ips: 4.2379 images/s, max_mem_reserved: 2249 MB, max_mem_allocated: 2009 MB
[09/21 17:24:03] ppdet.engine.callbacks INFO: Epoch: [39] [ 30/266] learning_rate: 0.000339 loss: 0.913401 loss_cls: 0.612499 loss_iou: 0.068374 loss_dfl: 2.589837 eta: 0:02:53 batch_cost: 0.9320 data_cost: 0.0025 ips: 4.2917 images/s, max_mem_reserved: 2249 MB, max_mem_allocated: 2009 MB
[09/21 17:24:11] ppdet.engine.callbacks INFO: Epoch: [39] [ 40/266] learning_rate: 0.000336 loss: 0.919316 loss_cls: 0.623207 loss_iou: 0.070843 loss_dfl: 2.524020 eta: 0:02:46 batch_cost: 0.6646 data_cost: 0.0030 ips: 6.0184 images/s, max_mem_reserved: 2249 MB, max_mem_allocated: 2009 MB
[09/21 17:24:20] ppdet.engine.callbacks INFO: Epoch: [39] [ 50/266] learning_rate: 0.000334 loss: 0.965802 loss_cls: 0.628932 loss_iou: 0.082367 loss_dfl: 2.603631 eta: 0:02:38 batch_cost: 0.8790 data_cost: 0.0029 ips: 4.5508 images/s, max_mem_reserved: 2249 MB, max_mem_allocated: 2009 MB
[09/21 17:24:27] ppdet.engine.callbacks INFO: Epoch: [39] [ 60/266] learning_rate: 0.000331 loss: 0.931387 loss_cls: 0.602001 loss_iou: 0.072332 loss_dfl: 2.790838 eta: 0:02:31 batch_cost: 0.6969 data_cost: 0.0027 ips: 5.7400 images/s, max_mem_reserved: 2249 MB, max_mem_allocated: 2009 MB
[09/21 17:24:35] ppdet.engine.callbacks INFO: Epoch: [39] [ 70/266] learning_rate: 0.000328 loss: 0.958997 loss_cls: 0.619611 loss_iou: 0.081580 loss_dfl: 2.794182 eta: 0:02:24 batch_cost: 0.7764 data_cost: 0.0026 ips: 5.1522 images/s, max_mem_reserved: 2249 MB, max_mem_allocated: 2009 MB
[09/21 17:24:43] ppdet.engine.callbacks INFO: Epoch: [39] [ 80/266] learning_rate: 0.000325 loss: 0.942942 loss_cls: 0.612593 loss_iou: 0.084397 loss_dfl: 2.573591 eta: 0:02:16 batch_cost: 0.7532 data_cost: 0.0027 ips: 5.3105 images/s, max_mem_reserved: 2249 MB, max_mem_allocated: 2009 MB
[09/21 17:24:52] ppdet.engine.callbacks INFO: Epoch: [39] [ 90/266] learning_rate: 0.000323 loss: 0.928319 loss_cls: 0.614066 loss_iou: 0.073922 loss_dfl: 2.681520 eta: 0:02:09 batch_cost: 0.8912 data_cost: 0.0030 ips: 4.4885 images/s, max_mem_reserved: 2249 MB, max_mem_allocated: 2009 MB
[09/21 17:25:01] ppdet.engine.callbacks INFO: Epoch: [39] [100/266] learning_rate: 0.000320 loss: 0.946713 loss_cls: 0.642460 loss_iou: 0.074975 loss_dfl: 2.460899 eta: 0:02:02 batch_cost: 0.8571 data_cost: 0.0027 ips: 4.6671 images/s, max_mem_reserved: 2249 MB, max_mem_allocated: 2009 MB
[09/21 17:25:09] ppdet.engine.callbacks INFO: Epoch: [39] [110/266] learning_rate: 0.000317 loss: 0.898609 loss_cls: 0.580353 loss_iou: 0.067274 loss_dfl: 2.729013 eta: 0:01:54 batch_cost: 0.7810 data_cost: 0.0025 ips: 5.1217 images/s, max_mem_reserved: 2249 MB, max_mem_allocated: 2009 MB
[09/21 17:25:20] ppdet.engine.callbacks INFO: Epoch: [39] [120/266] learning_rate: 0.000315 loss: 0.929170 loss_cls: 0.603269 loss_iou: 0.075385 loss_dfl: 2.746880 eta: 0:01:47 batch_cost: 1.0066 data_cost: 0.0028 ips: 3.9740 images/s, max_mem_reserved: 2249 MB, max_mem_allocated: 2009 MB
[09/21 17:25:28] ppdet.engine.callbacks INFO: Epoch: [39] [130/266] learning_rate: 0.000312 loss: 0.943815 loss_cls: 0.628916 loss_iou: 0.081761 loss_dfl: 2.390070 eta: 0:01:40 batch_cost: 0.8258 data_cost: 0.0029 ips: 4.8438 images/s, max_mem_reserved: 2249 MB, max_mem_allocated: 2009 MB
[09/21 17:25:36] ppdet.engine.callbacks INFO: Epoch: [39] [140/266] learning_rate: 0.000309 loss: 0.962137 loss_cls: 0.627360 loss_iou: 0.076148 loss_dfl: 2.786352 eta: 0:01:32 batch_cost: 0.7120 data_cost: 0.0027 ips: 5.6177 images/s, max_mem_reserved: 2249 MB, max_mem_allocated: 2009 MB
[09/21 17:25:45] ppdet.engine.callbacks INFO: Epoch: [39] [150/266] learning_rate: 0.000306 loss: 0.877245 loss_cls: 0.578592 loss_iou: 0.065868 loss_dfl: 2.592441 eta: 0:01:25 batch_cost: 0.8617 data_cost: 0.0024 ips: 4.6421 images/s, max_mem_reserved: 2249 MB, max_mem_allocated: 2009 MB
[09/21 17:25:54] ppdet.engine.callbacks INFO: Epoch: [39] [160/266] learning_rate: 0.000304 loss: 0.871173 loss_cls: 0.577326 loss_iou: 0.061449 loss_dfl: 2.682915 eta: 0:01:17 batch_cost: 0.9062 data_cost: 0.0028 ips: 4.4142 images/s, max_mem_reserved: 2249 MB, max_mem_allocated: 2009 MB
[09/21 17:26:04] ppdet.engine.callbacks INFO: Epoch: [39] [170/266] learning_rate: 0.000301 loss: 0.905206 loss_cls: 0.588359 loss_iou: 0.071275 loss_dfl: 2.539806 eta: 0:01:10 batch_cost: 0.9158 data_cost: 0.0026 ips: 4.3676 images/s, max_mem_reserved: 2249 MB, max_mem_allocated: 2009 MB
[09/21 17:26:13] ppdet.engine.callbacks INFO: Epoch: [39] [180/266] learning_rate: 0.000299 loss: 0.928692 loss_cls: 0.596169 loss_iou: 0.071095 loss_dfl: 2.744905 eta: 0:01:03 batch_cost: 0.8512 data_cost: 0.0026 ips: 4.6990 images/s, max_mem_reserved: 2249 MB, max_mem_allocated: 2009 MB
[09/21 17:26:23] ppdet.engine.callbacks INFO: Epoch: [39] [190/266] learning_rate: 0.000296 loss: 0.936338 loss_cls: 0.623125 loss_iou: 0.078648 loss_dfl: 2.881546 eta: 0:00:55 batch_cost: 0.9740 data_cost: 0.0028 ips: 4.1066 images/s, max_mem_reserved: 2249 MB, max_mem_allocated: 2009 MB
[09/21 17:26:32] ppdet.engine.callbacks INFO: Epoch: [39] [200/266] learning_rate: 0.000293 loss: 0.968825 loss_cls: 0.624883 loss_iou: 0.079796 loss_dfl: 2.825081 eta: 0:00:48 batch_cost: 0.8377 data_cost: 0.0028 ips: 4.7748 images/s, max_mem_reserved: 2249 MB, max_mem_allocated: 2009 MB
[09/21 17:26:41] ppdet.engine.callbacks INFO: Epoch: [39] [210/266] learning_rate: 0.000291 loss: 0.883279 loss_cls: 0.593866 loss_iou: 0.070502 loss_dfl: 2.567132 eta: 0:00:41 batch_cost: 0.8827 data_cost: 0.0028 ips: 4.5313 images/s, max_mem_reserved: 2249 MB, max_mem_allocated: 2009 MB
[09/21 17:26:51] ppdet.engine.callbacks INFO: Epoch: [39] [220/266] learning_rate: 0.000288 loss: 0.937955 loss_cls: 0.607668 loss_iou: 0.082644 loss_dfl: 2.436604 eta: 0:00:33 batch_cost: 0.9921 data_cost: 0.0027 ips: 4.0317 images/s, max_mem_reserved: 2249 MB, max_mem_allocated: 2009 MB
[09/21 17:27:00] ppdet.engine.callbacks INFO: Epoch: [39] [230/266] learning_rate: 0.000286 loss: 0.964358 loss_cls: 0.644222 loss_iou: 0.078598 loss_dfl: 2.735672 eta: 0:00:26 batch_cost: 0.8185 data_cost: 0.0029 ips: 4.8869 images/s, max_mem_reserved: 2249 MB, max_mem_allocated: 2009 MB
[09/21 17:27:10] ppdet.engine.callbacks INFO: Epoch: [39] [240/266] learning_rate: 0.000283 loss: 0.920419 loss_cls: 0.607868 loss_iou: 0.071131 loss_dfl: 2.633068 eta: 0:00:19 batch_cost: 0.9733 data_cost: 0.0025 ips: 4.1099 images/s, max_mem_reserved: 2249 MB, max_mem_allocated: 2009 MB
[09/21 17:27:17] ppdet.engine.callbacks INFO: Epoch: [39] [250/266] learning_rate: 0.000280 loss: 0.999300 loss_cls: 0.629785 loss_iou: 0.078346 loss_dfl: 2.801535 eta: 0:00:11 batch_cost: 0.6911 data_cost: 0.0025 ips: 5.7876 images/s, max_mem_reserved: 2249 MB, max_mem_allocated: 2009 MB
[09/21 17:27:26] ppdet.engine.callbacks INFO: Epoch: [39] [260/266] learning_rate: 0.000278 loss: 0.901342 loss_cls: 0.605521 loss_iou: 0.079607 loss_dfl: 2.495304 eta: 0:00:04 batch_cost: 0.8792 data_cost: 0.0026 ips: 4.5494 images/s, max_mem_reserved: 2249 MB, max_mem_allocated: 2009 MB
[09/21 17:27:31] ppdet.utils.checkpoint INFO: Save checkpoint: output_aug
[09/21 17:27:31] ppdet.engine.callbacks INFO: Eval iter: 0
[09/21 17:27:38] ppdet.metrics.metrics INFO: Accumulating evaluatation results...
[09/21 17:27:38] ppdet.metrics.metrics INFO: mAP(0.50, 11point) = 90.05%
[09/21 17:27:38] ppdet.engine.callbacks INFO: Total sample number: 100, average FPS: 14.40860402701256
[09/21 17:27:38] ppdet.engine INFO: Best test bbox ap is 0.901.
[09/21 17:27:38] ppdet.utils.checkpoint INFO: Save checkpoint: output_aug
