Warning: Unable to use numba in PP-Tracking, please install numba, for example(python3.7): `pip install numba==0.56.4`
Warning: Unable to use numba in PP-Tracking, please install numba, for example(python3.7): `pip install numba==0.56.4`
loading annotations into memory...
Done (t=0.01s)
creating index...
index created!
[09/21 23:20:26] ppdet.data.source.coco INFO: Load [659 samples valid, 0 samples invalid] in file dataset/banknotes_obb\annotations/train_plus_extra.json.
[09/21 23:20:30] ppdet.utils.checkpoint INFO: The shape [15] in pretrained weight yolo_head.pred_cls.0.bias is unmatched with the shape [1] in model yolo_head.pred_cls.0.bias. And the weight yolo_head.pred_cls.0.bias will not be loaded
[09/21 23:20:30] ppdet.utils.checkpoint INFO: The shape [15, 384, 3, 3] in pretrained weight yolo_head.pred_cls.0.weight is unmatched with the shape [1, 384, 3, 3] in model yolo_head.pred_cls.0.weight. And the weight yolo_head.pred_cls.0.weight will not be loaded
[09/21 23:20:30] ppdet.utils.checkpoint INFO: The shape [15] in pretrained weight yolo_head.pred_cls.1.bias is unmatched with the shape [1] in model yolo_head.pred_cls.1.bias. And the weight yolo_head.pred_cls.1.bias will not be loaded
[09/21 23:20:30] ppdet.utils.checkpoint INFO: The shape [15, 192, 3, 3] in pretrained weight yolo_head.pred_cls.1.weight is unmatched with the shape [1, 192, 3, 3] in model yolo_head.pred_cls.1.weight. And the weight yolo_head.pred_cls.1.weight will not be loaded
[09/21 23:20:30] ppdet.utils.checkpoint INFO: The shape [15] in pretrained weight yolo_head.pred_cls.2.bias is unmatched with the shape [1] in model yolo_head.pred_cls.2.bias. And the weight yolo_head.pred_cls.2.bias will not be loaded
[09/21 23:20:30] ppdet.utils.checkpoint INFO: The shape [15, 96, 3, 3] in pretrained weight yolo_head.pred_cls.2.weight is unmatched with the shape [1, 96, 3, 3] in model yolo_head.pred_cls.2.weight. And the weight yolo_head.pred_cls.2.weight will not be loaded
[09/21 23:20:30] ppdet.utils.checkpoint INFO: Finish loading model weights: C:\Users\Clara/.cache/paddle/weights\ppyoloe_r_crn_s_3x_dota.pdparams
[09/21 23:20:34] ppdet.engine.callbacks INFO: Epoch: [0] [  0/164] learning_rate: 0.000000 loss: 2.770923 loss_cls: 1.815935 loss_iou: 0.308009 loss_dfl: 3.699308 eta: 9:54:49 batch_cost: 3.6269 data_cost: 0.0101 ips: 1.1029 images/s, max_mem_reserved: 2089 MB, max_mem_allocated: 1840 MB
[09/21 23:20:39] ppdet.engine.callbacks INFO: Epoch: [0] [ 10/164] learning_rate: 0.000200 loss: 2.751460 loss_cls: 1.692245 loss_iou: 0.352882 loss_dfl: 3.784895 eta: 2:05:04 batch_cost: 0.4771 data_cost: 0.0026 ips: 8.3842 images/s, max_mem_reserved: 2161 MB, max_mem_allocated: 1979 MB
[09/21 23:20:44] ppdet.engine.callbacks INFO: Epoch: [0] [ 20/164] learning_rate: 0.000400 loss: 2.231386 loss_cls: 1.356844 loss_iou: 0.293785 loss_dfl: 3.558602 eta: 1:43:12 batch_cost: 0.4845 data_cost: 0.0023 ips: 8.2554 images/s, max_mem_reserved: 2161 MB, max_mem_allocated: 1979 MB
[09/21 23:20:49] ppdet.engine.callbacks INFO: Epoch: [0] [ 30/164] learning_rate: 0.000600 loss: 1.945935 loss_cls: 1.067081 loss_iou: 0.293905 loss_dfl: 3.839141 eta: 1:33:59 batch_cost: 0.4578 data_cost: 0.0021 ips: 8.7376 images/s, max_mem_reserved: 2161 MB, max_mem_allocated: 1979 MB
[09/21 23:20:54] ppdet.engine.callbacks INFO: Epoch: [0] [ 40/164] learning_rate: 0.000800 loss: 1.857108 loss_cls: 1.060581 loss_iou: 0.279768 loss_dfl: 3.502365 eta: 1:28:30 batch_cost: 0.4398 data_cost: 0.0036 ips: 9.0948 images/s, max_mem_reserved: 2161 MB, max_mem_allocated: 1979 MB
[09/21 23:20:59] ppdet.engine.callbacks INFO: Epoch: [0] [ 50/164] learning_rate: 0.001000 loss: 1.924262 loss_cls: 1.044135 loss_iou: 0.272460 loss_dfl: 3.780096 eta: 1:25:22 batch_cost: 0.4468 data_cost: 0.0021 ips: 8.9518 images/s, max_mem_reserved: 2161 MB, max_mem_allocated: 1979 MB
[09/21 23:21:04] ppdet.engine.callbacks INFO: Epoch: [0] [ 60/164] learning_rate: 0.001200 loss: 1.828296 loss_cls: 1.019399 loss_iou: 0.251321 loss_dfl: 3.534586 eta: 1:23:22 batch_cost: 0.4512 data_cost: 0.0022 ips: 8.8649 images/s, max_mem_reserved: 2161 MB, max_mem_allocated: 1979 MB
[09/21 23:21:09] ppdet.engine.callbacks INFO: Epoch: [0] [ 70/164] learning_rate: 0.001400 loss: 1.834861 loss_cls: 1.042421 loss_iou: 0.253921 loss_dfl: 3.955083 eta: 1:21:48 batch_cost: 0.4469 data_cost: 0.0022 ips: 8.9511 images/s, max_mem_reserved: 2161 MB, max_mem_allocated: 1979 MB
[09/21 23:21:14] ppdet.engine.callbacks INFO: Epoch: [0] [ 80/164] learning_rate: 0.001600 loss: 1.824764 loss_cls: 1.004545 loss_iou: 0.243987 loss_dfl: 3.664895 eta: 1:21:41 batch_cost: 0.5006 data_cost: 0.0026 ips: 7.9904 images/s, max_mem_reserved: 2161 MB, max_mem_allocated: 1980 MB
[09/21 23:21:19] ppdet.engine.callbacks INFO: Epoch: [0] [ 90/164] learning_rate: 0.001800 loss: 1.783007 loss_cls: 0.999012 loss_iou: 0.248499 loss_dfl: 3.615764 eta: 1:20:38 batch_cost: 0.4482 data_cost: 0.0024 ips: 8.9239 images/s, max_mem_reserved: 2161 MB, max_mem_allocated: 1980 MB
[09/21 23:21:24] ppdet.engine.callbacks INFO: Epoch: [0] [100/164] learning_rate: 0.002000 loss: 1.732804 loss_cls: 1.000882 loss_iou: 0.208492 loss_dfl: 3.360668 eta: 1:19:30 batch_cost: 0.4316 data_cost: 0.0024 ips: 9.2675 images/s, max_mem_reserved: 2161 MB, max_mem_allocated: 1980 MB
[09/21 23:21:29] ppdet.engine.callbacks INFO: Epoch: [0] [110/164] learning_rate: 0.002200 loss: 1.714601 loss_cls: 1.011366 loss_iou: 0.220738 loss_dfl: 3.294718 eta: 1:19:09 batch_cost: 0.4709 data_cost: 0.0028 ips: 8.4945 images/s, max_mem_reserved: 2161 MB, max_mem_allocated: 1980 MB
[09/21 23:21:35] ppdet.engine.callbacks INFO: Epoch: [0] [120/164] learning_rate: 0.002400 loss: 1.735562 loss_cls: 1.015331 loss_iou: 0.214337 loss_dfl: 3.728999 eta: 1:19:07 batch_cost: 0.4918 data_cost: 0.0023 ips: 8.1341 images/s, max_mem_reserved: 2161 MB, max_mem_allocated: 1980 MB
[09/21 23:21:48] ppdet.engine.callbacks INFO: Epoch: [0] [130/164] learning_rate: 0.002600 loss: 1.795827 loss_cls: 1.061448 loss_iou: 0.207682 loss_dfl: 3.377986 eta: 1:28:45 batch_cost: 1.2747 data_cost: 0.0028 ips: 3.1379 images/s, max_mem_reserved: 2161 MB, max_mem_allocated: 1980 MB
[09/21 23:22:50] ppdet.engine.callbacks INFO: Epoch: [0] [140/164] learning_rate: 0.002800 loss: 1.795978 loss_cls: 1.066568 loss_iou: 0.226679 loss_dfl: 3.589060 eta: 2:32:58 batch_cost: 6.1568 data_cost: 0.0031 ips: 0.6497 images/s, max_mem_reserved: 2161 MB, max_mem_allocated: 1980 MB
[09/21 23:24:08] ppdet.engine.callbacks INFO: Epoch: [0] [150/164] learning_rate: 0.003000 loss: 1.669526 loss_cls: 0.971454 loss_iou: 0.213252 loss_dfl: 3.322316 eta: 3:46:03 batch_cost: 7.7953 data_cost: 0.0030 ips: 0.5131 images/s, max_mem_reserved: 2161 MB, max_mem_allocated: 1980 MB
[09/21 23:24:14] ppdet.engine.callbacks INFO: Epoch: [0] [160/164] learning_rate: 0.003200 loss: 1.665838 loss_cls: 0.974899 loss_iou: 0.205810 loss_dfl: 3.204935 eta: 3:37:20 batch_cost: 0.5519 data_cost: 0.0027 ips: 7.2472 images/s, max_mem_reserved: 2161 MB, max_mem_allocated: 1980 MB
[09/21 23:24:16] ppdet.engine.callbacks INFO: Epoch: [1] [  0/164] learning_rate: 0.003280 loss: 1.711213 loss_cls: 0.979577 loss_iou: 0.212256 loss_dfl: 3.258498 eta: 3:34:13 batch_cost: 0.5222 data_cost: 0.0390 ips: 7.6596 images/s, max_mem_reserved: 2161 MB, max_mem_allocated: 1980 MB
[09/21 23:24:22] ppdet.engine.callbacks INFO: Epoch: [1] [ 10/164] learning_rate: 0.003480 loss: 1.694650 loss_cls: 0.988090 loss_iou: 0.230912 loss_dfl: 3.528275 eta: 3:26:20 batch_cost: 0.4961 data_cost: 0.0012 ips: 8.0636 images/s, max_mem_reserved: 2161 MB, max_mem_allocated: 1980 MB
[09/21 23:24:27] ppdet.engine.callbacks INFO: Epoch: [1] [ 20/164] learning_rate: 0.003680 loss: 1.833680 loss_cls: 1.098177 loss_iou: 0.221163 loss_dfl: 3.214294 eta: 3:18:58 batch_cost: 0.4596 data_cost: 0.0010 ips: 8.7037 images/s, max_mem_reserved: 2161 MB, max_mem_allocated: 1980 MB
[09/21 23:24:32] ppdet.engine.callbacks INFO: Epoch: [1] [ 30/164] learning_rate: 0.003880 loss: 1.635719 loss_cls: 0.920537 loss_iou: 0.218942 loss_dfl: 3.587186 eta: 3:12:12 batch_cost: 0.4394 data_cost: 0.0017 ips: 9.1038 images/s, max_mem_reserved: 2161 MB, max_mem_allocated: 1980 MB
[09/21 23:24:37] ppdet.engine.callbacks INFO: Epoch: [1] [ 40/164] learning_rate: 0.004000 loss: 1.683538 loss_cls: 1.005572 loss_iou: 0.209758 loss_dfl: 3.401223 eta: 3:06:01 batch_cost: 0.4334 data_cost: 0.0015 ips: 9.2286 images/s, max_mem_reserved: 2161 MB, max_mem_allocated: 1980 MB
[09/21 23:24:42] ppdet.engine.callbacks INFO: Epoch: [1] [ 50/164] learning_rate: 0.004000 loss: 1.782493 loss_cls: 1.016651 loss_iou: 0.216958 loss_dfl: 3.594084 eta: 3:00:56 batch_cost: 0.5029 data_cost: 0.0013 ips: 7.9541 images/s, max_mem_reserved: 2161 MB, max_mem_allocated: 1980 MB
[09/21 23:24:47] ppdet.engine.callbacks INFO: Epoch: [1] [ 60/164] learning_rate: 0.004000 loss: 1.696619 loss_cls: 1.002984 loss_iou: 0.222421 loss_dfl: 3.263184 eta: 2:55:38 batch_cost: 0.4104 data_cost: 0.0013 ips: 9.7468 images/s, max_mem_reserved: 2161 MB, max_mem_allocated: 1980 MB
[09/21 23:24:52] ppdet.engine.callbacks INFO: Epoch: [1] [ 70/164] learning_rate: 0.004000 loss: 1.698476 loss_cls: 1.035230 loss_iou: 0.209604 loss_dfl: 3.379413 eta: 2:51:00 batch_cost: 0.4418 data_cost: 0.0013 ips: 9.0544 images/s, max_mem_reserved: 2161 MB, max_mem_allocated: 1980 MB
[09/21 23:24:57] ppdet.engine.callbacks INFO: Epoch: [1] [ 80/164] learning_rate: 0.004000 loss: 1.666566 loss_cls: 0.981376 loss_iou: 0.198981 loss_dfl: 3.596567 eta: 2:47:04 batch_cost: 0.4920 data_cost: 0.0021 ips: 8.1303 images/s, max_mem_reserved: 2161 MB, max_mem_allocated: 1980 MB
[09/21 23:25:03] ppdet.engine.callbacks INFO: Epoch: [1] [ 90/164] learning_rate: 0.004000 loss: 1.674138 loss_cls: 1.011137 loss_iou: 0.212039 loss_dfl: 3.311459 eta: 2:43:22 batch_cost: 0.4821 data_cost: 0.0026 ips: 8.2969 images/s, max_mem_reserved: 2161 MB, max_mem_allocated: 1980 MB
[09/21 23:25:08] ppdet.engine.callbacks INFO: Epoch: [1] [100/164] learning_rate: 0.004000 loss: 1.665622 loss_cls: 0.984240 loss_iou: 0.205914 loss_dfl: 3.204798 eta: 2:39:52 batch_cost: 0.4714 data_cost: 0.0026 ips: 8.4862 images/s, max_mem_reserved: 2161 MB, max_mem_allocated: 1980 MB
[09/21 23:25:13] ppdet.engine.callbacks INFO: Epoch: [1] [110/164] learning_rate: 0.004000 loss: 1.698723 loss_cls: 1.006227 loss_iou: 0.202121 loss_dfl: 3.186614 eta: 2:36:36 batch_cost: 0.4672 data_cost: 0.0022 ips: 8.5613 images/s, max_mem_reserved: 2161 MB, max_mem_allocated: 1980 MB
[09/21 23:25:18] ppdet.engine.callbacks INFO: Epoch: [1] [120/164] learning_rate: 0.003999 loss: 1.656606 loss_cls: 1.015040 loss_iou: 0.190389 loss_dfl: 3.436448 eta: 2:33:26 batch_cost: 0.4432 data_cost: 0.0025 ips: 9.0244 images/s, max_mem_reserved: 2161 MB, max_mem_allocated: 1980 MB
[09/21 23:25:23] ppdet.engine.callbacks INFO: Epoch: [1] [130/164] learning_rate: 0.003999 loss: 1.661511 loss_cls: 1.014298 loss_iou: 0.198980 loss_dfl: 3.189557 eta: 2:30:31 batch_cost: 0.4522 data_cost: 0.0024 ips: 8.8451 images/s, max_mem_reserved: 2161 MB, max_mem_allocated: 1980 MB
[09/21 23:25:28] ppdet.engine.callbacks INFO: Epoch: [1] [140/164] learning_rate: 0.003999 loss: 1.726419 loss_cls: 1.072401 loss_iou: 0.198037 loss_dfl: 3.415071 eta: 2:27:50 batch_cost: 0.4625 data_cost: 0.0024 ips: 8.6479 images/s, max_mem_reserved: 2161 MB, max_mem_allocated: 1980 MB
[09/21 23:25:34] ppdet.engine.callbacks INFO: Epoch: [1] [150/164] learning_rate: 0.003999 loss: 1.684143 loss_cls: 1.040537 loss_iou: 0.195698 loss_dfl: 2.916849 eta: 2:25:25 batch_cost: 0.4794 data_cost: 0.0031 ips: 8.3446 images/s, max_mem_reserved: 2161 MB, max_mem_allocated: 1980 MB
[09/21 23:25:39] ppdet.engine.callbacks INFO: Epoch: [1] [160/164] learning_rate: 0.003999 loss: 1.651120 loss_cls: 1.017165 loss_iou: 0.195626 loss_dfl: 3.321424 eta: 2:23:05 batch_cost: 0.4704 data_cost: 0.0025 ips: 8.5027 images/s, max_mem_reserved: 2161 MB, max_mem_allocated: 1980 MB
[09/21 23:25:41] ppdet.engine.callbacks INFO: Epoch: [2] [  0/164] learning_rate: 0.003999 loss: 1.654249 loss_cls: 1.023696 loss_iou: 0.191625 loss_dfl: 3.372818 eta: 2:22:15 batch_cost: 0.4855 data_cost: 0.0368 ips: 8.2384 images/s, max_mem_reserved: 2161 MB, max_mem_allocated: 1980 MB
[09/21 23:25:47] ppdet.engine.callbacks INFO: Epoch: [2] [ 10/164] learning_rate: 0.003999 loss: 1.638542 loss_cls: 1.020878 loss_iou: 0.192412 loss_dfl: 3.537397 eta: 2:20:23 batch_cost: 0.5276 data_cost: 0.0209 ips: 7.5820 images/s, max_mem_reserved: 2161 MB, max_mem_allocated: 1980 MB
[09/21 23:25:53] ppdet.engine.callbacks INFO: Epoch: [2] [ 20/164] learning_rate: 0.003998 loss: 1.615103 loss_cls: 0.969471 loss_iou: 0.198085 loss_dfl: 3.109356 eta: 2:18:30 batch_cost: 0.5061 data_cost: 0.0180 ips: 7.9039 images/s, max_mem_reserved: 2161 MB, max_mem_allocated: 1980 MB
[09/21 23:25:58] ppdet.engine.callbacks INFO: Epoch: [2] [ 30/164] learning_rate: 0.003998 loss: 1.585763 loss_cls: 1.002998 loss_iou: 0.173151 loss_dfl: 3.130207 eta: 2:16:34 batch_cost: 0.4666 data_cost: 0.0056 ips: 8.5727 images/s, max_mem_reserved: 2161 MB, max_mem_allocated: 1980 MB
[09/21 23:26:04] ppdet.engine.callbacks INFO: Epoch: [2] [ 40/164] learning_rate: 0.003998 loss: 1.688910 loss_cls: 1.015746 loss_iou: 0.182761 loss_dfl: 3.548506 eta: 2:14:52 batch_cost: 0.5038 data_cost: 0.0066 ips: 7.9402 images/s, max_mem_reserved: 2161 MB, max_mem_allocated: 1980 MB
[09/21 23:26:09] ppdet.engine.callbacks INFO: Epoch: [2] [ 50/164] learning_rate: 0.003998 loss: 1.662465 loss_cls: 0.971360 loss_iou: 0.199130 loss_dfl: 3.300333 eta: 2:13:15 batch_cost: 0.4982 data_cost: 0.0286 ips: 8.0296 images/s, max_mem_reserved: 2161 MB, max_mem_allocated: 1980 MB
[09/21 23:26:15] ppdet.engine.callbacks INFO: Epoch: [2] [ 60/164] learning_rate: 0.003997 loss: 1.657668 loss_cls: 0.987692 loss_iou: 0.192826 loss_dfl: 3.500948 eta: 2:11:42 batch_cost: 0.4964 data_cost: 0.0014 ips: 8.0574 images/s, max_mem_reserved: 2161 MB, max_mem_allocated: 1980 MB
[09/21 23:26:20] ppdet.engine.callbacks INFO: Epoch: [2] [ 70/164] learning_rate: 0.003997 loss: 1.664696 loss_cls: 0.990702 loss_iou: 0.197160 loss_dfl: 3.432498 eta: 2:10:17 batch_cost: 0.5115 data_cost: 0.0012 ips: 7.8198 images/s, max_mem_reserved: 2161 MB, max_mem_allocated: 1980 MB
[09/21 23:26:26] ppdet.engine.callbacks INFO: Epoch: [2] [ 80/164] learning_rate: 0.003997 loss: 1.625108 loss_cls: 1.035515 loss_iou: 0.180435 loss_dfl: 3.166906 eta: 2:08:50 batch_cost: 0.4896 data_cost: 0.0028 ips: 8.1692 images/s, max_mem_reserved: 2161 MB, max_mem_allocated: 1980 MB
[09/21 23:26:31] ppdet.engine.callbacks INFO: Epoch: [2] [ 90/164] learning_rate: 0.003997 loss: 1.583922 loss_cls: 0.997949 loss_iou: 0.168126 loss_dfl: 3.231889 eta: 2:07:23 batch_cost: 0.4698 data_cost: 0.0030 ips: 8.5142 images/s, max_mem_reserved: 2161 MB, max_mem_allocated: 1980 MB
[09/21 23:26:37] ppdet.engine.callbacks INFO: Epoch: [2] [100/164] learning_rate: 0.003996 loss: 1.624394 loss_cls: 0.997007 loss_iou: 0.179871 loss_dfl: 2.705364 eta: 2:06:01 batch_cost: 0.4713 data_cost: 0.0015 ips: 8.4874 images/s, max_mem_reserved: 2161 MB, max_mem_allocated: 1980 MB
[09/21 23:26:42] ppdet.engine.callbacks INFO: Epoch: [2] [110/164] learning_rate: 0.003996 loss: 1.643073 loss_cls: 1.021394 loss_iou: 0.168771 loss_dfl: 3.291861 eta: 2:04:42 batch_cost: 0.4723 data_cost: 0.0233 ips: 8.4693 images/s, max_mem_reserved: 2161 MB, max_mem_allocated: 1980 MB
[09/21 23:26:47] ppdet.engine.callbacks INFO: Epoch: [2] [120/164] learning_rate: 0.003995 loss: 1.719535 loss_cls: 1.044173 loss_iou: 0.197030 loss_dfl: 3.495451 eta: 2:03:27 batch_cost: 0.4777 data_cost: 0.0072 ips: 8.3727 images/s, max_mem_reserved: 2161 MB, max_mem_allocated: 1980 MB
[09/21 23:26:53] ppdet.engine.callbacks INFO: Epoch: [2] [130/164] learning_rate: 0.003995 loss: 1.651772 loss_cls: 1.028031 loss_iou: 0.189038 loss_dfl: 3.611299 eta: 2:02:24 batch_cost: 0.5191 data_cost: 0.0358 ips: 7.7051 images/s, max_mem_reserved: 2161 MB, max_mem_allocated: 1980 MB
[09/21 23:26:58] ppdet.engine.callbacks INFO: Epoch: [2] [140/164] learning_rate: 0.003995 loss: 1.666597 loss_cls: 0.991963 loss_iou: 0.203836 loss_dfl: 3.080034 eta: 2:01:09 batch_cost: 0.4446 data_cost: 0.0016 ips: 8.9972 images/s, max_mem_reserved: 2161 MB, max_mem_allocated: 1980 MB
[09/21 23:27:04] ppdet.engine.callbacks INFO: Epoch: [2] [150/164] learning_rate: 0.003994 loss: 1.627905 loss_cls: 0.950716 loss_iou: 0.181750 loss_dfl: 3.482523 eta: 2:00:09 batch_cost: 0.5072 data_cost: 0.0013 ips: 7.8871 images/s, max_mem_reserved: 2161 MB, max_mem_allocated: 1980 MB
[09/21 23:27:09] ppdet.engine.callbacks INFO: Epoch: [2] [160/164] learning_rate: 0.003994 loss: 1.579361 loss_cls: 0.954496 loss_iou: 0.175492 loss_dfl: 3.164820 eta: 1:59:10 batch_cost: 0.5025 data_cost: 0.0017 ips: 7.9597 images/s, max_mem_reserved: 2161 MB, max_mem_allocated: 1980 MB
[09/21 23:27:12] ppdet.engine.callbacks INFO: Epoch: [3] [  0/164] learning_rate: 0.003994 loss: 1.566413 loss_cls: 0.960149 loss_iou: 0.172780 loss_dfl: 3.362194 eta: 1:58:53 batch_cost: 0.5350 data_cost: 0.0396 ips: 7.4770 images/s, max_mem_reserved: 2161 MB, max_mem_allocated: 1980 MB
[09/21 23:27:18] ppdet.engine.callbacks INFO: Epoch: [3] [ 10/164] learning_rate: 0.003993 loss: 1.598679 loss_cls: 0.932398 loss_iou: 0.193594 loss_dfl: 3.164554 eta: 1:58:02 batch_cost: 0.5290 data_cost: 0.0463 ips: 7.5611 images/s, max_mem_reserved: 2161 MB, max_mem_allocated: 1980 MB
[09/21 23:27:24] ppdet.engine.callbacks INFO: Epoch: [3] [ 20/164] learning_rate: 0.003993 loss: 1.599855 loss_cls: 0.959507 loss_iou: 0.182116 loss_dfl: 3.531206 eta: 1:57:07 batch_cost: 0.4996 data_cost: 0.0103 ips: 8.0067 images/s, max_mem_reserved: 2161 MB, max_mem_allocated: 1980 MB
[09/21 23:27:30] ppdet.engine.callbacks INFO: Epoch: [3] [ 30/164] learning_rate: 0.003992 loss: 1.569362 loss_cls: 0.987681 loss_iou: 0.175609 loss_dfl: 3.111333 eta: 1:56:23 batch_cost: 0.5465 data_cost: 0.0447 ips: 7.3188 images/s, max_mem_reserved: 2161 MB, max_mem_allocated: 1980 MB
[09/21 23:27:36] ppdet.engine.callbacks INFO: Epoch: [3] [ 40/164] learning_rate: 0.003992 loss: 1.550664 loss_cls: 0.976239 loss_iou: 0.174397 loss_dfl: 2.716961 eta: 1:55:47 batch_cost: 0.5892 data_cost: 0.0435 ips: 6.7883 images/s, max_mem_reserved: 2161 MB, max_mem_allocated: 1980 MB
[09/21 23:27:42] ppdet.engine.callbacks INFO: Epoch: [3] [ 50/164] learning_rate: 0.003991 loss: 1.610967 loss_cls: 0.986288 loss_iou: 0.176318 loss_dfl: 3.603026 eta: 1:55:06 batch_cost: 0.5463 data_cost: 0.0194 ips: 7.3216 images/s, max_mem_reserved: 2161 MB, max_mem_allocated: 1980 MB
[09/21 23:27:48] ppdet.engine.callbacks INFO: Epoch: [3] [ 60/164] learning_rate: 0.003991 loss: 1.590303 loss_cls: 1.000842 loss_iou: 0.172298 loss_dfl: 3.451791 eta: 1:54:11 batch_cost: 0.4625 data_cost: 0.0016 ips: 8.6494 images/s, max_mem_reserved: 2161 MB, max_mem_allocated: 1980 MB
[09/21 23:27:53] ppdet.engine.callbacks INFO: Epoch: [3] [ 70/164] learning_rate: 0.003990 loss: 1.507539 loss_cls: 0.967620 loss_iou: 0.153766 loss_dfl: 3.104712 eta: 1:53:19 batch_cost: 0.4676 data_cost: 0.0018 ips: 8.5539 images/s, max_mem_reserved: 2161 MB, max_mem_allocated: 1980 MB
[09/21 23:27:58] ppdet.engine.callbacks INFO: Epoch: [3] [ 80/164] learning_rate: 0.003990 loss: 1.568315 loss_cls: 0.965724 loss_iou: 0.180556 loss_dfl: 3.317055 eta: 1:52:35 batch_cost: 0.5051 data_cost: 0.0084 ips: 7.9195 images/s, max_mem_reserved: 2161 MB, max_mem_allocated: 1980 MB
[09/21 23:28:04] ppdet.engine.callbacks INFO: Epoch: [3] [ 90/164] learning_rate: 0.003989 loss: 1.549470 loss_cls: 1.039117 loss_iou: 0.167753 loss_dfl: 2.736946 eta: 1:51:46 batch_cost: 0.4657 data_cost: 0.0023 ips: 8.5888 images/s, max_mem_reserved: 2161 MB, max_mem_allocated: 1980 MB
[09/21 23:28:09] ppdet.engine.callbacks INFO: Epoch: [3] [100/164] learning_rate: 0.003989 loss: 1.577772 loss_cls: 0.989016 loss_iou: 0.167251 loss_dfl: 2.800165 eta: 1:50:57 batch_cost: 0.4592 data_cost: 0.0013 ips: 8.7100 images/s, max_mem_reserved: 2161 MB, max_mem_allocated: 1980 MB
[09/21 23:28:14] ppdet.engine.callbacks INFO: Epoch: [3] [110/164] learning_rate: 0.003988 loss: 1.578942 loss_cls: 0.968727 loss_iou: 0.179885 loss_dfl: 3.456446 eta: 1:50:09 batch_cost: 0.4539 data_cost: 0.0012 ips: 8.8121 images/s, max_mem_reserved: 2161 MB, max_mem_allocated: 1980 MB
[09/21 23:28:19] ppdet.engine.callbacks INFO: Epoch: [3] [120/164] learning_rate: 0.003988 loss: 1.560629 loss_cls: 0.956169 loss_iou: 0.179384 loss_dfl: 3.119987 eta: 1:49:25 batch_cost: 0.4650 data_cost: 0.0018 ips: 8.6025 images/s, max_mem_reserved: 2161 MB, max_mem_allocated: 1980 MB
[09/21 23:28:24] ppdet.engine.callbacks INFO: Epoch: [3] [130/164] learning_rate: 0.003987 loss: 1.577210 loss_cls: 0.983916 loss_iou: 0.178097 loss_dfl: 3.206421 eta: 1:48:41 batch_cost: 0.4624 data_cost: 0.0013 ips: 8.6497 images/s, max_mem_reserved: 2161 MB, max_mem_allocated: 1980 MB
[09/21 23:28:30] ppdet.engine.callbacks INFO: Epoch: [3] [140/164] learning_rate: 0.003986 loss: 1.570884 loss_cls: 0.949179 loss_iou: 0.173456 loss_dfl: 3.552582 eta: 1:48:00 batch_cost: 0.4754 data_cost: 0.0013 ips: 8.4142 images/s, max_mem_reserved: 2161 MB, max_mem_allocated: 1980 MB
[09/21 23:28:35] ppdet.engine.callbacks INFO: Epoch: [3] [150/164] learning_rate: 0.003986 loss: 1.553774 loss_cls: 0.943056 loss_iou: 0.173787 loss_dfl: 3.174045 eta: 1:47:20 batch_cost: 0.4744 data_cost: 0.0016 ips: 8.4312 images/s, max_mem_reserved: 2161 MB, max_mem_allocated: 1980 MB
[09/21 23:28:40] ppdet.engine.callbacks INFO: Epoch: [3] [160/164] learning_rate: 0.003985 loss: 1.558358 loss_cls: 0.929473 loss_iou: 0.190296 loss_dfl: 3.386327 eta: 1:46:44 batch_cost: 0.4923 data_cost: 0.0035 ips: 8.1251 images/s, max_mem_reserved: 2161 MB, max_mem_allocated: 1980 MB
[09/21 23:28:43] ppdet.engine.callbacks INFO: Epoch: [4] [  0/164] learning_rate: 0.003985 loss: 1.524420 loss_cls: 0.937339 loss_iou: 0.171109 loss_dfl: 3.222617 eta: 1:46:33 batch_cost: 0.5178 data_cost: 0.0365 ips: 7.7253 images/s, max_mem_reserved: 2161 MB, max_mem_allocated: 1980 MB
[09/21 23:28:48] ppdet.engine.callbacks INFO: Epoch: [4] [ 10/164] learning_rate: 0.003984 loss: 1.519702 loss_cls: 0.936692 loss_iou: 0.163147 loss_dfl: 3.157641 eta: 1:45:52 batch_cost: 0.4531 data_cost: 0.0012 ips: 8.8274 images/s, max_mem_reserved: 2161 MB, max_mem_allocated: 1980 MB
[09/21 23:28:53] ppdet.engine.callbacks INFO: Epoch: [4] [ 20/164] learning_rate: 0.003983 loss: 1.509449 loss_cls: 0.931329 loss_iou: 0.158262 loss_dfl: 3.013660 eta: 1:45:13 batch_cost: 0.4511 data_cost: 0.0015 ips: 8.8677 images/s, max_mem_reserved: 2161 MB, max_mem_allocated: 1980 MB
[09/21 23:28:58] ppdet.engine.callbacks INFO: Epoch: [4] [ 30/164] learning_rate: 0.003983 loss: 1.522891 loss_cls: 0.929537 loss_iou: 0.179071 loss_dfl: 3.397021 eta: 1:44:35 batch_cost: 0.4546 data_cost: 0.0020 ips: 8.7990 images/s, max_mem_reserved: 2161 MB, max_mem_allocated: 1980 MB
[09/21 23:29:03] ppdet.engine.callbacks INFO: Epoch: [4] [ 40/164] learning_rate: 0.003982 loss: 1.519135 loss_cls: 0.944975 loss_iou: 0.178703 loss_dfl: 2.711479 eta: 1:43:54 batch_cost: 0.4308 data_cost: 0.0015 ips: 9.2852 images/s, max_mem_reserved: 2161 MB, max_mem_allocated: 1980 MB
[09/21 23:29:08] ppdet.engine.callbacks INFO: Epoch: [4] [ 50/164] learning_rate: 0.003981 loss: 1.506936 loss_cls: 0.964574 loss_iou: 0.165074 loss_dfl: 3.069669 eta: 1:43:25 batch_cost: 0.5087 data_cost: 0.0011 ips: 7.8638 images/s, max_mem_reserved: 2161 MB, max_mem_allocated: 1980 MB
[09/21 23:29:13] ppdet.engine.callbacks INFO: Epoch: [4] [ 60/164] learning_rate: 0.003981 loss: 1.504110 loss_cls: 0.960247 loss_iou: 0.171121 loss_dfl: 2.856615 eta: 1:42:50 batch_cost: 0.4556 data_cost: 0.0022 ips: 8.7793 images/s, max_mem_reserved: 2161 MB, max_mem_allocated: 1980 MB
[09/21 23:29:19] ppdet.engine.callbacks INFO: Epoch: [4] [ 70/164] learning_rate: 0.003980 loss: 1.520323 loss_cls: 0.890273 loss_iou: 0.170796 loss_dfl: 3.453768 eta: 1:42:15 batch_cost: 0.4544 data_cost: 0.0028 ips: 8.8019 images/s, max_mem_reserved: 2161 MB, max_mem_allocated: 1980 MB
[09/21 23:29:24] ppdet.engine.callbacks INFO: Epoch: [4] [ 80/164] learning_rate: 0.003979 loss: 1.485484 loss_cls: 0.933669 loss_iou: 0.159342 loss_dfl: 2.881007 eta: 1:41:44 batch_cost: 0.4764 data_cost: 0.0020 ips: 8.3963 images/s, max_mem_reserved: 2161 MB, max_mem_allocated: 1980 MB
[09/21 23:29:29] ppdet.engine.callbacks INFO: Epoch: [4] [ 90/164] learning_rate: 0.003978 loss: 1.525484 loss_cls: 0.976876 loss_iou: 0.157569 loss_dfl: 3.197238 eta: 1:41:12 batch_cost: 0.4591 data_cost: 0.0010 ips: 8.7135 images/s, max_mem_reserved: 2161 MB, max_mem_allocated: 1980 MB
[09/21 23:29:34] ppdet.engine.callbacks INFO: Epoch: [4] [100/164] learning_rate: 0.003977 loss: 1.606109 loss_cls: 0.982191 loss_iou: 0.175090 loss_dfl: 3.012680 eta: 1:40:44 batch_cost: 0.4895 data_cost: 0.0026 ips: 8.1710 images/s, max_mem_reserved: 2161 MB, max_mem_allocated: 1980 MB
[09/21 23:29:40] ppdet.engine.callbacks INFO: Epoch: [4] [110/164] learning_rate: 0.003977 loss: 1.541025 loss_cls: 0.944779 loss_iou: 0.171768 loss_dfl: 3.118501 eta: 1:40:14 batch_cost: 0.4732 data_cost: 0.0023 ips: 8.4522 images/s, max_mem_reserved: 2161 MB, max_mem_allocated: 1980 MB
[09/21 23:29:45] ppdet.engine.callbacks INFO: Epoch: [4] [120/164] learning_rate: 0.003976 loss: 1.537733 loss_cls: 0.966882 loss_iou: 0.166952 loss_dfl: 3.149961 eta: 1:39:43 batch_cost: 0.4545 data_cost: 0.0021 ips: 8.8009 images/s, max_mem_reserved: 2161 MB, max_mem_allocated: 1980 MB
[09/21 23:29:50] ppdet.engine.callbacks INFO: Epoch: [4] [130/164] learning_rate: 0.003975 loss: 1.498797 loss_cls: 0.939907 loss_iou: 0.166901 loss_dfl: 2.861944 eta: 1:39:19 batch_cost: 0.5071 data_cost: 0.0027 ips: 7.8880 images/s, max_mem_reserved: 2161 MB, max_mem_allocated: 1980 MB
[09/21 23:29:56] ppdet.engine.callbacks INFO: Epoch: [4] [140/164] learning_rate: 0.003974 loss: 1.471287 loss_cls: 0.942065 loss_iou: 0.152439 loss_dfl: 3.188720 eta: 1:38:56 batch_cost: 0.5090 data_cost: 0.0029 ips: 7.8584 images/s, max_mem_reserved: 2161 MB, max_mem_allocated: 1980 MB
[09/21 23:30:01] ppdet.engine.callbacks INFO: Epoch: [4] [150/164] learning_rate: 0.003973 loss: 1.458729 loss_cls: 0.904300 loss_iou: 0.157500 loss_dfl: 3.180178 eta: 1:38:31 batch_cost: 0.4908 data_cost: 0.0023 ips: 8.1501 images/s, max_mem_reserved: 2161 MB, max_mem_allocated: 1980 MB
[09/21 23:30:06] ppdet.engine.callbacks INFO: Epoch: [4] [160/164] learning_rate: 0.003972 loss: 1.443290 loss_cls: 0.915460 loss_iou: 0.161556 loss_dfl: 2.900341 eta: 1:38:02 batch_cost: 0.4503 data_cost: 0.0025 ips: 8.8835 images/s, max_mem_reserved: 2161 MB, max_mem_allocated: 1980 MB
[09/21 23:30:09] ppdet.utils.checkpoint INFO: Save checkpoint: output_extra
loading annotations into memory...
Done (t=0.01s)
creating index...
index created!
[09/21 23:30:09] ppdet.data.source.coco INFO: Load [100 samples valid, 0 samples invalid] in file dataset/banknotes_obb\annotations/valid.json.
loading annotations into memory...
Done (t=0.00s)
creating index...
index created!
[09/21 23:30:10] ppdet.engine.callbacks INFO: Eval iter: 0
[09/21 23:30:19] ppdet.metrics.metrics INFO: Accumulating evaluatation results...
[09/21 23:30:19] ppdet.metrics.metrics INFO: mAP(0.50, 11point) = 81.69%
[09/21 23:30:19] ppdet.engine.callbacks INFO: Total sample number: 100, average FPS: 9.225340071229244
[09/21 23:30:19] ppdet.engine INFO: Best test bbox ap is 0.817.
[09/21 23:30:20] ppdet.utils.checkpoint INFO: Save checkpoint: output_extra
[09/21 23:30:21] ppdet.engine.callbacks INFO: Epoch: [5] [  0/164] learning_rate: 0.003972 loss: 1.443290 loss_cls: 0.896442 loss_iou: 0.161556 loss_dfl: 2.948549 eta: 1:37:50 batch_cost: 0.4325 data_cost: 0.0023 ips: 9.2488 images/s, max_mem_reserved: 2161 MB, max_mem_allocated: 1980 MB
[09/21 23:30:26] ppdet.engine.callbacks INFO: Epoch: [5] [ 10/164] learning_rate: 0.003971 loss: 1.554007 loss_cls: 0.952006 loss_iou: 0.180634 loss_dfl: 3.505172 eta: 1:37:26 batch_cost: 0.4960 data_cost: 0.0023 ips: 8.0644 images/s, max_mem_reserved: 2161 MB, max_mem_allocated: 2009 MB
[09/21 23:30:32] ppdet.engine.callbacks INFO: Epoch: [5] [ 20/164] learning_rate: 0.003970 loss: 1.604504 loss_cls: 0.953493 loss_iou: 0.181639 loss_dfl: 3.606192 eta: 1:37:03 batch_cost: 0.4873 data_cost: 0.0028 ips: 8.2092 images/s, max_mem_reserved: 2161 MB, max_mem_allocated: 2010 MB
[09/21 23:30:37] ppdet.engine.callbacks INFO: Epoch: [5] [ 30/164] learning_rate: 0.003969 loss: 1.451951 loss_cls: 0.921718 loss_iou: 0.158929 loss_dfl: 2.690585 eta: 1:36:37 batch_cost: 0.4692 data_cost: 0.0023 ips: 8.5250 images/s, max_mem_reserved: 2161 MB, max_mem_allocated: 2010 MB
[09/21 23:30:42] ppdet.engine.callbacks INFO: Epoch: [5] [ 40/164] learning_rate: 0.003968 loss: 1.495263 loss_cls: 0.900214 loss_iou: 0.163259 loss_dfl: 3.224804 eta: 1:36:12 batch_cost: 0.4675 data_cost: 0.0025 ips: 8.5570 images/s, max_mem_reserved: 2161 MB, max_mem_allocated: 2010 MB
[09/21 23:30:47] ppdet.engine.callbacks INFO: Epoch: [5] [ 50/164] learning_rate: 0.003967 loss: 1.521098 loss_cls: 0.904881 loss_iou: 0.185269 loss_dfl: 3.068000 eta: 1:35:49 batch_cost: 0.4800 data_cost: 0.0025 ips: 8.3327 images/s, max_mem_reserved: 2161 MB, max_mem_allocated: 2010 MB
[09/21 23:30:52] ppdet.engine.callbacks INFO: Epoch: [5] [ 60/164] learning_rate: 0.003966 loss: 1.527031 loss_cls: 0.971769 loss_iou: 0.166506 loss_dfl: 2.822256 eta: 1:35:23 batch_cost: 0.4492 data_cost: 0.0020 ips: 8.9039 images/s, max_mem_reserved: 2161 MB, max_mem_allocated: 2010 MB
[09/21 23:30:57] ppdet.engine.callbacks INFO: Epoch: [5] [ 70/164] learning_rate: 0.003965 loss: 1.521741 loss_cls: 0.941526 loss_iou: 0.167851 loss_dfl: 3.016637 eta: 1:35:00 batch_cost: 0.4743 data_cost: 0.0025 ips: 8.4332 images/s, max_mem_reserved: 2161 MB, max_mem_allocated: 2010 MB
[09/21 23:31:03] ppdet.engine.callbacks INFO: Epoch: [5] [ 80/164] learning_rate: 0.003964 loss: 1.507385 loss_cls: 0.935908 loss_iou: 0.178614 loss_dfl: 2.842821 eta: 1:34:36 batch_cost: 0.4569 data_cost: 0.0022 ips: 8.7545 images/s, max_mem_reserved: 2161 MB, max_mem_allocated: 2010 MB
[09/21 23:31:08] ppdet.engine.callbacks INFO: Epoch: [5] [ 90/164] learning_rate: 0.003963 loss: 1.504268 loss_cls: 0.924112 loss_iou: 0.170663 loss_dfl: 3.406007 eta: 1:34:20 batch_cost: 0.5394 data_cost: 0.0027 ips: 7.4150 images/s, max_mem_reserved: 2161 MB, max_mem_allocated: 2010 MB
[09/21 23:31:13] ppdet.engine.callbacks INFO: Epoch: [5] [100/164] learning_rate: 0.003962 loss: 1.541471 loss_cls: 0.951780 loss_iou: 0.157267 loss_dfl: 2.753928 eta: 1:33:55 batch_cost: 0.4411 data_cost: 0.0035 ips: 9.0692 images/s, max_mem_reserved: 2161 MB, max_mem_allocated: 2010 MB
[09/21 23:31:19] ppdet.engine.callbacks INFO: Epoch: [5] [110/164] learning_rate: 0.003961 loss: 1.496192 loss_cls: 0.935765 loss_iou: 0.170477 loss_dfl: 3.068591 eta: 1:33:37 batch_cost: 0.5018 data_cost: 0.0025 ips: 7.9715 images/s, max_mem_reserved: 2161 MB, max_mem_allocated: 2010 MB
[09/21 23:31:24] ppdet.engine.callbacks INFO: Epoch: [5] [120/164] learning_rate: 0.003960 loss: 1.518163 loss_cls: 0.912694 loss_iou: 0.171300 loss_dfl: 3.284554 eta: 1:33:18 batch_cost: 0.5032 data_cost: 0.0028 ips: 7.9489 images/s, max_mem_reserved: 2161 MB, max_mem_allocated: 2010 MB
[09/21 23:31:30] ppdet.engine.callbacks INFO: Epoch: [5] [130/164] learning_rate: 0.003959 loss: 1.537132 loss_cls: 0.926482 loss_iou: 0.177707 loss_dfl: 3.276441 eta: 1:32:58 batch_cost: 0.4818 data_cost: 0.0024 ips: 8.3017 images/s, max_mem_reserved: 2161 MB, max_mem_allocated: 2010 MB
[09/21 23:31:35] ppdet.engine.callbacks INFO: Epoch: [5] [140/164] learning_rate: 0.003958 loss: 1.493113 loss_cls: 0.921510 loss_iou: 0.162825 loss_dfl: 3.533090 eta: 1:32:39 batch_cost: 0.4862 data_cost: 0.0031 ips: 8.2273 images/s, max_mem_reserved: 2161 MB, max_mem_allocated: 2010 MB
[09/21 23:31:40] ppdet.engine.callbacks INFO: Epoch: [5] [150/164] learning_rate: 0.003957 loss: 1.505046 loss_cls: 0.924950 loss_iou: 0.168194 loss_dfl: 3.205443 eta: 1:32:20 batch_cost: 0.4843 data_cost: 0.0023 ips: 8.2588 images/s, max_mem_reserved: 2161 MB, max_mem_allocated: 2010 MB
[09/21 23:31:46] ppdet.engine.callbacks INFO: Epoch: [5] [160/164] learning_rate: 0.003956 loss: 1.466977 loss_cls: 0.914852 loss_iou: 0.158474 loss_dfl: 2.886404 eta: 1:32:02 batch_cost: 0.5027 data_cost: 0.0020 ips: 7.9577 images/s, max_mem_reserved: 2161 MB, max_mem_allocated: 2010 MB
[09/21 23:31:48] ppdet.engine.callbacks INFO: Epoch: [6] [  0/164] learning_rate: 0.003955 loss: 1.447866 loss_cls: 0.883051 loss_iou: 0.158812 loss_dfl: 2.920387 eta: 1:31:58 batch_cost: 0.5155 data_cost: 0.0376 ips: 7.7589 images/s, max_mem_reserved: 2161 MB, max_mem_allocated: 2010 MB
[09/21 23:31:54] ppdet.engine.callbacks INFO: Epoch: [6] [ 10/164] learning_rate: 0.003954 loss: 1.494906 loss_cls: 0.930240 loss_iou: 0.175826 loss_dfl: 2.763385 eta: 1:31:37 batch_cost: 0.4567 data_cost: 0.0016 ips: 8.7593 images/s, max_mem_reserved: 2161 MB, max_mem_allocated: 2010 MB
[09/21 23:31:59] ppdet.engine.callbacks INFO: Epoch: [6] [ 20/164] learning_rate: 0.003953 loss: 1.523963 loss_cls: 0.935391 loss_iou: 0.176929 loss_dfl: 3.127049 eta: 1:31:17 batch_cost: 0.4652 data_cost: 0.0018 ips: 8.5984 images/s, max_mem_reserved: 2161 MB, max_mem_allocated: 2010 MB
[09/21 23:32:04] ppdet.engine.callbacks INFO: Epoch: [6] [ 30/164] learning_rate: 0.003952 loss: 1.518978 loss_cls: 0.904828 loss_iou: 0.179226 loss_dfl: 3.170044 eta: 1:30:58 batch_cost: 0.4722 data_cost: 0.0013 ips: 8.4714 images/s, max_mem_reserved: 2161 MB, max_mem_allocated: 2010 MB
[09/21 23:32:10] ppdet.engine.callbacks INFO: Epoch: [6] [ 40/164] learning_rate: 0.003950 loss: 1.523881 loss_cls: 0.937117 loss_iou: 0.167415 loss_dfl: 3.433902 eta: 1:30:42 batch_cost: 0.4977 data_cost: 0.0014 ips: 8.0370 images/s, max_mem_reserved: 2161 MB, max_mem_allocated: 2010 MB
[09/21 23:32:15] ppdet.engine.callbacks INFO: Epoch: [6] [ 50/164] learning_rate: 0.003949 loss: 1.469180 loss_cls: 0.883384 loss_iou: 0.158250 loss_dfl: 2.958573 eta: 1:30:23 batch_cost: 0.4710 data_cost: 0.0014 ips: 8.4923 images/s, max_mem_reserved: 2161 MB, max_mem_allocated: 2010 MB
[09/21 23:32:20] ppdet.engine.callbacks INFO: Epoch: [6] [ 60/164] learning_rate: 0.003948 loss: 1.453583 loss_cls: 0.910103 loss_iou: 0.152364 loss_dfl: 3.153789 eta: 1:30:06 batch_cost: 0.4874 data_cost: 0.0012 ips: 8.2060 images/s, max_mem_reserved: 2161 MB, max_mem_allocated: 2010 MB
[09/21 23:32:25] ppdet.engine.callbacks INFO: Epoch: [6] [ 70/164] learning_rate: 0.003947 loss: 1.473538 loss_cls: 0.906442 loss_iou: 0.162196 loss_dfl: 2.807711 eta: 1:29:47 batch_cost: 0.4648 data_cost: 0.0114 ips: 8.6061 images/s, max_mem_reserved: 2161 MB, max_mem_allocated: 2010 MB
[09/21 23:32:31] ppdet.engine.callbacks INFO: Epoch: [6] [ 80/164] learning_rate: 0.003946 loss: 1.473137 loss_cls: 0.901847 loss_iou: 0.162170 loss_dfl: 3.199863 eta: 1:29:32 batch_cost: 0.5011 data_cost: 0.0229 ips: 7.9821 images/s, max_mem_reserved: 2161 MB, max_mem_allocated: 2010 MB
[09/21 23:32:37] ppdet.engine.callbacks INFO: Epoch: [6] [ 90/164] learning_rate: 0.003944 loss: 1.470234 loss_cls: 0.874241 loss_iou: 0.171600 loss_dfl: 3.066669 eta: 1:29:22 batch_cost: 0.5631 data_cost: 0.0403 ips: 7.1034 images/s, max_mem_reserved: 2161 MB, max_mem_allocated: 2010 MB
[09/21 23:32:59] ppdet.engine.callbacks INFO: Epoch: [6] [100/164] learning_rate: 0.003943 loss: 1.450892 loss_cls: 0.889606 loss_iou: 0.171417 loss_dfl: 2.856029 eta: 1:31:15 batch_cost: 2.0915 data_cost: 0.0016 ips: 1.9125 images/s, max_mem_reserved: 2161 MB, max_mem_allocated: 2010 MB
[09/21 23:33:04] ppdet.engine.callbacks INFO: Epoch: [6] [110/164] learning_rate: 0.003942 loss: 1.487089 loss_cls: 0.896484 loss_iou: 0.157338 loss_dfl: 3.170766 eta: 1:31:00 batch_cost: 0.5133 data_cost: 0.0028 ips: 7.7932 images/s, max_mem_reserved: 2161 MB, max_mem_allocated: 2010 MB
[09/21 23:33:10] ppdet.engine.callbacks INFO: Epoch: [6] [120/164] learning_rate: 0.003940 loss: 1.512652 loss_cls: 0.946629 loss_iou: 0.165060 loss_dfl: 3.030096 eta: 1:30:41 batch_cost: 0.4690 data_cost: 0.0032 ips: 8.5293 images/s, max_mem_reserved: 2161 MB, max_mem_allocated: 2010 MB
[09/21 23:33:15] ppdet.engine.callbacks INFO: Epoch: [6] [130/164] learning_rate: 0.003939 loss: 1.488069 loss_cls: 0.939814 loss_iou: 0.161232 loss_dfl: 3.033782 eta: 1:30:22 batch_cost: 0.4490 data_cost: 0.0027 ips: 8.9083 images/s, max_mem_reserved: 2161 MB, max_mem_allocated: 2010 MB
[09/21 23:33:20] ppdet.engine.callbacks INFO: Epoch: [6] [140/164] learning_rate: 0.003938 loss: 1.509336 loss_cls: 0.941197 loss_iou: 0.171268 loss_dfl: 2.997266 eta: 1:30:06 batch_cost: 0.4950 data_cost: 0.0022 ips: 8.0815 images/s, max_mem_reserved: 2161 MB, max_mem_allocated: 2010 MB
[09/21 23:33:26] ppdet.engine.callbacks INFO: Epoch: [6] [150/164] learning_rate: 0.003936 loss: 1.534526 loss_cls: 0.939962 loss_iou: 0.173603 loss_dfl: 2.970167 eta: 1:29:51 batch_cost: 0.5050 data_cost: 0.0032 ips: 7.9208 images/s, max_mem_reserved: 2161 MB, max_mem_allocated: 2010 MB
[09/21 23:33:31] ppdet.engine.callbacks INFO: Epoch: [6] [160/164] learning_rate: 0.003935 loss: 1.554878 loss_cls: 0.950764 loss_iou: 0.161148 loss_dfl: 3.324147 eta: 1:29:30 batch_cost: 0.4357 data_cost: 0.0023 ips: 9.1802 images/s, max_mem_reserved: 2161 MB, max_mem_allocated: 2010 MB
[09/21 23:33:33] ppdet.engine.callbacks INFO: Epoch: [7] [  0/164] learning_rate: 0.003935 loss: 1.532044 loss_cls: 0.925089 loss_iou: 0.161148 loss_dfl: 2.938670 eta: 1:29:26 batch_cost: 0.4803 data_cost: 0.0436 ips: 8.3289 images/s, max_mem_reserved: 2161 MB, max_mem_allocated: 2010 MB
[09/21 23:33:38] ppdet.engine.callbacks INFO: Epoch: [7] [ 10/164] learning_rate: 0.003933 loss: 1.533516 loss_cls: 0.980801 loss_iou: 0.170710 loss_dfl: 2.936807 eta: 1:29:10 batch_cost: 0.4767 data_cost: 0.0104 ips: 8.3906 images/s, max_mem_reserved: 2161 MB, max_mem_allocated: 2010 MB
[09/21 23:33:44] ppdet.engine.callbacks INFO: Epoch: [7] [ 20/164] learning_rate: 0.003932 loss: 1.488152 loss_cls: 0.921932 loss_iou: 0.166592 loss_dfl: 3.297204 eta: 1:28:53 batch_cost: 0.4721 data_cost: 0.0024 ips: 8.4722 images/s, max_mem_reserved: 2161 MB, max_mem_allocated: 2010 MB
[09/21 23:33:49] ppdet.engine.callbacks INFO: Epoch: [7] [ 30/164] learning_rate: 0.003930 loss: 1.456861 loss_cls: 0.916212 loss_iou: 0.152820 loss_dfl: 3.147080 eta: 1:28:39 batch_cost: 0.5076 data_cost: 0.0011 ips: 7.8806 images/s, max_mem_reserved: 2161 MB, max_mem_allocated: 2010 MB
[09/21 23:33:54] ppdet.engine.callbacks INFO: Epoch: [7] [ 40/164] learning_rate: 0.003929 loss: 1.523702 loss_cls: 0.926244 loss_iou: 0.161381 loss_dfl: 3.248444 eta: 1:28:19 batch_cost: 0.4301 data_cost: 0.0031 ips: 9.2992 images/s, max_mem_reserved: 2161 MB, max_mem_allocated: 2010 MB
[09/21 23:34:00] ppdet.engine.callbacks INFO: Epoch: [7] [ 50/164] learning_rate: 0.003927 loss: 1.458075 loss_cls: 0.901982 loss_iou: 0.167464 loss_dfl: 3.011855 eta: 1:28:05 batch_cost: 0.5048 data_cost: 0.0424 ips: 7.9232 images/s, max_mem_reserved: 2161 MB, max_mem_allocated: 2010 MB
[09/21 23:34:05] ppdet.engine.callbacks INFO: Epoch: [7] [ 60/164] learning_rate: 0.003926 loss: 1.457666 loss_cls: 0.885859 loss_iou: 0.161982 loss_dfl: 3.395100 eta: 1:27:50 batch_cost: 0.4909 data_cost: 0.0137 ips: 8.1481 images/s, max_mem_reserved: 2161 MB, max_mem_allocated: 2010 MB
[09/21 23:34:10] ppdet.engine.callbacks INFO: Epoch: [7] [ 70/164] learning_rate: 0.003925 loss: 1.474789 loss_cls: 0.885511 loss_iou: 0.164531 loss_dfl: 3.044629 eta: 1:27:33 batch_cost: 0.4536 data_cost: 0.0182 ips: 8.8193 images/s, max_mem_reserved: 2161 MB, max_mem_allocated: 2010 MB
[09/21 23:34:15] ppdet.engine.callbacks INFO: Epoch: [7] [ 80/164] learning_rate: 0.003923 loss: 1.498309 loss_cls: 0.918355 loss_iou: 0.168948 loss_dfl: 3.239380 eta: 1:27:16 batch_cost: 0.4471 data_cost: 0.0157 ips: 8.9459 images/s, max_mem_reserved: 2161 MB, max_mem_allocated: 2010 MB
[09/21 23:34:21] ppdet.engine.callbacks INFO: Epoch: [7] [ 90/164] learning_rate: 0.003922 loss: 1.497797 loss_cls: 0.946871 loss_iou: 0.164976 loss_dfl: 3.251658 eta: 1:27:01 batch_cost: 0.4770 data_cost: 0.0113 ips: 8.3866 images/s, max_mem_reserved: 2161 MB, max_mem_allocated: 2010 MB
[09/21 23:34:26] ppdet.engine.callbacks INFO: Epoch: [7] [100/164] learning_rate: 0.003920 loss: 1.461705 loss_cls: 0.907570 loss_iou: 0.160649 loss_dfl: 3.153503 eta: 1:26:44 batch_cost: 0.4492 data_cost: 0.0053 ips: 8.9049 images/s, max_mem_reserved: 2161 MB, max_mem_allocated: 2010 MB
[09/21 23:34:31] ppdet.engine.callbacks INFO: Epoch: [7] [110/164] learning_rate: 0.003919 loss: 1.458185 loss_cls: 0.886463 loss_iou: 0.158079 loss_dfl: 3.267034 eta: 1:26:30 batch_cost: 0.4932 data_cost: 0.0448 ips: 8.1110 images/s, max_mem_reserved: 2161 MB, max_mem_allocated: 2010 MB
[09/21 23:34:37] ppdet.engine.callbacks INFO: Epoch: [7] [120/164] learning_rate: 0.003917 loss: 1.460474 loss_cls: 0.917258 loss_iou: 0.156400 loss_dfl: 2.911679 eta: 1:26:20 batch_cost: 0.5471 data_cost: 0.0626 ips: 7.3114 images/s, max_mem_reserved: 2161 MB, max_mem_allocated: 2010 MB
[09/21 23:34:43] ppdet.engine.callbacks INFO: Epoch: [7] [130/164] learning_rate: 0.003915 loss: 1.501383 loss_cls: 0.919261 loss_iou: 0.171436 loss_dfl: 3.200322 eta: 1:26:05 batch_cost: 0.4766 data_cost: 0.0177 ips: 8.3921 images/s, max_mem_reserved: 2161 MB, max_mem_allocated: 2010 MB
[09/21 23:34:48] ppdet.engine.callbacks INFO: Epoch: [7] [140/164] learning_rate: 0.003914 loss: 1.473805 loss_cls: 0.914925 loss_iou: 0.171980 loss_dfl: 3.245237 eta: 1:25:52 batch_cost: 0.4988 data_cost: 0.0012 ips: 8.0194 images/s, max_mem_reserved: 2161 MB, max_mem_allocated: 2010 MB
[09/21 23:34:54] ppdet.engine.callbacks INFO: Epoch: [7] [150/164] learning_rate: 0.003912 loss: 1.506197 loss_cls: 0.900224 loss_iou: 0.177514 loss_dfl: 3.492644 eta: 1:25:40 batch_cost: 0.4998 data_cost: 0.0015 ips: 8.0034 images/s, max_mem_reserved: 2161 MB, max_mem_allocated: 2010 MB
[09/21 23:34:59] ppdet.engine.callbacks INFO: Epoch: [7] [160/164] learning_rate: 0.003911 loss: 1.411721 loss_cls: 0.908790 loss_iou: 0.148759 loss_dfl: 2.914627 eta: 1:25:26 batch_cost: 0.4789 data_cost: 0.0016 ips: 8.3525 images/s, max_mem_reserved: 2161 MB, max_mem_allocated: 2010 MB
[09/21 23:35:02] ppdet.engine.callbacks INFO: Epoch: [8] [  0/164] learning_rate: 0.003910 loss: 1.382819 loss_cls: 0.865087 loss_iou: 0.152184 loss_dfl: 2.823130 eta: 1:25:23 batch_cost: 0.5128 data_cost: 0.0448 ips: 7.8009 images/s, max_mem_reserved: 2161 MB, max_mem_allocated: 2010 MB
[09/21 23:35:07] ppdet.engine.callbacks INFO: Epoch: [8] [ 10/164] learning_rate: 0.003908 loss: 1.491669 loss_cls: 0.878401 loss_iou: 0.169269 loss_dfl: 2.917873 eta: 1:25:11 batch_cost: 0.5150 data_cost: 0.0010 ips: 7.7674 images/s, max_mem_reserved: 2161 MB, max_mem_allocated: 2010 MB
[09/21 23:35:13] ppdet.engine.callbacks INFO: Epoch: [8] [ 20/164] learning_rate: 0.003907 loss: 1.437171 loss_cls: 0.874512 loss_iou: 0.165605 loss_dfl: 3.175837 eta: 1:24:58 batch_cost: 0.4796 data_cost: 0.0300 ips: 8.3405 images/s, max_mem_reserved: 2161 MB, max_mem_allocated: 2010 MB
[09/21 23:35:18] ppdet.engine.callbacks INFO: Epoch: [8] [ 30/164] learning_rate: 0.003905 loss: 1.438820 loss_cls: 0.879371 loss_iou: 0.168904 loss_dfl: 3.034483 eta: 1:24:43 batch_cost: 0.4658 data_cost: 0.0017 ips: 8.5877 images/s, max_mem_reserved: 2161 MB, max_mem_allocated: 2010 MB
[09/21 23:35:24] ppdet.engine.callbacks INFO: Epoch: [8] [ 40/164] learning_rate: 0.003904 loss: 1.443966 loss_cls: 0.870044 loss_iou: 0.170693 loss_dfl: 2.950606 eta: 1:24:31 batch_cost: 0.5005 data_cost: 0.0012 ips: 7.9925 images/s, max_mem_reserved: 2161 MB, max_mem_allocated: 2010 MB
[09/21 23:35:29] ppdet.engine.callbacks INFO: Epoch: [8] [ 50/164] learning_rate: 0.003902 loss: 1.374355 loss_cls: 0.859583 loss_iou: 0.153991 loss_dfl: 3.114233 eta: 1:24:17 batch_cost: 0.4686 data_cost: 0.0013 ips: 8.5354 images/s, max_mem_reserved: 2161 MB, max_mem_allocated: 2010 MB
[09/21 23:35:34] ppdet.engine.callbacks INFO: Epoch: [8] [ 60/164] learning_rate: 0.003900 loss: 1.391718 loss_cls: 0.875476 loss_iou: 0.150293 loss_dfl: 2.986466 eta: 1:24:03 batch_cost: 0.4705 data_cost: 0.0066 ips: 8.5014 images/s, max_mem_reserved: 2161 MB, max_mem_allocated: 2010 MB
[09/21 23:35:39] ppdet.engine.callbacks INFO: Epoch: [8] [ 70/164] learning_rate: 0.003899 loss: 1.417309 loss_cls: 0.890920 loss_iou: 0.145585 loss_dfl: 3.158379 eta: 1:23:49 batch_cost: 0.4505 data_cost: 0.0016 ips: 8.8786 images/s, max_mem_reserved: 2161 MB, max_mem_allocated: 2010 MB
[09/21 23:35:45] ppdet.engine.callbacks INFO: Epoch: [8] [ 80/164] learning_rate: 0.003897 loss: 1.506335 loss_cls: 0.919886 loss_iou: 0.175074 loss_dfl: 3.152662 eta: 1:23:35 batch_cost: 0.4717 data_cost: 0.0018 ips: 8.4806 images/s, max_mem_reserved: 2161 MB, max_mem_allocated: 2010 MB
[09/21 23:35:50] ppdet.engine.callbacks INFO: Epoch: [8] [ 90/164] learning_rate: 0.003895 loss: 1.470782 loss_cls: 0.913437 loss_iou: 0.158299 loss_dfl: 3.433583 eta: 1:23:22 batch_cost: 0.4806 data_cost: 0.0013 ips: 8.3223 images/s, max_mem_reserved: 2161 MB, max_mem_allocated: 2010 MB
[09/21 23:35:55] ppdet.engine.callbacks INFO: Epoch: [8] [100/164] learning_rate: 0.003893 loss: 1.500915 loss_cls: 0.907204 loss_iou: 0.167319 loss_dfl: 3.276888 eta: 1:23:11 batch_cost: 0.4975 data_cost: 0.0114 ips: 8.0395 images/s, max_mem_reserved: 2161 MB, max_mem_allocated: 2010 MB
[09/21 23:36:00] ppdet.engine.callbacks INFO: Epoch: [8] [110/164] learning_rate: 0.003892 loss: 1.486926 loss_cls: 0.911087 loss_iou: 0.164537 loss_dfl: 3.141489 eta: 1:22:56 batch_cost: 0.4423 data_cost: 0.0011 ips: 9.0431 images/s, max_mem_reserved: 2161 MB, max_mem_allocated: 2010 MB
[09/21 23:36:06] ppdet.engine.callbacks INFO: Epoch: [8] [120/164] learning_rate: 0.003890 loss: 1.492188 loss_cls: 0.878813 loss_iou: 0.172294 loss_dfl: 3.262031 eta: 1:22:43 batch_cost: 0.4635 data_cost: 0.0019 ips: 8.6305 images/s, max_mem_reserved: 2161 MB, max_mem_allocated: 2010 MB
[09/21 23:36:11] ppdet.engine.callbacks INFO: Epoch: [8] [130/164] learning_rate: 0.003888 loss: 1.469682 loss_cls: 0.892633 loss_iou: 0.167245 loss_dfl: 2.960271 eta: 1:22:31 batch_cost: 0.4893 data_cost: 0.0081 ips: 8.1753 images/s, max_mem_reserved: 2161 MB, max_mem_allocated: 2010 MB
[09/21 23:36:17] ppdet.engine.callbacks INFO: Epoch: [8] [140/164] learning_rate: 0.003886 loss: 1.434398 loss_cls: 0.900568 loss_iou: 0.157397 loss_dfl: 3.311874 eta: 1:22:20 batch_cost: 0.5032 data_cost: 0.0057 ips: 7.9491 images/s, max_mem_reserved: 2161 MB, max_mem_allocated: 2011 MB
[09/21 23:36:22] ppdet.engine.callbacks INFO: Epoch: [8] [150/164] learning_rate: 0.003884 loss: 1.395659 loss_cls: 0.860359 loss_iou: 0.156841 loss_dfl: 2.822150 eta: 1:22:08 batch_cost: 0.4855 data_cost: 0.0015 ips: 8.2388 images/s, max_mem_reserved: 2161 MB, max_mem_allocated: 2011 MB
[09/21 23:36:27] ppdet.engine.callbacks INFO: Epoch: [8] [160/164] learning_rate: 0.003883 loss: 1.405515 loss_cls: 0.881542 loss_iou: 0.150215 loss_dfl: 3.113147 eta: 1:21:55 batch_cost: 0.4562 data_cost: 0.0075 ips: 8.7681 images/s, max_mem_reserved: 2161 MB, max_mem_allocated: 2011 MB
[09/21 23:36:30] ppdet.engine.callbacks INFO: Epoch: [9] [  0/164] learning_rate: 0.003882 loss: 1.430575 loss_cls: 0.894319 loss_iou: 0.151779 loss_dfl: 3.073942 eta: 1:21:52 batch_cost: 0.5150 data_cost: 0.0507 ips: 7.7663 images/s, max_mem_reserved: 2161 MB, max_mem_allocated: 2011 MB
[09/21 23:36:35] ppdet.engine.callbacks INFO: Epoch: [9] [ 10/164] learning_rate: 0.003880 loss: 1.386355 loss_cls: 0.887738 loss_iou: 0.157002 loss_dfl: 2.964924 eta: 1:21:40 batch_cost: 0.4761 data_cost: 0.0012 ips: 8.4023 images/s, max_mem_reserved: 2161 MB, max_mem_allocated: 2011 MB
[09/21 23:36:40] ppdet.engine.callbacks INFO: Epoch: [9] [ 20/164] learning_rate: 0.003878 loss: 1.395288 loss_cls: 0.877720 loss_iou: 0.157551 loss_dfl: 3.182748 eta: 1:21:29 batch_cost: 0.4883 data_cost: 0.0015 ips: 8.1922 images/s, max_mem_reserved: 2161 MB, max_mem_allocated: 2011 MB
[09/21 23:36:46] ppdet.engine.callbacks INFO: Epoch: [9] [ 30/164] learning_rate: 0.003876 loss: 1.402489 loss_cls: 0.875466 loss_iou: 0.158469 loss_dfl: 2.694808 eta: 1:21:16 batch_cost: 0.4590 data_cost: 0.0013 ips: 8.7145 images/s, max_mem_reserved: 2161 MB, max_mem_allocated: 2011 MB
[09/21 23:36:51] ppdet.engine.callbacks INFO: Epoch: [9] [ 40/164] learning_rate: 0.003874 loss: 1.437748 loss_cls: 0.906739 loss_iou: 0.168786 loss_dfl: 3.326779 eta: 1:21:03 batch_cost: 0.4571 data_cost: 0.0014 ips: 8.7507 images/s, max_mem_reserved: 2161 MB, max_mem_allocated: 2011 MB
[09/21 23:36:56] ppdet.engine.callbacks INFO: Epoch: [9] [ 50/164] learning_rate: 0.003873 loss: 1.514711 loss_cls: 0.927145 loss_iou: 0.165947 loss_dfl: 2.868802 eta: 1:20:52 batch_cost: 0.4899 data_cost: 0.0063 ips: 8.1647 images/s, max_mem_reserved: 2161 MB, max_mem_allocated: 2011 MB
[09/21 23:37:02] ppdet.engine.callbacks INFO: Epoch: [9] [ 60/164] learning_rate: 0.003871 loss: 1.474545 loss_cls: 0.886257 loss_iou: 0.171278 loss_dfl: 3.286315 eta: 1:20:42 batch_cost: 0.5052 data_cost: 0.0056 ips: 7.9172 images/s, max_mem_reserved: 2161 MB, max_mem_allocated: 2011 MB
[09/21 23:37:07] ppdet.engine.callbacks INFO: Epoch: [9] [ 70/164] learning_rate: 0.003869 loss: 1.376364 loss_cls: 0.864446 loss_iou: 0.148076 loss_dfl: 2.765200 eta: 1:20:29 batch_cost: 0.4506 data_cost: 0.0137 ips: 8.8769 images/s, max_mem_reserved: 2161 MB, max_mem_allocated: 2011 MB
[09/21 23:37:12] ppdet.engine.callbacks INFO: Epoch: [9] [ 80/164] learning_rate: 0.003867 loss: 1.456597 loss_cls: 0.876464 loss_iou: 0.164575 loss_dfl: 3.433725 eta: 1:20:18 batch_cost: 0.4817 data_cost: 0.0307 ips: 8.3046 images/s, max_mem_reserved: 2161 MB, max_mem_allocated: 2011 MB
[09/21 23:37:18] ppdet.engine.callbacks INFO: Epoch: [9] [ 90/164] learning_rate: 0.003865 loss: 1.515378 loss_cls: 0.909625 loss_iou: 0.163725 loss_dfl: 3.411449 eta: 1:20:06 batch_cost: 0.4728 data_cost: 0.0012 ips: 8.4595 images/s, max_mem_reserved: 2161 MB, max_mem_allocated: 2011 MB
[09/21 23:37:23] ppdet.engine.callbacks INFO: Epoch: [9] [100/164] learning_rate: 0.003863 loss: 1.441536 loss_cls: 0.867855 loss_iou: 0.162471 loss_dfl: 2.829027 eta: 1:19:55 batch_cost: 0.4848 data_cost: 0.0015 ips: 8.2502 images/s, max_mem_reserved: 2161 MB, max_mem_allocated: 2011 MB
[09/21 23:37:28] ppdet.engine.callbacks INFO: Epoch: [9] [110/164] learning_rate: 0.003861 loss: 1.408884 loss_cls: 0.900821 loss_iou: 0.149814 loss_dfl: 3.188479 eta: 1:19:45 batch_cost: 0.4996 data_cost: 0.0344 ips: 8.0061 images/s, max_mem_reserved: 2161 MB, max_mem_allocated: 2011 MB
[09/21 23:37:34] ppdet.engine.callbacks INFO: Epoch: [9] [120/164] learning_rate: 0.003859 loss: 1.496876 loss_cls: 0.925306 loss_iou: 0.154109 loss_dfl: 3.310078 eta: 1:19:36 batch_cost: 0.5019 data_cost: 0.0045 ips: 7.9695 images/s, max_mem_reserved: 2161 MB, max_mem_allocated: 2011 MB
[09/21 23:37:39] ppdet.engine.callbacks INFO: Epoch: [9] [130/164] learning_rate: 0.003857 loss: 1.462049 loss_cls: 0.910486 loss_iou: 0.159030 loss_dfl: 2.679800 eta: 1:19:24 batch_cost: 0.4719 data_cost: 0.0021 ips: 8.4762 images/s, max_mem_reserved: 2161 MB, max_mem_allocated: 2011 MB
[09/21 23:37:45] ppdet.engine.callbacks INFO: Epoch: [9] [140/164] learning_rate: 0.003855 loss: 1.466971 loss_cls: 0.899801 loss_iou: 0.154640 loss_dfl: 3.157056 eta: 1:19:14 batch_cost: 0.4834 data_cost: 0.0017 ips: 8.2753 images/s, max_mem_reserved: 2161 MB, max_mem_allocated: 2011 MB
[09/21 23:37:50] ppdet.engine.callbacks INFO: Epoch: [9] [150/164] learning_rate: 0.003853 loss: 1.420815 loss_cls: 0.887235 loss_iou: 0.149974 loss_dfl: 2.821386 eta: 1:19:03 batch_cost: 0.4742 data_cost: 0.0102 ips: 8.4357 images/s, max_mem_reserved: 2161 MB, max_mem_allocated: 2011 MB
[09/21 23:37:55] ppdet.engine.callbacks INFO: Epoch: [9] [160/164] learning_rate: 0.003851 loss: 1.418845 loss_cls: 0.881857 loss_iou: 0.150294 loss_dfl: 3.050031 eta: 1:18:51 batch_cost: 0.4673 data_cost: 0.0061 ips: 8.5595 images/s, max_mem_reserved: 2161 MB, max_mem_allocated: 2011 MB
[09/21 23:37:58] ppdet.utils.checkpoint INFO: Save checkpoint: output_extra
[09/21 23:37:59] ppdet.engine.callbacks INFO: Eval iter: 0
[09/21 23:38:07] ppdet.metrics.metrics INFO: Accumulating evaluatation results...
[09/21 23:38:07] ppdet.metrics.metrics INFO: mAP(0.50, 11point) = 84.44%
[09/21 23:38:07] ppdet.engine.callbacks INFO: Total sample number: 100, average FPS: 10.654692547648795
[09/21 23:38:07] ppdet.engine INFO: Best test bbox ap is 0.844.
[09/21 23:38:08] ppdet.utils.checkpoint INFO: Save checkpoint: output_extra
[09/21 23:38:08] ppdet.engine.callbacks INFO: Epoch: [10] [  0/164] learning_rate: 0.003850 loss: 1.465726 loss_cls: 0.897438 loss_iou: 0.165062 loss_dfl: 3.082867 eta: 1:18:47 batch_cost: 0.4714 data_cost: 0.0065 ips: 8.4863 images/s, max_mem_reserved: 2161 MB, max_mem_allocated: 2011 MB
[09/21 23:38:14] ppdet.engine.callbacks INFO: Epoch: [10] [ 10/164] learning_rate: 0.003848 loss: 1.461314 loss_cls: 0.902034 loss_iou: 0.157057 loss_dfl: 3.010394 eta: 1:18:36 batch_cost: 0.4713 data_cost: 0.0024 ips: 8.4878 images/s, max_mem_reserved: 2161 MB, max_mem_allocated: 2011 MB
[09/21 23:38:19] ppdet.engine.callbacks INFO: Epoch: [10] [ 20/164] learning_rate: 0.003846 loss: 1.423119 loss_cls: 0.873096 loss_iou: 0.152534 loss_dfl: 3.238058 eta: 1:18:26 batch_cost: 0.4947 data_cost: 0.0021 ips: 8.0859 images/s, max_mem_reserved: 2161 MB, max_mem_allocated: 2011 MB
[09/21 23:38:24] ppdet.engine.callbacks INFO: Epoch: [10] [ 30/164] learning_rate: 0.003844 loss: 1.426130 loss_cls: 0.880522 loss_iou: 0.156448 loss_dfl: 3.078552 eta: 1:18:16 batch_cost: 0.4708 data_cost: 0.0034 ips: 8.4963 images/s, max_mem_reserved: 2161 MB, max_mem_allocated: 2011 MB
[09/21 23:38:30] ppdet.engine.callbacks INFO: Epoch: [10] [ 40/164] learning_rate: 0.003842 loss: 1.426806 loss_cls: 0.881623 loss_iou: 0.148907 loss_dfl: 3.185387 eta: 1:18:06 batch_cost: 0.5038 data_cost: 0.0027 ips: 7.9396 images/s, max_mem_reserved: 2161 MB, max_mem_allocated: 2011 MB
[09/21 23:38:35] ppdet.engine.callbacks INFO: Epoch: [10] [ 50/164] learning_rate: 0.003840 loss: 1.389034 loss_cls: 0.873853 loss_iou: 0.140428 loss_dfl: 3.200084 eta: 1:17:55 batch_cost: 0.4661 data_cost: 0.0013 ips: 8.5826 images/s, max_mem_reserved: 2161 MB, max_mem_allocated: 2011 MB
[09/21 23:38:40] ppdet.engine.callbacks INFO: Epoch: [10] [ 60/164] learning_rate: 0.003837 loss: 1.445189 loss_cls: 0.862589 loss_iou: 0.157281 loss_dfl: 3.290658 eta: 1:17:44 batch_cost: 0.4566 data_cost: 0.0014 ips: 8.7606 images/s, max_mem_reserved: 2161 MB, max_mem_allocated: 2011 MB
[09/21 23:38:46] ppdet.engine.callbacks INFO: Epoch: [10] [ 70/164] learning_rate: 0.003835 loss: 1.411488 loss_cls: 0.859950 loss_iou: 0.161634 loss_dfl: 2.939366 eta: 1:17:33 batch_cost: 0.4704 data_cost: 0.0012 ips: 8.5032 images/s, max_mem_reserved: 2161 MB, max_mem_allocated: 2011 MB
[09/21 23:38:51] ppdet.engine.callbacks INFO: Epoch: [10] [ 80/164] learning_rate: 0.003833 loss: 1.455276 loss_cls: 0.885079 loss_iou: 0.155377 loss_dfl: 3.221169 eta: 1:17:23 batch_cost: 0.4740 data_cost: 0.0067 ips: 8.4384 images/s, max_mem_reserved: 2161 MB, max_mem_allocated: 2011 MB
[09/21 23:38:56] ppdet.engine.callbacks INFO: Epoch: [10] [ 90/164] learning_rate: 0.003831 loss: 1.425645 loss_cls: 0.870518 loss_iou: 0.157418 loss_dfl: 3.237796 eta: 1:17:14 batch_cost: 0.4935 data_cost: 0.0368 ips: 8.1055 images/s, max_mem_reserved: 2161 MB, max_mem_allocated: 2011 MB
[09/21 23:39:02] ppdet.engine.callbacks INFO: Epoch: [10] [100/164] learning_rate: 0.003829 loss: 1.385471 loss_cls: 0.881751 loss_iou: 0.141080 loss_dfl: 2.966207 eta: 1:17:03 batch_cost: 0.4650 data_cost: 0.0143 ips: 8.6014 images/s, max_mem_reserved: 2161 MB, max_mem_allocated: 2011 MB
[09/21 23:39:07] ppdet.engine.callbacks INFO: Epoch: [10] [110/164] learning_rate: 0.003827 loss: 1.487151 loss_cls: 0.908731 loss_iou: 0.169793 loss_dfl: 2.924518 eta: 1:16:55 batch_cost: 0.5159 data_cost: 0.0281 ips: 7.7528 images/s, max_mem_reserved: 2161 MB, max_mem_allocated: 2011 MB
[09/21 23:39:13] ppdet.engine.callbacks INFO: Epoch: [10] [120/164] learning_rate: 0.003824 loss: 1.424160 loss_cls: 0.914638 loss_iou: 0.155650 loss_dfl: 3.070059 eta: 1:16:46 batch_cost: 0.5017 data_cost: 0.0164 ips: 7.9728 images/s, max_mem_reserved: 2161 MB, max_mem_allocated: 2011 MB
[09/21 23:39:18] ppdet.engine.callbacks INFO: Epoch: [10] [130/164] learning_rate: 0.003822 loss: 1.414215 loss_cls: 0.880157 loss_iou: 0.151359 loss_dfl: 2.742924 eta: 1:16:37 batch_cost: 0.4933 data_cost: 0.0023 ips: 8.1089 images/s, max_mem_reserved: 2161 MB, max_mem_allocated: 2011 MB
[09/21 23:39:24] ppdet.engine.callbacks INFO: Epoch: [10] [140/164] learning_rate: 0.003820 loss: 1.498482 loss_cls: 0.894641 loss_iou: 0.166074 loss_dfl: 3.132845 eta: 1:16:27 batch_cost: 0.4861 data_cost: 0.0016 ips: 8.2288 images/s, max_mem_reserved: 2161 MB, max_mem_allocated: 2011 MB
[09/21 23:39:29] ppdet.engine.callbacks INFO: Epoch: [10] [150/164] learning_rate: 0.003818 loss: 1.448675 loss_cls: 0.896941 loss_iou: 0.161554 loss_dfl: 3.027342 eta: 1:16:18 batch_cost: 0.4820 data_cost: 0.0016 ips: 8.2985 images/s, max_mem_reserved: 2161 MB, max_mem_allocated: 2011 MB
[09/21 23:39:34] ppdet.engine.callbacks INFO: Epoch: [10] [160/164] learning_rate: 0.003815 loss: 1.436678 loss_cls: 0.931523 loss_iou: 0.154165 loss_dfl: 2.881053 eta: 1:16:08 batch_cost: 0.4916 data_cost: 0.0554 ips: 8.1368 images/s, max_mem_reserved: 2161 MB, max_mem_allocated: 2011 MB
[09/21 23:39:37] ppdet.engine.callbacks INFO: Epoch: [11] [  0/164] learning_rate: 0.003814 loss: 1.435775 loss_cls: 0.932532 loss_iou: 0.146540 loss_dfl: 3.118059 eta: 1:16:07 batch_cost: 0.5489 data_cost: 0.1016 ips: 7.2868 images/s, max_mem_reserved: 2161 MB, max_mem_allocated: 2011 MB
[09/21 23:39:43] ppdet.engine.callbacks INFO: Epoch: [11] [ 10/164] learning_rate: 0.003812 loss: 1.379677 loss_cls: 0.870140 loss_iou: 0.143229 loss_dfl: 2.761651 eta: 1:15:58 batch_cost: 0.4914 data_cost: 0.0069 ips: 8.1403 images/s, max_mem_reserved: 2161 MB, max_mem_allocated: 2011 MB
[09/21 23:39:48] ppdet.engine.callbacks INFO: Epoch: [11] [ 20/164] learning_rate: 0.003810 loss: 1.382258 loss_cls: 0.818700 loss_iou: 0.152511 loss_dfl: 3.301237 eta: 1:15:50 batch_cost: 0.5019 data_cost: 0.0015 ips: 7.9697 images/s, max_mem_reserved: 2161 MB, max_mem_allocated: 2011 MB
[09/21 23:39:53] ppdet.engine.callbacks INFO: Epoch: [11] [ 30/164] learning_rate: 0.003808 loss: 1.450802 loss_cls: 0.861475 loss_iou: 0.169737 loss_dfl: 3.239422 eta: 1:15:39 batch_cost: 0.4500 data_cost: 0.0013 ips: 8.8884 images/s, max_mem_reserved: 2161 MB, max_mem_allocated: 2011 MB
[09/21 23:39:59] ppdet.engine.callbacks INFO: Epoch: [11] [ 40/164] learning_rate: 0.003805 loss: 1.423192 loss_cls: 0.888347 loss_iou: 0.158863 loss_dfl: 3.008292 eta: 1:15:29 batch_cost: 0.4804 data_cost: 0.0015 ips: 8.3268 images/s, max_mem_reserved: 2161 MB, max_mem_allocated: 2011 MB
[09/21 23:40:04] ppdet.engine.callbacks INFO: Epoch: [11] [ 50/164] learning_rate: 0.003803 loss: 1.442506 loss_cls: 0.886181 loss_iou: 0.165207 loss_dfl: 3.085051 eta: 1:15:20 batch_cost: 0.4870 data_cost: 0.0013 ips: 8.2137 images/s, max_mem_reserved: 2161 MB, max_mem_allocated: 2011 MB
[09/21 23:40:10] ppdet.engine.callbacks INFO: Epoch: [11] [ 60/164] learning_rate: 0.003801 loss: 1.468865 loss_cls: 0.854104 loss_iou: 0.160000 loss_dfl: 3.347049 eta: 1:15:11 batch_cost: 0.4915 data_cost: 0.0259 ips: 8.1377 images/s, max_mem_reserved: 2161 MB, max_mem_allocated: 2011 MB
[09/21 23:40:15] ppdet.engine.callbacks INFO: Epoch: [11] [ 70/164] learning_rate: 0.003798 loss: 1.461522 loss_cls: 0.893342 loss_iou: 0.171003 loss_dfl: 3.179270 eta: 1:15:03 batch_cost: 0.5016 data_cost: 0.0063 ips: 7.9750 images/s, max_mem_reserved: 2161 MB, max_mem_allocated: 2011 MB
[09/21 23:40:20] ppdet.engine.callbacks INFO: Epoch: [11] [ 80/164] learning_rate: 0.003796 loss: 1.450987 loss_cls: 0.892564 loss_iou: 0.150823 loss_dfl: 3.160636 eta: 1:14:53 batch_cost: 0.4656 data_cost: 0.0017 ips: 8.5914 images/s, max_mem_reserved: 2161 MB, max_mem_allocated: 2011 MB
[09/21 23:40:25] ppdet.engine.callbacks INFO: Epoch: [11] [ 90/164] learning_rate: 0.003793 loss: 1.374748 loss_cls: 0.882735 loss_iou: 0.144827 loss_dfl: 2.898906 eta: 1:14:42 batch_cost: 0.4380 data_cost: 0.0011 ips: 9.1323 images/s, max_mem_reserved: 2161 MB, max_mem_allocated: 2011 MB
[09/21 23:40:31] ppdet.engine.callbacks INFO: Epoch: [11] [100/164] learning_rate: 0.003791 loss: 1.392632 loss_cls: 0.849325 loss_iou: 0.159838 loss_dfl: 3.198352 eta: 1:14:34 batch_cost: 0.4905 data_cost: 0.0121 ips: 8.1544 images/s, max_mem_reserved: 2161 MB, max_mem_allocated: 2011 MB
[09/21 23:40:36] ppdet.engine.callbacks INFO: Epoch: [11] [110/164] learning_rate: 0.003789 loss: 1.404753 loss_cls: 0.869935 loss_iou: 0.160309 loss_dfl: 3.234503 eta: 1:14:24 batch_cost: 0.4618 data_cost: 0.0167 ips: 8.6610 images/s, max_mem_reserved: 2161 MB, max_mem_allocated: 2011 MB
[09/21 23:40:42] ppdet.engine.callbacks INFO: Epoch: [11] [120/164] learning_rate: 0.003786 loss: 1.407218 loss_cls: 0.880666 loss_iou: 0.154721 loss_dfl: 2.664593 eta: 1:14:16 batch_cost: 0.5124 data_cost: 0.0163 ips: 7.8071 images/s, max_mem_reserved: 2161 MB, max_mem_allocated: 2011 MB
[09/21 23:40:47] ppdet.engine.callbacks INFO: Epoch: [11] [130/164] learning_rate: 0.003784 loss: 1.369304 loss_cls: 0.862553 loss_iou: 0.147831 loss_dfl: 3.089455 eta: 1:14:06 batch_cost: 0.4673 data_cost: 0.0024 ips: 8.5593 images/s, max_mem_reserved: 2161 MB, max_mem_allocated: 2011 MB
[09/21 23:40:52] ppdet.engine.callbacks INFO: Epoch: [11] [140/164] learning_rate: 0.003781 loss: 1.410751 loss_cls: 0.862934 loss_iou: 0.159878 loss_dfl: 2.784464 eta: 1:13:59 batch_cost: 0.5077 data_cost: 0.0326 ips: 7.8786 images/s, max_mem_reserved: 2161 MB, max_mem_allocated: 2011 MB
[09/21 23:40:58] ppdet.engine.callbacks INFO: Epoch: [11] [150/164] learning_rate: 0.003779 loss: 1.380935 loss_cls: 0.864301 loss_iou: 0.149949 loss_dfl: 2.650458 eta: 1:13:49 batch_cost: 0.4574 data_cost: 0.0014 ips: 8.7456 images/s, max_mem_reserved: 2161 MB, max_mem_allocated: 2011 MB
[09/21 23:41:03] ppdet.engine.callbacks INFO: Epoch: [11] [160/164] learning_rate: 0.003776 loss: 1.348126 loss_cls: 0.849753 loss_iou: 0.147922 loss_dfl: 2.592600 eta: 1:13:40 batch_cost: 0.4738 data_cost: 0.0015 ips: 8.4416 images/s, max_mem_reserved: 2161 MB, max_mem_allocated: 2011 MB
[09/21 23:41:05] ppdet.engine.callbacks INFO: Epoch: [12] [  0/164] learning_rate: 0.003775 loss: 1.353727 loss_cls: 0.844975 loss_iou: 0.151887 loss_dfl: 2.885666 eta: 1:13:37 batch_cost: 0.5252 data_cost: 0.0444 ips: 7.6164 images/s, max_mem_reserved: 2161 MB, max_mem_allocated: 2011 MB
[09/21 23:41:11] ppdet.engine.callbacks INFO: Epoch: [12] [ 10/164] learning_rate: 0.003773 loss: 1.420000 loss_cls: 0.851117 loss_iou: 0.151661 loss_dfl: 2.606478 eta: 1:13:29 batch_cost: 0.4867 data_cost: 0.0014 ips: 8.2190 images/s, max_mem_reserved: 2161 MB, max_mem_allocated: 2011 MB
[09/21 23:41:16] ppdet.engine.callbacks INFO: Epoch: [12] [ 20/164] learning_rate: 0.003770 loss: 1.463417 loss_cls: 0.887303 loss_iou: 0.162322 loss_dfl: 3.115658 eta: 1:13:20 batch_cost: 0.4765 data_cost: 0.0051 ips: 8.3952 images/s, max_mem_reserved: 2161 MB, max_mem_allocated: 2011 MB
[09/21 23:41:22] ppdet.engine.callbacks INFO: Epoch: [12] [ 30/164] learning_rate: 0.003768 loss: 1.396268 loss_cls: 0.875877 loss_iou: 0.146784 loss_dfl: 2.948009 eta: 1:13:11 batch_cost: 0.4718 data_cost: 0.0016 ips: 8.4788 images/s, max_mem_reserved: 2161 MB, max_mem_allocated: 2011 MB
[09/21 23:41:27] ppdet.engine.callbacks INFO: Epoch: [12] [ 40/164] learning_rate: 0.003765 loss: 1.394872 loss_cls: 0.869816 loss_iou: 0.145974 loss_dfl: 2.868866 eta: 1:13:01 batch_cost: 0.4643 data_cost: 0.0016 ips: 8.6159 images/s, max_mem_reserved: 2161 MB, max_mem_allocated: 2011 MB
[09/21 23:41:32] ppdet.engine.callbacks INFO: Epoch: [12] [ 50/164] learning_rate: 0.003763 loss: 1.416729 loss_cls: 0.886839 loss_iou: 0.163979 loss_dfl: 2.974913 eta: 1:12:53 batch_cost: 0.4963 data_cost: 0.0017 ips: 8.0593 images/s, max_mem_reserved: 2161 MB, max_mem_allocated: 2011 MB
[09/21 23:41:38] ppdet.engine.callbacks INFO: Epoch: [12] [ 60/164] learning_rate: 0.003760 loss: 1.399371 loss_cls: 0.890918 loss_iou: 0.157381 loss_dfl: 3.024934 eta: 1:12:45 batch_cost: 0.4891 data_cost: 0.0011 ips: 8.1789 images/s, max_mem_reserved: 2161 MB, max_mem_allocated: 2011 MB
[09/21 23:41:43] ppdet.engine.callbacks INFO: Epoch: [12] [ 70/164] learning_rate: 0.003758 loss: 1.331571 loss_cls: 0.865564 loss_iou: 0.129809 loss_dfl: 2.552653 eta: 1:12:36 batch_cost: 0.4600 data_cost: 0.0034 ips: 8.6953 images/s, max_mem_reserved: 2161 MB, max_mem_allocated: 2011 MB
[09/21 23:41:48] ppdet.engine.callbacks INFO: Epoch: [12] [ 80/164] learning_rate: 0.003755 loss: 1.386077 loss_cls: 0.865148 loss_iou: 0.153722 loss_dfl: 3.178360 eta: 1:12:27 batch_cost: 0.4721 data_cost: 0.0015 ips: 8.4736 images/s, max_mem_reserved: 2161 MB, max_mem_allocated: 2011 MB
[09/21 23:41:54] ppdet.engine.callbacks INFO: Epoch: [12] [ 90/164] learning_rate: 0.003752 loss: 1.416597 loss_cls: 0.870715 loss_iou: 0.159386 loss_dfl: 3.042660 eta: 1:12:19 batch_cost: 0.4850 data_cost: 0.0018 ips: 8.2466 images/s, max_mem_reserved: 2161 MB, max_mem_allocated: 2011 MB
[09/21 23:41:59] ppdet.engine.callbacks INFO: Epoch: [12] [100/164] learning_rate: 0.003750 loss: 1.401395 loss_cls: 0.881310 loss_iou: 0.155957 loss_dfl: 2.765667 eta: 1:12:11 batch_cost: 0.5044 data_cost: 0.0022 ips: 7.9304 images/s, max_mem_reserved: 2161 MB, max_mem_allocated: 2011 MB
[09/21 23:42:04] ppdet.engine.callbacks INFO: Epoch: [12] [110/164] learning_rate: 0.003747 loss: 1.463518 loss_cls: 0.906989 loss_iou: 0.153099 loss_dfl: 3.174747 eta: 1:12:02 batch_cost: 0.4574 data_cost: 0.0037 ips: 8.7447 images/s, max_mem_reserved: 2161 MB, max_mem_allocated: 2011 MB
[09/21 23:42:10] ppdet.engine.callbacks INFO: Epoch: [12] [120/164] learning_rate: 0.003745 loss: 1.390886 loss_cls: 0.878913 loss_iou: 0.155539 loss_dfl: 2.953643 eta: 1:11:53 batch_cost: 0.4677 data_cost: 0.0024 ips: 8.5518 images/s, max_mem_reserved: 2161 MB, max_mem_allocated: 2011 MB
[09/21 23:42:15] ppdet.engine.callbacks INFO: Epoch: [12] [130/164] learning_rate: 0.003742 loss: 1.362679 loss_cls: 0.863949 loss_iou: 0.140995 loss_dfl: 2.938010 eta: 1:11:44 batch_cost: 0.4633 data_cost: 0.0024 ips: 8.6330 images/s, max_mem_reserved: 2161 MB, max_mem_allocated: 2011 MB
[09/21 23:42:20] ppdet.engine.callbacks INFO: Epoch: [12] [140/164] learning_rate: 0.003739 loss: 1.394780 loss_cls: 0.855885 loss_iou: 0.151434 loss_dfl: 2.944818 eta: 1:11:35 batch_cost: 0.4599 data_cost: 0.0025 ips: 8.6984 images/s, max_mem_reserved: 2161 MB, max_mem_allocated: 2011 MB
[09/21 23:42:25] ppdet.engine.callbacks INFO: Epoch: [12] [150/164] learning_rate: 0.003737 loss: 1.394906 loss_cls: 0.851039 loss_iou: 0.155090 loss_dfl: 3.142462 eta: 1:11:26 batch_cost: 0.4815 data_cost: 0.0024 ips: 8.3082 images/s, max_mem_reserved: 2161 MB, max_mem_allocated: 2011 MB
[09/21 23:42:31] ppdet.engine.callbacks INFO: Epoch: [12] [160/164] learning_rate: 0.003734 loss: 1.376370 loss_cls: 0.835239 loss_iou: 0.147683 loss_dfl: 3.034841 eta: 1:11:18 batch_cost: 0.4607 data_cost: 0.0027 ips: 8.6824 images/s, max_mem_reserved: 2161 MB, max_mem_allocated: 2011 MB
[09/21 23:42:33] ppdet.engine.callbacks INFO: Epoch: [13] [  0/164] learning_rate: 0.003733 loss: 1.407213 loss_cls: 0.839114 loss_iou: 0.160232 loss_dfl: 3.322382 eta: 1:11:15 batch_cost: 0.4694 data_cost: 0.0412 ips: 8.5214 images/s, max_mem_reserved: 2161 MB, max_mem_allocated: 2011 MB
[09/21 23:42:39] ppdet.engine.callbacks INFO: Epoch: [13] [ 10/164] learning_rate: 0.003730 loss: 1.407314 loss_cls: 0.859960 loss_iou: 0.160947 loss_dfl: 2.991657 eta: 1:11:08 batch_cost: 0.5107 data_cost: 0.0285 ips: 7.8319 images/s, max_mem_reserved: 2161 MB, max_mem_allocated: 2011 MB
[09/21 23:42:44] ppdet.engine.callbacks INFO: Epoch: [13] [ 20/164] learning_rate: 0.003727 loss: 1.379862 loss_cls: 0.857373 loss_iou: 0.149893 loss_dfl: 2.960306 eta: 1:11:00 batch_cost: 0.4876 data_cost: 0.0016 ips: 8.2034 images/s, max_mem_reserved: 2161 MB, max_mem_allocated: 2011 MB
[09/21 23:42:49] ppdet.engine.callbacks INFO: Epoch: [13] [ 30/164] learning_rate: 0.003725 loss: 1.338003 loss_cls: 0.850902 loss_iou: 0.153057 loss_dfl: 2.688571 eta: 1:10:51 batch_cost: 0.4476 data_cost: 0.0013 ips: 8.9374 images/s, max_mem_reserved: 2161 MB, max_mem_allocated: 2011 MB
[09/21 23:42:54] ppdet.engine.callbacks INFO: Epoch: [13] [ 40/164] learning_rate: 0.003722 loss: 1.395520 loss_cls: 0.872015 loss_iou: 0.155676 loss_dfl: 2.930596 eta: 1:10:43 batch_cost: 0.4875 data_cost: 0.0033 ips: 8.2059 images/s, max_mem_reserved: 2161 MB, max_mem_allocated: 2011 MB
[09/21 23:43:00] ppdet.engine.callbacks INFO: Epoch: [13] [ 50/164] learning_rate: 0.003719 loss: 1.394941 loss_cls: 0.866642 loss_iou: 0.159629 loss_dfl: 3.319862 eta: 1:10:35 batch_cost: 0.4896 data_cost: 0.0043 ips: 8.1705 images/s, max_mem_reserved: 2161 MB, max_mem_allocated: 2011 MB
[09/21 23:43:05] ppdet.engine.callbacks INFO: Epoch: [13] [ 60/164] learning_rate: 0.003716 loss: 1.404313 loss_cls: 0.873461 loss_iou: 0.159336 loss_dfl: 2.885176 eta: 1:10:27 batch_cost: 0.4707 data_cost: 0.0031 ips: 8.4979 images/s, max_mem_reserved: 2161 MB, max_mem_allocated: 2011 MB
[09/21 23:43:11] ppdet.engine.callbacks INFO: Epoch: [13] [ 70/164] learning_rate: 0.003714 loss: 1.432004 loss_cls: 0.862162 loss_iou: 0.169356 loss_dfl: 2.744204 eta: 1:10:19 batch_cost: 0.4926 data_cost: 0.0393 ips: 8.1204 images/s, max_mem_reserved: 2161 MB, max_mem_allocated: 2011 MB
[09/21 23:43:16] ppdet.engine.callbacks INFO: Epoch: [13] [ 80/164] learning_rate: 0.003711 loss: 1.424347 loss_cls: 0.913429 loss_iou: 0.148017 loss_dfl: 3.287941 eta: 1:10:11 batch_cost: 0.4888 data_cost: 0.0017 ips: 8.1840 images/s, max_mem_reserved: 2161 MB, max_mem_allocated: 2011 MB
[09/21 23:43:21] ppdet.engine.callbacks INFO: Epoch: [13] [ 90/164] learning_rate: 0.003708 loss: 1.318926 loss_cls: 0.807960 loss_iou: 0.143188 loss_dfl: 3.059043 eta: 1:10:03 batch_cost: 0.4679 data_cost: 0.0014 ips: 8.5483 images/s, max_mem_reserved: 2161 MB, max_mem_allocated: 2011 MB
[09/21 23:43:27] ppdet.engine.callbacks INFO: Epoch: [13] [100/164] learning_rate: 0.003705 loss: 1.379038 loss_cls: 0.797939 loss_iou: 0.163487 loss_dfl: 2.984449 eta: 1:09:54 batch_cost: 0.4672 data_cost: 0.0127 ips: 8.5611 images/s, max_mem_reserved: 2161 MB, max_mem_allocated: 2011 MB
[09/21 23:43:33] ppdet.engine.callbacks INFO: Epoch: [13] [110/164] learning_rate: 0.003702 loss: 1.362992 loss_cls: 0.853662 loss_iou: 0.156811 loss_dfl: 2.983002 eta: 1:09:49 batch_cost: 0.5413 data_cost: 0.0014 ips: 7.3902 images/s, max_mem_reserved: 2161 MB, max_mem_allocated: 2011 MB
[09/21 23:43:38] ppdet.engine.callbacks INFO: Epoch: [13] [120/164] learning_rate: 0.003699 loss: 1.343989 loss_cls: 0.816769 loss_iou: 0.144747 loss_dfl: 3.147185 eta: 1:09:39 batch_cost: 0.4419 data_cost: 0.0019 ips: 9.0511 images/s, max_mem_reserved: 2161 MB, max_mem_allocated: 2011 MB
[09/21 23:43:43] ppdet.engine.callbacks INFO: Epoch: [13] [130/164] learning_rate: 0.003697 loss: 1.359124 loss_cls: 0.868001 loss_iou: 0.142092 loss_dfl: 2.624385 eta: 1:09:31 batch_cost: 0.4670 data_cost: 0.0057 ips: 8.5655 images/s, max_mem_reserved: 2161 MB, max_mem_allocated: 2011 MB
[09/21 23:43:48] ppdet.engine.callbacks INFO: Epoch: [13] [140/164] learning_rate: 0.003694 loss: 1.376370 loss_cls: 0.867447 loss_iou: 0.151343 loss_dfl: 2.874715 eta: 1:09:23 batch_cost: 0.4673 data_cost: 0.0013 ips: 8.5598 images/s, max_mem_reserved: 2161 MB, max_mem_allocated: 2011 MB
[09/21 23:43:54] ppdet.engine.callbacks INFO: Epoch: [13] [150/164] learning_rate: 0.003691 loss: 1.374195 loss_cls: 0.847293 loss_iou: 0.140200 loss_dfl: 2.733919 eta: 1:09:15 batch_cost: 0.4863 data_cost: 0.0014 ips: 8.2250 images/s, max_mem_reserved: 2161 MB, max_mem_allocated: 2011 MB
[09/21 23:43:59] ppdet.engine.callbacks INFO: Epoch: [13] [160/164] learning_rate: 0.003688 loss: 1.390381 loss_cls: 0.855886 loss_iou: 0.161325 loss_dfl: 3.086943 eta: 1:09:07 batch_cost: 0.4695 data_cost: 0.0014 ips: 8.5203 images/s, max_mem_reserved: 2161 MB, max_mem_allocated: 2011 MB
[09/21 23:44:01] ppdet.engine.callbacks INFO: Epoch: [14] [  0/164] learning_rate: 0.003687 loss: 1.399418 loss_cls: 0.863518 loss_iou: 0.158236 loss_dfl: 3.015537 eta: 1:09:05 batch_cost: 0.4744 data_cost: 0.0528 ips: 8.4309 images/s, max_mem_reserved: 2161 MB, max_mem_allocated: 2011 MB
[09/21 23:44:07] ppdet.engine.callbacks INFO: Epoch: [14] [ 10/164] learning_rate: 0.003684 loss: 1.432819 loss_cls: 0.857570 loss_iou: 0.157945 loss_dfl: 3.225149 eta: 1:08:58 batch_cost: 0.4961 data_cost: 0.0251 ips: 8.0623 images/s, max_mem_reserved: 2161 MB, max_mem_allocated: 2011 MB
[09/21 23:44:12] ppdet.engine.callbacks INFO: Epoch: [14] [ 20/164] learning_rate: 0.003681 loss: 1.370436 loss_cls: 0.842540 loss_iou: 0.157413 loss_dfl: 2.790482 eta: 1:08:50 batch_cost: 0.4809 data_cost: 0.0016 ips: 8.3184 images/s, max_mem_reserved: 2161 MB, max_mem_allocated: 2011 MB
[09/21 23:44:17] ppdet.engine.callbacks INFO: Epoch: [14] [ 30/164] learning_rate: 0.003678 loss: 1.412926 loss_cls: 0.884169 loss_iou: 0.150929 loss_dfl: 2.860798 eta: 1:08:42 batch_cost: 0.4833 data_cost: 0.0011 ips: 8.2758 images/s, max_mem_reserved: 2161 MB, max_mem_allocated: 2011 MB
[09/21 23:44:23] ppdet.engine.callbacks INFO: Epoch: [14] [ 40/164] learning_rate: 0.003675 loss: 1.424813 loss_cls: 0.885784 loss_iou: 0.160021 loss_dfl: 3.159239 eta: 1:08:35 batch_cost: 0.4985 data_cost: 0.0012 ips: 8.0245 images/s, max_mem_reserved: 2161 MB, max_mem_allocated: 2011 MB
[09/21 23:44:28] ppdet.engine.callbacks INFO: Epoch: [14] [ 50/164] learning_rate: 0.003672 loss: 1.434085 loss_cls: 0.871986 loss_iou: 0.161187 loss_dfl: 3.058304 eta: 1:08:27 batch_cost: 0.4604 data_cost: 0.0018 ips: 8.6887 images/s, max_mem_reserved: 2161 MB, max_mem_allocated: 2011 MB
[09/21 23:44:34] ppdet.engine.callbacks INFO: Epoch: [14] [ 60/164] learning_rate: 0.003669 loss: 1.414360 loss_cls: 0.882799 loss_iou: 0.151984 loss_dfl: 3.038442 eta: 1:08:20 batch_cost: 0.5080 data_cost: 0.0023 ips: 7.8734 images/s, max_mem_reserved: 2161 MB, max_mem_allocated: 2011 MB
[09/21 23:44:39] ppdet.engine.callbacks INFO: Epoch: [14] [ 70/164] learning_rate: 0.003666 loss: 1.365096 loss_cls: 0.842581 loss_iou: 0.146591 loss_dfl: 2.919160 eta: 1:08:12 batch_cost: 0.4677 data_cost: 0.0022 ips: 8.5531 images/s, max_mem_reserved: 2161 MB, max_mem_allocated: 2011 MB
[09/21 23:44:44] ppdet.engine.callbacks INFO: Epoch: [14] [ 80/164] learning_rate: 0.003663 loss: 1.348735 loss_cls: 0.821199 loss_iou: 0.149998 loss_dfl: 2.607402 eta: 1:08:04 batch_cost: 0.4504 data_cost: 0.0014 ips: 8.8816 images/s, max_mem_reserved: 2161 MB, max_mem_allocated: 2011 MB
[09/21 23:44:49] ppdet.engine.callbacks INFO: Epoch: [14] [ 90/164] learning_rate: 0.003660 loss: 1.372199 loss_cls: 0.850982 loss_iou: 0.148427 loss_dfl: 2.966381 eta: 1:07:56 batch_cost: 0.4817 data_cost: 0.0015 ips: 8.3039 images/s, max_mem_reserved: 2161 MB, max_mem_allocated: 2011 MB
[09/21 23:44:55] ppdet.engine.callbacks INFO: Epoch: [14] [100/164] learning_rate: 0.003657 loss: 1.451455 loss_cls: 0.850164 loss_iou: 0.163815 loss_dfl: 3.265257 eta: 1:07:49 batch_cost: 0.4807 data_cost: 0.0019 ips: 8.3210 images/s, max_mem_reserved: 2161 MB, max_mem_allocated: 2011 MB
[09/21 23:45:00] ppdet.engine.callbacks INFO: Epoch: [14] [110/164] learning_rate: 0.003654 loss: 1.416676 loss_cls: 0.840384 loss_iou: 0.160295 loss_dfl: 2.983139 eta: 1:07:41 batch_cost: 0.4686 data_cost: 0.0012 ips: 8.5355 images/s, max_mem_reserved: 2161 MB, max_mem_allocated: 2011 MB
[09/21 23:45:05] ppdet.engine.callbacks INFO: Epoch: [14] [120/164] learning_rate: 0.003651 loss: 1.336228 loss_cls: 0.826118 loss_iou: 0.151121 loss_dfl: 3.059204 eta: 1:07:33 batch_cost: 0.4672 data_cost: 0.0012 ips: 8.5622 images/s, max_mem_reserved: 2161 MB, max_mem_allocated: 2011 MB
[09/21 23:45:11] ppdet.engine.callbacks INFO: Epoch: [14] [130/164] learning_rate: 0.003648 loss: 1.401144 loss_cls: 0.845280 loss_iou: 0.158690 loss_dfl: 3.009613 eta: 1:07:26 batch_cost: 0.5016 data_cost: 0.0061 ips: 7.9743 images/s, max_mem_reserved: 2161 MB, max_mem_allocated: 2011 MB
[09/21 23:45:16] ppdet.engine.callbacks INFO: Epoch: [14] [140/164] learning_rate: 0.003645 loss: 1.378042 loss_cls: 0.827047 loss_iou: 0.152755 loss_dfl: 3.207264 eta: 1:07:20 batch_cost: 0.5094 data_cost: 0.0029 ips: 7.8531 images/s, max_mem_reserved: 2161 MB, max_mem_allocated: 2011 MB
[09/21 23:45:21] ppdet.engine.callbacks INFO: Epoch: [14] [150/164] learning_rate: 0.003642 loss: 1.346926 loss_cls: 0.815048 loss_iou: 0.152241 loss_dfl: 2.923847 eta: 1:07:11 batch_cost: 0.4500 data_cost: 0.0018 ips: 8.8888 images/s, max_mem_reserved: 2161 MB, max_mem_allocated: 2011 MB
[09/21 23:45:26] ppdet.engine.callbacks INFO: Epoch: [14] [160/164] learning_rate: 0.003639 loss: 1.312591 loss_cls: 0.833155 loss_iou: 0.143971 loss_dfl: 2.870552 eta: 1:07:03 batch_cost: 0.4464 data_cost: 0.0017 ips: 8.9609 images/s, max_mem_reserved: 2161 MB, max_mem_allocated: 2011 MB
[09/21 23:45:29] ppdet.utils.checkpoint INFO: Save checkpoint: output_extra
[09/21 23:45:30] ppdet.engine.callbacks INFO: Eval iter: 0
[09/21 23:45:37] ppdet.metrics.metrics INFO: Accumulating evaluatation results...
[09/21 23:45:37] ppdet.metrics.metrics INFO: mAP(0.50, 11point) = 84.95%
[09/21 23:45:37] ppdet.engine.callbacks INFO: Total sample number: 100, average FPS: 11.408097557459639
[09/21 23:45:38] ppdet.engine INFO: Best test bbox ap is 0.849.
[09/21 23:45:38] ppdet.utils.checkpoint INFO: Save checkpoint: output_extra
[09/21 23:45:39] ppdet.engine.callbacks INFO: Epoch: [15] [  0/164] learning_rate: 0.003637 loss: 1.385105 loss_cls: 0.867201 loss_iou: 0.149590 loss_dfl: 2.930951 eta: 1:07:00 batch_cost: 0.4626 data_cost: 0.0015 ips: 8.6474 images/s, max_mem_reserved: 2161 MB, max_mem_allocated: 2011 MB
[09/21 23:45:44] ppdet.engine.callbacks INFO: Epoch: [15] [ 10/164] learning_rate: 0.003634 loss: 1.380832 loss_cls: 0.832951 loss_iou: 0.154252 loss_dfl: 2.906817 eta: 1:06:52 batch_cost: 0.4698 data_cost: 0.0021 ips: 8.5144 images/s, max_mem_reserved: 2161 MB, max_mem_allocated: 2011 MB
[09/21 23:45:49] ppdet.engine.callbacks INFO: Epoch: [15] [ 20/164] learning_rate: 0.003631 loss: 1.394221 loss_cls: 0.865289 loss_iou: 0.164969 loss_dfl: 2.993633 eta: 1:06:44 batch_cost: 0.4662 data_cost: 0.0024 ips: 8.5798 images/s, max_mem_reserved: 2161 MB, max_mem_allocated: 2011 MB
[09/21 23:45:54] ppdet.engine.callbacks INFO: Epoch: [15] [ 30/164] learning_rate: 0.003628 loss: 1.314527 loss_cls: 0.833517 loss_iou: 0.131307 loss_dfl: 2.939989 eta: 1:06:36 batch_cost: 0.4564 data_cost: 0.0027 ips: 8.7641 images/s, max_mem_reserved: 2161 MB, max_mem_allocated: 2011 MB
[09/21 23:46:00] ppdet.engine.callbacks INFO: Epoch: [15] [ 40/164] learning_rate: 0.003625 loss: 1.361939 loss_cls: 0.837988 loss_iou: 0.142804 loss_dfl: 2.968731 eta: 1:06:29 batch_cost: 0.4928 data_cost: 0.0021 ips: 8.1176 images/s, max_mem_reserved: 2161 MB, max_mem_allocated: 2011 MB
[09/21 23:46:05] ppdet.engine.callbacks INFO: Epoch: [15] [ 50/164] learning_rate: 0.003622 loss: 1.319395 loss_cls: 0.844866 loss_iou: 0.136776 loss_dfl: 2.696110 eta: 1:06:21 batch_cost: 0.4425 data_cost: 0.0020 ips: 9.0399 images/s, max_mem_reserved: 2161 MB, max_mem_allocated: 2011 MB
[09/21 23:46:10] ppdet.engine.callbacks INFO: Epoch: [15] [ 60/164] learning_rate: 0.003619 loss: 1.382828 loss_cls: 0.847935 loss_iou: 0.145875 loss_dfl: 3.034458 eta: 1:06:14 batch_cost: 0.4857 data_cost: 0.0023 ips: 8.2348 images/s, max_mem_reserved: 2161 MB, max_mem_allocated: 2011 MB
[09/21 23:46:16] ppdet.engine.callbacks INFO: Epoch: [15] [ 70/164] learning_rate: 0.003615 loss: 1.369799 loss_cls: 0.859411 loss_iou: 0.141764 loss_dfl: 2.756137 eta: 1:06:06 batch_cost: 0.4809 data_cost: 0.0038 ips: 8.3182 images/s, max_mem_reserved: 2161 MB, max_mem_allocated: 2011 MB
[09/21 23:46:21] ppdet.engine.callbacks INFO: Epoch: [15] [ 80/164] learning_rate: 0.003612 loss: 1.351020 loss_cls: 0.846028 loss_iou: 0.142699 loss_dfl: 3.072924 eta: 1:05:58 batch_cost: 0.4549 data_cost: 0.0023 ips: 8.7924 images/s, max_mem_reserved: 2161 MB, max_mem_allocated: 2011 MB
[09/21 23:46:26] ppdet.engine.callbacks INFO: Epoch: [15] [ 90/164] learning_rate: 0.003609 loss: 1.368691 loss_cls: 0.856664 loss_iou: 0.152474 loss_dfl: 2.977563 eta: 1:05:51 batch_cost: 0.4707 data_cost: 0.0026 ips: 8.4983 images/s, max_mem_reserved: 2161 MB, max_mem_allocated: 2011 MB
[09/21 23:46:31] ppdet.engine.callbacks INFO: Epoch: [15] [100/164] learning_rate: 0.003606 loss: 1.349518 loss_cls: 0.814823 loss_iou: 0.155073 loss_dfl: 2.632504 eta: 1:05:44 batch_cost: 0.4714 data_cost: 0.0026 ips: 8.4858 images/s, max_mem_reserved: 2161 MB, max_mem_allocated: 2011 MB
[09/21 23:46:37] ppdet.engine.callbacks INFO: Epoch: [15] [110/164] learning_rate: 0.003602 loss: 1.341453 loss_cls: 0.833534 loss_iou: 0.151758 loss_dfl: 2.922224 eta: 1:05:36 batch_cost: 0.4723 data_cost: 0.0018 ips: 8.4691 images/s, max_mem_reserved: 2161 MB, max_mem_allocated: 2011 MB
[09/21 23:46:42] ppdet.engine.callbacks INFO: Epoch: [15] [120/164] learning_rate: 0.003599 loss: 1.379690 loss_cls: 0.859122 loss_iou: 0.146070 loss_dfl: 3.337179 eta: 1:05:30 batch_cost: 0.5030 data_cost: 0.0032 ips: 7.9522 images/s, max_mem_reserved: 2161 MB, max_mem_allocated: 2011 MB
[09/21 23:46:48] ppdet.engine.callbacks INFO: Epoch: [15] [130/164] learning_rate: 0.003596 loss: 1.393821 loss_cls: 0.873993 loss_iou: 0.151827 loss_dfl: 2.619711 eta: 1:05:23 batch_cost: 0.4980 data_cost: 0.0027 ips: 8.0314 images/s, max_mem_reserved: 2161 MB, max_mem_allocated: 2011 MB
[09/21 23:46:53] ppdet.engine.callbacks INFO: Epoch: [15] [140/164] learning_rate: 0.003593 loss: 1.370390 loss_cls: 0.871037 loss_iou: 0.144630 loss_dfl: 3.132445 eta: 1:05:15 batch_cost: 0.4628 data_cost: 0.0028 ips: 8.6429 images/s, max_mem_reserved: 2161 MB, max_mem_allocated: 2011 MB
[09/21 23:46:58] ppdet.engine.callbacks INFO: Epoch: [15] [150/164] learning_rate: 0.003589 loss: 1.364265 loss_cls: 0.846573 loss_iou: 0.144026 loss_dfl: 3.102991 eta: 1:05:09 batch_cost: 0.4923 data_cost: 0.0025 ips: 8.1250 images/s, max_mem_reserved: 2161 MB, max_mem_allocated: 2011 MB
[09/21 23:47:03] ppdet.engine.callbacks INFO: Epoch: [15] [160/164] learning_rate: 0.003586 loss: 1.329815 loss_cls: 0.821264 loss_iou: 0.141806 loss_dfl: 2.945697 eta: 1:05:01 batch_cost: 0.4599 data_cost: 0.0028 ips: 8.6973 images/s, max_mem_reserved: 2161 MB, max_mem_allocated: 2011 MB
[09/21 23:47:06] ppdet.engine.callbacks INFO: Epoch: [16] [  0/164] learning_rate: 0.003585 loss: 1.329815 loss_cls: 0.830745 loss_iou: 0.145180 loss_dfl: 2.922234 eta: 1:04:59 batch_cost: 0.4989 data_cost: 0.0496 ips: 8.0170 images/s, max_mem_reserved: 2161 MB, max_mem_allocated: 2011 MB
[09/21 23:47:12] ppdet.engine.callbacks INFO: Epoch: [16] [ 10/164] learning_rate: 0.003582 loss: 1.359011 loss_cls: 0.832201 loss_iou: 0.145133 loss_dfl: 3.026146 eta: 1:04:54 batch_cost: 0.5351 data_cost: 0.0599 ips: 7.4746 images/s, max_mem_reserved: 2161 MB, max_mem_allocated: 2011 MB
[09/21 23:47:17] ppdet.engine.callbacks INFO: Epoch: [16] [ 20/164] learning_rate: 0.003578 loss: 1.345568 loss_cls: 0.838194 loss_iou: 0.146429 loss_dfl: 2.890795 eta: 1:04:46 batch_cost: 0.4542 data_cost: 0.0081 ips: 8.8066 images/s, max_mem_reserved: 2161 MB, max_mem_allocated: 2011 MB
[09/21 23:47:22] ppdet.engine.callbacks INFO: Epoch: [16] [ 30/164] learning_rate: 0.003575 loss: 1.383381 loss_cls: 0.841973 loss_iou: 0.156801 loss_dfl: 3.106030 eta: 1:04:39 batch_cost: 0.4947 data_cost: 0.0118 ips: 8.0861 images/s, max_mem_reserved: 2161 MB, max_mem_allocated: 2011 MB
[09/21 23:47:28] ppdet.engine.callbacks INFO: Epoch: [16] [ 40/164] learning_rate: 0.003572 loss: 1.403063 loss_cls: 0.849058 loss_iou: 0.154758 loss_dfl: 2.555385 eta: 1:04:33 batch_cost: 0.4946 data_cost: 0.0366 ips: 8.0866 images/s, max_mem_reserved: 2161 MB, max_mem_allocated: 2011 MB
[09/21 23:47:34] ppdet.engine.callbacks INFO: Epoch: [16] [ 50/164] learning_rate: 0.003568 loss: 1.426877 loss_cls: 0.874508 loss_iou: 0.158670 loss_dfl: 3.173090 eta: 1:04:26 batch_cost: 0.4942 data_cost: 0.0105 ips: 8.0934 images/s, max_mem_reserved: 2161 MB, max_mem_allocated: 2011 MB
[09/21 23:47:39] ppdet.engine.callbacks INFO: Epoch: [16] [ 60/164] learning_rate: 0.003565 loss: 1.374604 loss_cls: 0.854860 loss_iou: 0.151121 loss_dfl: 2.798040 eta: 1:04:19 batch_cost: 0.4673 data_cost: 0.0015 ips: 8.5599 images/s, max_mem_reserved: 2161 MB, max_mem_allocated: 2011 MB
[09/21 23:47:44] ppdet.engine.callbacks INFO: Epoch: [16] [ 70/164] learning_rate: 0.003561 loss: 1.398314 loss_cls: 0.886159 loss_iou: 0.153058 loss_dfl: 3.038270 eta: 1:04:12 batch_cost: 0.4925 data_cost: 0.0015 ips: 8.1226 images/s, max_mem_reserved: 2161 MB, max_mem_allocated: 2011 MB
[09/21 23:47:51] ppdet.engine.callbacks INFO: Epoch: [16] [ 80/164] learning_rate: 0.003558 loss: 1.343520 loss_cls: 0.840237 loss_iou: 0.151212 loss_dfl: 2.605979 eta: 1:04:08 batch_cost: 0.5977 data_cost: 0.0738 ips: 6.6926 images/s, max_mem_reserved: 2161 MB, max_mem_allocated: 2011 MB
[09/21 23:47:57] ppdet.engine.callbacks INFO: Epoch: [16] [ 90/164] learning_rate: 0.003555 loss: 1.382139 loss_cls: 0.848136 loss_iou: 0.158561 loss_dfl: 2.894415 eta: 1:04:01 batch_cost: 0.4748 data_cost: 0.0013 ips: 8.4254 images/s, max_mem_reserved: 2161 MB, max_mem_allocated: 2011 MB
[09/21 23:48:02] ppdet.engine.callbacks INFO: Epoch: [16] [100/164] learning_rate: 0.003551 loss: 1.283809 loss_cls: 0.797161 loss_iou: 0.145813 loss_dfl: 2.917243 eta: 1:03:54 batch_cost: 0.4822 data_cost: 0.0019 ips: 8.2956 images/s, max_mem_reserved: 2161 MB, max_mem_allocated: 2011 MB
[09/21 23:48:07] ppdet.engine.callbacks INFO: Epoch: [16] [110/164] learning_rate: 0.003548 loss: 1.335941 loss_cls: 0.831396 loss_iou: 0.141512 loss_dfl: 2.928942 eta: 1:03:47 batch_cost: 0.4862 data_cost: 0.0012 ips: 8.2273 images/s, max_mem_reserved: 2161 MB, max_mem_allocated: 2011 MB
[09/21 23:48:13] ppdet.engine.callbacks INFO: Epoch: [16] [120/164] learning_rate: 0.003544 loss: 1.362661 loss_cls: 0.848223 loss_iou: 0.147334 loss_dfl: 2.964342 eta: 1:03:40 batch_cost: 0.4700 data_cost: 0.0011 ips: 8.5113 images/s, max_mem_reserved: 2161 MB, max_mem_allocated: 2011 MB
[09/21 23:48:19] ppdet.engine.callbacks INFO: Epoch: [16] [130/164] learning_rate: 0.003541 loss: 1.332391 loss_cls: 0.853740 loss_iou: 0.140703 loss_dfl: 2.660711 eta: 1:03:35 batch_cost: 0.5441 data_cost: 0.0589 ips: 7.3519 images/s, max_mem_reserved: 2161 MB, max_mem_allocated: 2011 MB
[09/21 23:48:24] ppdet.engine.callbacks INFO: Epoch: [16] [140/164] learning_rate: 0.003537 loss: 1.316124 loss_cls: 0.820948 loss_iou: 0.142363 loss_dfl: 2.623293 eta: 1:03:29 batch_cost: 0.5135 data_cost: 0.0482 ips: 7.7901 images/s, max_mem_reserved: 2161 MB, max_mem_allocated: 2011 MB
[09/21 23:48:30] ppdet.engine.callbacks INFO: Epoch: [16] [150/164] learning_rate: 0.003534 loss: 1.357918 loss_cls: 0.848921 loss_iou: 0.146773 loss_dfl: 2.762320 eta: 1:03:22 batch_cost: 0.4620 data_cost: 0.0104 ips: 8.6581 images/s, max_mem_reserved: 2161 MB, max_mem_allocated: 2011 MB
[09/21 23:48:35] ppdet.engine.callbacks INFO: Epoch: [16] [160/164] learning_rate: 0.003531 loss: 1.308298 loss_cls: 0.772783 loss_iou: 0.143468 loss_dfl: 2.820653 eta: 1:03:14 batch_cost: 0.4647 data_cost: 0.0013 ips: 8.6081 images/s, max_mem_reserved: 2161 MB, max_mem_allocated: 2011 MB
[09/21 23:48:37] ppdet.engine.callbacks INFO: Epoch: [17] [  0/164] learning_rate: 0.003529 loss: 1.381733 loss_cls: 0.834177 loss_iou: 0.146687 loss_dfl: 2.730087 eta: 1:03:12 batch_cost: 0.4835 data_cost: 0.0383 ips: 8.2734 images/s, max_mem_reserved: 2161 MB, max_mem_allocated: 2011 MB
[09/21 23:48:43] ppdet.engine.callbacks INFO: Epoch: [17] [ 10/164] learning_rate: 0.003526 loss: 1.342161 loss_cls: 0.825235 loss_iou: 0.144536 loss_dfl: 2.892260 eta: 1:03:06 batch_cost: 0.5097 data_cost: 0.0270 ips: 7.8484 images/s, max_mem_reserved: 2161 MB, max_mem_allocated: 2011 MB
[09/21 23:48:48] ppdet.engine.callbacks INFO: Epoch: [17] [ 20/164] learning_rate: 0.003522 loss: 1.394526 loss_cls: 0.838877 loss_iou: 0.156792 loss_dfl: 3.112510 eta: 1:03:00 batch_cost: 0.4937 data_cost: 0.0186 ips: 8.1021 images/s, max_mem_reserved: 2161 MB, max_mem_allocated: 2011 MB
[09/21 23:48:54] ppdet.engine.callbacks INFO: Epoch: [17] [ 30/164] learning_rate: 0.003519 loss: 1.288556 loss_cls: 0.803620 loss_iou: 0.140890 loss_dfl: 2.370470 eta: 1:02:52 batch_cost: 0.4610 data_cost: 0.0016 ips: 8.6771 images/s, max_mem_reserved: 2161 MB, max_mem_allocated: 2011 MB
[09/21 23:48:59] ppdet.engine.callbacks INFO: Epoch: [17] [ 40/164] learning_rate: 0.003515 loss: 1.394903 loss_cls: 0.843475 loss_iou: 0.155879 loss_dfl: 3.306747 eta: 1:02:45 batch_cost: 0.4671 data_cost: 0.0189 ips: 8.5629 images/s, max_mem_reserved: 2161 MB, max_mem_allocated: 2011 MB
[09/21 23:49:04] ppdet.engine.callbacks INFO: Epoch: [17] [ 50/164] learning_rate: 0.003512 loss: 1.398107 loss_cls: 0.842550 loss_iou: 0.150659 loss_dfl: 2.595655 eta: 1:02:38 batch_cost: 0.4549 data_cost: 0.0012 ips: 8.7934 images/s, max_mem_reserved: 2161 MB, max_mem_allocated: 2011 MB
[09/21 23:49:09] ppdet.engine.callbacks INFO: Epoch: [17] [ 60/164] learning_rate: 0.003508 loss: 1.359489 loss_cls: 0.844828 loss_iou: 0.145583 loss_dfl: 2.958673 eta: 1:02:30 batch_cost: 0.4544 data_cost: 0.0017 ips: 8.8019 images/s, max_mem_reserved: 2161 MB, max_mem_allocated: 2011 MB
[09/21 23:49:15] ppdet.engine.callbacks INFO: Epoch: [17] [ 70/164] learning_rate: 0.003504 loss: 1.365232 loss_cls: 0.863288 loss_iou: 0.143723 loss_dfl: 3.040621 eta: 1:02:24 batch_cost: 0.4973 data_cost: 0.0017 ips: 8.0429 images/s, max_mem_reserved: 2161 MB, max_mem_allocated: 2011 MB
[09/21 23:49:20] ppdet.engine.callbacks INFO: Epoch: [17] [ 80/164] learning_rate: 0.003501 loss: 1.377958 loss_cls: 0.865018 loss_iou: 0.145015 loss_dfl: 2.909367 eta: 1:02:17 batch_cost: 0.4773 data_cost: 0.0015 ips: 8.3810 images/s, max_mem_reserved: 2161 MB, max_mem_allocated: 2011 MB
[09/21 23:49:25] ppdet.engine.callbacks INFO: Epoch: [17] [ 90/164] learning_rate: 0.003497 loss: 1.363191 loss_cls: 0.868819 loss_iou: 0.142647 loss_dfl: 2.682282 eta: 1:02:10 batch_cost: 0.4760 data_cost: 0.0015 ips: 8.4032 images/s, max_mem_reserved: 2161 MB, max_mem_allocated: 2011 MB
[09/21 23:49:30] ppdet.engine.callbacks INFO: Epoch: [17] [100/164] learning_rate: 0.003494 loss: 1.401184 loss_cls: 0.869797 loss_iou: 0.146676 loss_dfl: 2.878873 eta: 1:02:03 batch_cost: 0.4614 data_cost: 0.0014 ips: 8.6686 images/s, max_mem_reserved: 2161 MB, max_mem_allocated: 2011 MB
[09/21 23:49:36] ppdet.engine.callbacks INFO: Epoch: [17] [110/164] learning_rate: 0.003490 loss: 1.308419 loss_cls: 0.837963 loss_iou: 0.139802 loss_dfl: 2.429738 eta: 1:01:56 batch_cost: 0.4581 data_cost: 0.0019 ips: 8.7313 images/s, max_mem_reserved: 2161 MB, max_mem_allocated: 2011 MB
[09/21 23:49:40] ppdet.engine.callbacks INFO: Epoch: [17] [120/164] learning_rate: 0.003486 loss: 1.348695 loss_cls: 0.841646 loss_iou: 0.156525 loss_dfl: 3.053963 eta: 1:01:48 batch_cost: 0.4355 data_cost: 0.0017 ips: 9.1854 images/s, max_mem_reserved: 2161 MB, max_mem_allocated: 2011 MB
[09/21 23:49:46] ppdet.engine.callbacks INFO: Epoch: [17] [130/164] learning_rate: 0.003483 loss: 1.317223 loss_cls: 0.840878 loss_iou: 0.144949 loss_dfl: 2.870788 eta: 1:01:42 batch_cost: 0.4827 data_cost: 0.0092 ips: 8.2867 images/s, max_mem_reserved: 2161 MB, max_mem_allocated: 2011 MB
[09/21 23:49:51] ppdet.engine.callbacks INFO: Epoch: [17] [140/164] learning_rate: 0.003479 loss: 1.335654 loss_cls: 0.830907 loss_iou: 0.145273 loss_dfl: 3.106677 eta: 1:01:36 batch_cost: 0.5054 data_cost: 0.0014 ips: 7.9147 images/s, max_mem_reserved: 2161 MB, max_mem_allocated: 2011 MB
[09/21 23:49:56] ppdet.engine.callbacks INFO: Epoch: [17] [150/164] learning_rate: 0.003476 loss: 1.303030 loss_cls: 0.804853 loss_iou: 0.139974 loss_dfl: 3.030850 eta: 1:01:28 batch_cost: 0.4272 data_cost: 0.0014 ips: 9.3636 images/s, max_mem_reserved: 2161 MB, max_mem_allocated: 2011 MB
[09/21 23:50:02] ppdet.engine.callbacks INFO: Epoch: [17] [160/164] learning_rate: 0.003472 loss: 1.364122 loss_cls: 0.851884 loss_iou: 0.148900 loss_dfl: 2.813057 eta: 1:01:21 batch_cost: 0.4870 data_cost: 0.0019 ips: 8.2142 images/s, max_mem_reserved: 2161 MB, max_mem_allocated: 2011 MB
[09/21 23:50:04] ppdet.engine.callbacks INFO: Epoch: [18] [  0/164] learning_rate: 0.003470 loss: 1.372095 loss_cls: 0.885443 loss_iou: 0.144711 loss_dfl: 2.813057 eta: 1:01:20 batch_cost: 0.5216 data_cost: 0.0355 ips: 7.6692 images/s, max_mem_reserved: 2161 MB, max_mem_allocated: 2011 MB
[09/21 23:50:09] ppdet.engine.callbacks INFO: Epoch: [18] [ 10/164] learning_rate: 0.003467 loss: 1.334752 loss_cls: 0.848734 loss_iou: 0.147277 loss_dfl: 2.931272 eta: 1:01:13 batch_cost: 0.4709 data_cost: 0.0010 ips: 8.4950 images/s, max_mem_reserved: 2161 MB, max_mem_allocated: 2011 MB
[09/21 23:50:15] ppdet.engine.callbacks INFO: Epoch: [18] [ 20/164] learning_rate: 0.003463 loss: 1.261299 loss_cls: 0.782373 loss_iou: 0.139194 loss_dfl: 2.848895 eta: 1:01:06 batch_cost: 0.4728 data_cost: 0.0014 ips: 8.4611 images/s, max_mem_reserved: 2161 MB, max_mem_allocated: 2011 MB
[09/21 23:50:20] ppdet.engine.callbacks INFO: Epoch: [18] [ 30/164] learning_rate: 0.003459 loss: 1.332872 loss_cls: 0.822184 loss_iou: 0.145989 loss_dfl: 2.783841 eta: 1:00:59 batch_cost: 0.4612 data_cost: 0.0012 ips: 8.6737 images/s, max_mem_reserved: 2161 MB, max_mem_allocated: 2011 MB
[09/21 23:50:25] ppdet.engine.callbacks INFO: Epoch: [18] [ 40/164] learning_rate: 0.003456 loss: 1.349444 loss_cls: 0.838739 loss_iou: 0.141864 loss_dfl: 2.777435 eta: 1:00:52 batch_cost: 0.4613 data_cost: 0.0014 ips: 8.6708 images/s, max_mem_reserved: 2161 MB, max_mem_allocated: 2011 MB
[09/21 23:50:30] ppdet.engine.callbacks INFO: Epoch: [18] [ 50/164] learning_rate: 0.003452 loss: 1.387660 loss_cls: 0.850231 loss_iou: 0.152550 loss_dfl: 2.905326 eta: 1:00:46 batch_cost: 0.4921 data_cost: 0.0014 ips: 8.1280 images/s, max_mem_reserved: 2161 MB, max_mem_allocated: 2011 MB
[09/21 23:50:36] ppdet.engine.callbacks INFO: Epoch: [18] [ 60/164] learning_rate: 0.003448 loss: 1.369907 loss_cls: 0.831441 loss_iou: 0.153834 loss_dfl: 2.830619 eta: 1:00:39 batch_cost: 0.4742 data_cost: 0.0025 ips: 8.4349 images/s, max_mem_reserved: 2161 MB, max_mem_allocated: 2011 MB
[09/21 23:50:41] ppdet.engine.callbacks INFO: Epoch: [18] [ 70/164] learning_rate: 0.003444 loss: 1.330768 loss_cls: 0.827381 loss_iou: 0.142143 loss_dfl: 2.750450 eta: 1:00:32 batch_cost: 0.4516 data_cost: 0.0012 ips: 8.8579 images/s, max_mem_reserved: 2161 MB, max_mem_allocated: 2011 MB
[09/21 23:50:46] ppdet.engine.callbacks INFO: Epoch: [18] [ 80/164] learning_rate: 0.003441 loss: 1.350472 loss_cls: 0.842503 loss_iou: 0.142228 loss_dfl: 3.151214 eta: 1:00:25 batch_cost: 0.4583 data_cost: 0.0015 ips: 8.7277 images/s, max_mem_reserved: 2161 MB, max_mem_allocated: 2011 MB
[09/21 23:50:51] ppdet.engine.callbacks INFO: Epoch: [18] [ 90/164] learning_rate: 0.003437 loss: 1.310991 loss_cls: 0.817609 loss_iou: 0.139257 loss_dfl: 2.890114 eta: 1:00:19 batch_cost: 0.4890 data_cost: 0.0019 ips: 8.1793 images/s, max_mem_reserved: 2161 MB, max_mem_allocated: 2011 MB
[09/21 23:50:57] ppdet.engine.callbacks INFO: Epoch: [18] [100/164] learning_rate: 0.003433 loss: 1.305831 loss_cls: 0.803330 loss_iou: 0.142838 loss_dfl: 3.236798 eta: 1:00:12 batch_cost: 0.4798 data_cost: 0.0027 ips: 8.3370 images/s, max_mem_reserved: 2161 MB, max_mem_allocated: 2011 MB
[09/21 23:51:02] ppdet.engine.callbacks INFO: Epoch: [18] [110/164] learning_rate: 0.003429 loss: 1.347704 loss_cls: 0.853305 loss_iou: 0.144699 loss_dfl: 2.951715 eta: 1:00:05 batch_cost: 0.4381 data_cost: 0.0021 ips: 9.1302 images/s, max_mem_reserved: 2161 MB, max_mem_allocated: 2011 MB
[09/21 23:51:07] ppdet.engine.callbacks INFO: Epoch: [18] [120/164] learning_rate: 0.003426 loss: 1.346008 loss_cls: 0.838998 loss_iou: 0.143196 loss_dfl: 2.828627 eta: 0:59:58 batch_cost: 0.4795 data_cost: 0.0034 ips: 8.3416 images/s, max_mem_reserved: 2161 MB, max_mem_allocated: 2011 MB
[09/21 23:51:12] ppdet.engine.callbacks INFO: Epoch: [18] [130/164] learning_rate: 0.003422 loss: 1.346103 loss_cls: 0.833658 loss_iou: 0.143964 loss_dfl: 3.093935 eta: 0:59:52 batch_cost: 0.4828 data_cost: 0.0022 ips: 8.2852 images/s, max_mem_reserved: 2161 MB, max_mem_allocated: 2011 MB
[09/21 23:51:18] ppdet.engine.callbacks INFO: Epoch: [18] [140/164] learning_rate: 0.003418 loss: 1.377584 loss_cls: 0.834926 loss_iou: 0.150732 loss_dfl: 3.171912 eta: 0:59:45 batch_cost: 0.4639 data_cost: 0.0019 ips: 8.6219 images/s, max_mem_reserved: 2161 MB, max_mem_allocated: 2011 MB
[09/21 23:51:23] ppdet.engine.callbacks INFO: Epoch: [18] [150/164] learning_rate: 0.003414 loss: 1.403747 loss_cls: 0.888259 loss_iou: 0.151588 loss_dfl: 3.180906 eta: 0:59:39 batch_cost: 0.4661 data_cost: 0.0028 ips: 8.5815 images/s, max_mem_reserved: 2161 MB, max_mem_allocated: 2011 MB
[09/21 23:51:28] ppdet.engine.callbacks INFO: Epoch: [18] [160/164] learning_rate: 0.003410 loss: 1.379339 loss_cls: 0.835310 loss_iou: 0.156919 loss_dfl: 3.017058 eta: 0:59:32 batch_cost: 0.4857 data_cost: 0.0028 ips: 8.2354 images/s, max_mem_reserved: 2161 MB, max_mem_allocated: 2011 MB
[09/21 23:51:31] ppdet.engine.callbacks INFO: Epoch: [19] [  0/164] learning_rate: 0.003409 loss: 1.384103 loss_cls: 0.858469 loss_iou: 0.148134 loss_dfl: 2.909311 eta: 0:59:30 batch_cost: 0.5049 data_cost: 0.0360 ips: 7.9223 images/s, max_mem_reserved: 2161 MB, max_mem_allocated: 2011 MB
[09/21 23:51:36] ppdet.engine.callbacks INFO: Epoch: [19] [ 10/164] learning_rate: 0.003405 loss: 1.338651 loss_cls: 0.815332 loss_iou: 0.141307 loss_dfl: 2.697676 eta: 0:59:24 batch_cost: 0.4692 data_cost: 0.0062 ips: 8.5248 images/s, max_mem_reserved: 2161 MB, max_mem_allocated: 2011 MB
[09/21 23:51:41] ppdet.engine.callbacks INFO: Epoch: [19] [ 20/164] learning_rate: 0.003401 loss: 1.289210 loss_cls: 0.808652 loss_iou: 0.140267 loss_dfl: 2.629314 eta: 0:59:17 batch_cost: 0.4703 data_cost: 0.0015 ips: 8.5045 images/s, max_mem_reserved: 2161 MB, max_mem_allocated: 2011 MB
[09/21 23:51:46] ppdet.engine.callbacks INFO: Epoch: [19] [ 30/164] learning_rate: 0.003397 loss: 1.324876 loss_cls: 0.809773 loss_iou: 0.147248 loss_dfl: 2.862600 eta: 0:59:11 batch_cost: 0.4811 data_cost: 0.0015 ips: 8.3137 images/s, max_mem_reserved: 2161 MB, max_mem_allocated: 2011 MB
[09/21 23:51:52] ppdet.engine.callbacks INFO: Epoch: [19] [ 40/164] learning_rate: 0.003393 loss: 1.343413 loss_cls: 0.847037 loss_iou: 0.150744 loss_dfl: 2.695786 eta: 0:59:05 batch_cost: 0.5038 data_cost: 0.0021 ips: 7.9401 images/s, max_mem_reserved: 2161 MB, max_mem_allocated: 2011 MB
[09/21 23:51:57] ppdet.engine.callbacks INFO: Epoch: [19] [ 50/164] learning_rate: 0.003390 loss: 1.373958 loss_cls: 0.826404 loss_iou: 0.149579 loss_dfl: 3.181669 eta: 0:58:58 batch_cost: 0.4815 data_cost: 0.0021 ips: 8.3075 images/s, max_mem_reserved: 2161 MB, max_mem_allocated: 2011 MB
[09/21 23:52:02] ppdet.engine.callbacks INFO: Epoch: [19] [ 60/164] learning_rate: 0.003386 loss: 1.340439 loss_cls: 0.831868 loss_iou: 0.142487 loss_dfl: 3.057093 eta: 0:58:52 batch_cost: 0.4599 data_cost: 0.0027 ips: 8.6975 images/s, max_mem_reserved: 2161 MB, max_mem_allocated: 2011 MB
[09/21 23:52:08] ppdet.engine.callbacks INFO: Epoch: [19] [ 70/164] learning_rate: 0.003382 loss: 1.361494 loss_cls: 0.834748 loss_iou: 0.150721 loss_dfl: 3.214269 eta: 0:58:45 batch_cost: 0.4753 data_cost: 0.0024 ips: 8.4166 images/s, max_mem_reserved: 2161 MB, max_mem_allocated: 2011 MB
[09/21 23:52:13] ppdet.engine.callbacks INFO: Epoch: [19] [ 80/164] learning_rate: 0.003378 loss: 1.309879 loss_cls: 0.815423 loss_iou: 0.145931 loss_dfl: 2.841454 eta: 0:58:39 batch_cost: 0.4692 data_cost: 0.0021 ips: 8.5248 images/s, max_mem_reserved: 2161 MB, max_mem_allocated: 2011 MB
[09/21 23:52:18] ppdet.engine.callbacks INFO: Epoch: [19] [ 90/164] learning_rate: 0.003374 loss: 1.320220 loss_cls: 0.847911 loss_iou: 0.145056 loss_dfl: 2.414015 eta: 0:58:32 batch_cost: 0.4827 data_cost: 0.0026 ips: 8.2865 images/s, max_mem_reserved: 2161 MB, max_mem_allocated: 2011 MB
[09/21 23:52:23] ppdet.engine.callbacks INFO: Epoch: [19] [100/164] learning_rate: 0.003370 loss: 1.352187 loss_cls: 0.849885 loss_iou: 0.144868 loss_dfl: 3.025251 eta: 0:58:25 batch_cost: 0.4326 data_cost: 0.0031 ips: 9.2473 images/s, max_mem_reserved: 2161 MB, max_mem_allocated: 2011 MB
[09/21 23:52:29] ppdet.engine.callbacks INFO: Epoch: [19] [110/164] learning_rate: 0.003366 loss: 1.366495 loss_cls: 0.818263 loss_iou: 0.148495 loss_dfl: 2.947221 eta: 0:58:19 batch_cost: 0.4843 data_cost: 0.0027 ips: 8.2590 images/s, max_mem_reserved: 2161 MB, max_mem_allocated: 2011 MB
[09/21 23:52:34] ppdet.engine.callbacks INFO: Epoch: [19] [120/164] learning_rate: 0.003362 loss: 1.369943 loss_cls: 0.845791 loss_iou: 0.148086 loss_dfl: 3.112975 eta: 0:58:13 batch_cost: 0.4870 data_cost: 0.0029 ips: 8.2143 images/s, max_mem_reserved: 2161 MB, max_mem_allocated: 2011 MB
[09/21 23:52:39] ppdet.engine.callbacks INFO: Epoch: [19] [130/164] learning_rate: 0.003358 loss: 1.336512 loss_cls: 0.840148 loss_iou: 0.141995 loss_dfl: 2.793207 eta: 0:58:06 batch_cost: 0.4662 data_cost: 0.0024 ips: 8.5792 images/s, max_mem_reserved: 2161 MB, max_mem_allocated: 2011 MB
[09/21 23:52:44] ppdet.engine.callbacks INFO: Epoch: [19] [140/164] learning_rate: 0.003354 loss: 1.319734 loss_cls: 0.810754 loss_iou: 0.140845 loss_dfl: 2.984815 eta: 0:58:00 batch_cost: 0.4807 data_cost: 0.0025 ips: 8.3216 images/s, max_mem_reserved: 2161 MB, max_mem_allocated: 2011 MB
[09/21 23:52:50] ppdet.engine.callbacks INFO: Epoch: [19] [150/164] learning_rate: 0.003350 loss: 1.423326 loss_cls: 0.870223 loss_iou: 0.156148 loss_dfl: 3.083111 eta: 0:57:54 batch_cost: 0.5071 data_cost: 0.0029 ips: 7.8884 images/s, max_mem_reserved: 2161 MB, max_mem_allocated: 2011 MB
[09/21 23:52:55] ppdet.engine.callbacks INFO: Epoch: [19] [160/164] learning_rate: 0.003346 loss: 1.376228 loss_cls: 0.832389 loss_iou: 0.153522 loss_dfl: 3.215279 eta: 0:57:48 batch_cost: 0.4816 data_cost: 0.0023 ips: 8.3060 images/s, max_mem_reserved: 2161 MB, max_mem_allocated: 2011 MB
[09/21 23:52:57] ppdet.utils.checkpoint INFO: Save checkpoint: output_extra
[09/21 23:52:58] ppdet.engine.callbacks INFO: Eval iter: 0
[09/21 23:53:06] ppdet.metrics.metrics INFO: Accumulating evaluatation results...
[09/21 23:53:06] ppdet.metrics.metrics INFO: mAP(0.50, 11point) = 86.84%
[09/21 23:53:06] ppdet.engine.callbacks INFO: Total sample number: 100, average FPS: 11.739475199525126
[09/21 23:53:06] ppdet.engine INFO: Best test bbox ap is 0.868.
[09/21 23:53:07] ppdet.utils.checkpoint INFO: Save checkpoint: output_extra
[09/21 23:53:07] ppdet.engine.callbacks INFO: Epoch: [20] [  0/164] learning_rate: 0.003344 loss: 1.394992 loss_cls: 0.842520 loss_iou: 0.153006 loss_dfl: 3.197645 eta: 0:57:45 batch_cost: 0.4711 data_cost: 0.0020 ips: 8.4908 images/s, max_mem_reserved: 2161 MB, max_mem_allocated: 2011 MB
[09/21 23:53:13] ppdet.engine.callbacks INFO: Epoch: [20] [ 10/164] learning_rate: 0.003340 loss: 1.363741 loss_cls: 0.802421 loss_iou: 0.152058 loss_dfl: 2.922367 eta: 0:57:40 batch_cost: 0.5044 data_cost: 0.0028 ips: 7.9304 images/s, max_mem_reserved: 2161 MB, max_mem_allocated: 2011 MB
[09/21 23:53:18] ppdet.engine.callbacks INFO: Epoch: [20] [ 20/164] learning_rate: 0.003336 loss: 1.387219 loss_cls: 0.833695 loss_iou: 0.152359 loss_dfl: 3.206288 eta: 0:57:33 batch_cost: 0.4824 data_cost: 0.0024 ips: 8.2916 images/s, max_mem_reserved: 2161 MB, max_mem_allocated: 2011 MB
[09/21 23:53:23] ppdet.engine.callbacks INFO: Epoch: [20] [ 30/164] learning_rate: 0.003332 loss: 1.387510 loss_cls: 0.846857 loss_iou: 0.156389 loss_dfl: 3.058511 eta: 0:57:27 batch_cost: 0.4693 data_cost: 0.0024 ips: 8.5231 images/s, max_mem_reserved: 2161 MB, max_mem_allocated: 2011 MB
[09/21 23:53:28] ppdet.engine.callbacks INFO: Epoch: [20] [ 40/164] learning_rate: 0.003328 loss: 1.318074 loss_cls: 0.823822 loss_iou: 0.140277 loss_dfl: 2.691393 eta: 0:57:21 batch_cost: 0.4702 data_cost: 0.0028 ips: 8.5073 images/s, max_mem_reserved: 2161 MB, max_mem_allocated: 2011 MB
[09/21 23:53:34] ppdet.engine.callbacks INFO: Epoch: [20] [ 50/164] learning_rate: 0.003324 loss: 1.317465 loss_cls: 0.837735 loss_iou: 0.144514 loss_dfl: 2.961578 eta: 0:57:14 batch_cost: 0.4616 data_cost: 0.0027 ips: 8.6656 images/s, max_mem_reserved: 2161 MB, max_mem_allocated: 2011 MB
[09/21 23:53:39] ppdet.engine.callbacks INFO: Epoch: [20] [ 60/164] learning_rate: 0.003320 loss: 1.343767 loss_cls: 0.812346 loss_iou: 0.151539 loss_dfl: 2.939652 eta: 0:57:08 batch_cost: 0.5106 data_cost: 0.0026 ips: 7.8337 images/s, max_mem_reserved: 2161 MB, max_mem_allocated: 2011 MB
[09/21 23:53:44] ppdet.engine.callbacks INFO: Epoch: [20] [ 70/164] learning_rate: 0.003316 loss: 1.380716 loss_cls: 0.821533 loss_iou: 0.156537 loss_dfl: 3.021879 eta: 0:57:02 batch_cost: 0.4674 data_cost: 0.0026 ips: 8.5582 images/s, max_mem_reserved: 2161 MB, max_mem_allocated: 2011 MB
[09/21 23:53:50] ppdet.engine.callbacks INFO: Epoch: [20] [ 80/164] learning_rate: 0.003312 loss: 1.330121 loss_cls: 0.817767 loss_iou: 0.136903 loss_dfl: 3.090547 eta: 0:56:56 batch_cost: 0.5004 data_cost: 0.0026 ips: 7.9938 images/s, max_mem_reserved: 2161 MB, max_mem_allocated: 2011 MB
[09/21 23:53:55] ppdet.engine.callbacks INFO: Epoch: [20] [ 90/164] learning_rate: 0.003308 loss: 1.286290 loss_cls: 0.831427 loss_iou: 0.135745 loss_dfl: 2.822281 eta: 0:56:49 batch_cost: 0.4542 data_cost: 0.0024 ips: 8.8076 images/s, max_mem_reserved: 2161 MB, max_mem_allocated: 2011 MB
[09/21 23:54:00] ppdet.engine.callbacks INFO: Epoch: [20] [100/164] learning_rate: 0.003304 loss: 1.360718 loss_cls: 0.848485 loss_iou: 0.147459 loss_dfl: 2.813424 eta: 0:56:43 batch_cost: 0.4394 data_cost: 0.0023 ips: 9.1040 images/s, max_mem_reserved: 2161 MB, max_mem_allocated: 2011 MB
[09/21 23:54:05] ppdet.engine.callbacks INFO: Epoch: [20] [110/164] learning_rate: 0.003300 loss: 1.320612 loss_cls: 0.832708 loss_iou: 0.140305 loss_dfl: 2.927504 eta: 0:56:37 batch_cost: 0.5196 data_cost: 0.0023 ips: 7.6980 images/s, max_mem_reserved: 2161 MB, max_mem_allocated: 2011 MB
[09/21 23:54:11] ppdet.engine.callbacks INFO: Epoch: [20] [120/164] learning_rate: 0.003296 loss: 1.332016 loss_cls: 0.805204 loss_iou: 0.152957 loss_dfl: 2.974366 eta: 0:56:31 batch_cost: 0.4627 data_cost: 0.0029 ips: 8.6446 images/s, max_mem_reserved: 2161 MB, max_mem_allocated: 2011 MB
[09/21 23:54:16] ppdet.engine.callbacks INFO: Epoch: [20] [130/164] learning_rate: 0.003292 loss: 1.261832 loss_cls: 0.820612 loss_iou: 0.135465 loss_dfl: 2.869180 eta: 0:56:24 batch_cost: 0.4740 data_cost: 0.0026 ips: 8.4380 images/s, max_mem_reserved: 2161 MB, max_mem_allocated: 2011 MB
[09/21 23:54:21] ppdet.engine.callbacks INFO: Epoch: [20] [140/164] learning_rate: 0.003287 loss: 1.323995 loss_cls: 0.823232 loss_iou: 0.150453 loss_dfl: 2.639790 eta: 0:56:18 batch_cost: 0.4801 data_cost: 0.0023 ips: 8.3310 images/s, max_mem_reserved: 2161 MB, max_mem_allocated: 2011 MB
[09/21 23:54:26] ppdet.engine.callbacks INFO: Epoch: [20] [150/164] learning_rate: 0.003283 loss: 1.287009 loss_cls: 0.790738 loss_iou: 0.130905 loss_dfl: 2.776347 eta: 0:56:12 batch_cost: 0.4755 data_cost: 0.0024 ips: 8.4128 images/s, max_mem_reserved: 2161 MB, max_mem_allocated: 2011 MB
[09/21 23:54:32] ppdet.engine.callbacks INFO: Epoch: [20] [160/164] learning_rate: 0.003279 loss: 1.245787 loss_cls: 0.778627 loss_iou: 0.135067 loss_dfl: 2.575243 eta: 0:56:06 batch_cost: 0.4760 data_cost: 0.0027 ips: 8.4039 images/s, max_mem_reserved: 2161 MB, max_mem_allocated: 2011 MB
[09/21 23:54:34] ppdet.engine.callbacks INFO: Epoch: [21] [  0/164] learning_rate: 0.003277 loss: 1.283898 loss_cls: 0.791755 loss_iou: 0.142308 loss_dfl: 2.921094 eta: 0:56:04 batch_cost: 0.5217 data_cost: 0.0292 ips: 7.6670 images/s, max_mem_reserved: 2161 MB, max_mem_allocated: 2011 MB
[09/21 23:54:40] ppdet.engine.callbacks INFO: Epoch: [21] [ 10/164] learning_rate: 0.003273 loss: 1.324950 loss_cls: 0.822056 loss_iou: 0.149864 loss_dfl: 2.744691 eta: 0:55:58 batch_cost: 0.4832 data_cost: 0.0053 ips: 8.2780 images/s, max_mem_reserved: 2161 MB, max_mem_allocated: 2011 MB
[09/21 23:54:45] ppdet.engine.callbacks INFO: Epoch: [21] [ 20/164] learning_rate: 0.003269 loss: 1.350980 loss_cls: 0.847895 loss_iou: 0.151677 loss_dfl: 2.908319 eta: 0:55:52 batch_cost: 0.4566 data_cost: 0.0014 ips: 8.7601 images/s, max_mem_reserved: 2161 MB, max_mem_allocated: 2011 MB
[09/21 23:54:50] ppdet.engine.callbacks INFO: Epoch: [21] [ 30/164] learning_rate: 0.003265 loss: 1.336304 loss_cls: 0.812049 loss_iou: 0.144053 loss_dfl: 3.108462 eta: 0:55:45 batch_cost: 0.4613 data_cost: 0.0015 ips: 8.6715 images/s, max_mem_reserved: 2161 MB, max_mem_allocated: 2011 MB
[09/21 23:54:55] ppdet.engine.callbacks INFO: Epoch: [21] [ 40/164] learning_rate: 0.003261 loss: 1.319649 loss_cls: 0.804971 loss_iou: 0.142947 loss_dfl: 3.008083 eta: 0:55:39 batch_cost: 0.4750 data_cost: 0.0014 ips: 8.4209 images/s, max_mem_reserved: 2161 MB, max_mem_allocated: 2011 MB
[09/21 23:55:01] ppdet.engine.callbacks INFO: Epoch: [21] [ 50/164] learning_rate: 0.003257 loss: 1.295361 loss_cls: 0.798411 loss_iou: 0.145550 loss_dfl: 2.789500 eta: 0:55:33 batch_cost: 0.4855 data_cost: 0.0011 ips: 8.2391 images/s, max_mem_reserved: 2161 MB, max_mem_allocated: 2011 MB
[09/21 23:55:06] ppdet.engine.callbacks INFO: Epoch: [21] [ 60/164] learning_rate: 0.003252 loss: 1.372977 loss_cls: 0.806483 loss_iou: 0.152448 loss_dfl: 3.296780 eta: 0:55:28 batch_cost: 0.5160 data_cost: 0.0017 ips: 7.7518 images/s, max_mem_reserved: 2161 MB, max_mem_allocated: 2011 MB
[09/21 23:55:12] ppdet.engine.callbacks INFO: Epoch: [21] [ 70/164] learning_rate: 0.003248 loss: 1.315692 loss_cls: 0.810276 loss_iou: 0.143505 loss_dfl: 2.899975 eta: 0:55:21 batch_cost: 0.4683 data_cost: 0.0013 ips: 8.5414 images/s, max_mem_reserved: 2161 MB, max_mem_allocated: 2011 MB
[09/21 23:55:17] ppdet.engine.callbacks INFO: Epoch: [21] [ 80/164] learning_rate: 0.003244 loss: 1.306852 loss_cls: 0.809024 loss_iou: 0.146031 loss_dfl: 2.955313 eta: 0:55:15 batch_cost: 0.4899 data_cost: 0.0012 ips: 8.1645 images/s, max_mem_reserved: 2161 MB, max_mem_allocated: 2011 MB
[09/21 23:55:23] ppdet.engine.callbacks INFO: Epoch: [21] [ 90/164] learning_rate: 0.003240 loss: 1.367706 loss_cls: 0.837829 loss_iou: 0.159608 loss_dfl: 2.979959 eta: 0:55:10 batch_cost: 0.4888 data_cost: 0.0017 ips: 8.1837 images/s, max_mem_reserved: 2161 MB, max_mem_allocated: 2011 MB
[09/21 23:55:28] ppdet.engine.callbacks INFO: Epoch: [21] [100/164] learning_rate: 0.003235 loss: 1.311733 loss_cls: 0.813680 loss_iou: 0.137355 loss_dfl: 2.764002 eta: 0:55:03 batch_cost: 0.4479 data_cost: 0.0023 ips: 8.9303 images/s, max_mem_reserved: 2161 MB, max_mem_allocated: 2011 MB
[09/21 23:55:32] ppdet.engine.callbacks INFO: Epoch: [21] [110/164] learning_rate: 0.003231 loss: 1.283289 loss_cls: 0.801796 loss_iou: 0.133569 loss_dfl: 3.116601 eta: 0:54:56 batch_cost: 0.4382 data_cost: 0.0016 ips: 9.1275 images/s, max_mem_reserved: 2161 MB, max_mem_allocated: 2011 MB
[09/21 23:55:38] ppdet.engine.callbacks INFO: Epoch: [21] [120/164] learning_rate: 0.003227 loss: 1.247140 loss_cls: 0.775482 loss_iou: 0.135356 loss_dfl: 2.731781 eta: 0:54:50 batch_cost: 0.4872 data_cost: 0.0013 ips: 8.2095 images/s, max_mem_reserved: 2161 MB, max_mem_allocated: 2011 MB
[09/21 23:55:43] ppdet.engine.callbacks INFO: Epoch: [21] [130/164] learning_rate: 0.003223 loss: 1.330098 loss_cls: 0.843253 loss_iou: 0.136620 loss_dfl: 2.723318 eta: 0:54:44 batch_cost: 0.4761 data_cost: 0.0029 ips: 8.4013 images/s, max_mem_reserved: 2161 MB, max_mem_allocated: 2011 MB
[09/21 23:55:49] ppdet.engine.callbacks INFO: Epoch: [21] [140/164] learning_rate: 0.003218 loss: 1.381998 loss_cls: 0.843534 loss_iou: 0.153709 loss_dfl: 3.179385 eta: 0:54:38 batch_cost: 0.4938 data_cost: 0.0025 ips: 8.0997 images/s, max_mem_reserved: 2161 MB, max_mem_allocated: 2011 MB
[09/21 23:55:54] ppdet.engine.callbacks INFO: Epoch: [21] [150/164] learning_rate: 0.003214 loss: 1.291133 loss_cls: 0.805133 loss_iou: 0.131140 loss_dfl: 2.937188 eta: 0:54:32 batch_cost: 0.4752 data_cost: 0.0023 ips: 8.4168 images/s, max_mem_reserved: 2161 MB, max_mem_allocated: 2011 MB
[09/21 23:56:00] ppdet.engine.callbacks INFO: Epoch: [21] [160/164] learning_rate: 0.003210 loss: 1.329790 loss_cls: 0.814755 loss_iou: 0.141501 loss_dfl: 2.846907 eta: 0:54:27 batch_cost: 0.5202 data_cost: 0.0027 ips: 7.6899 images/s, max_mem_reserved: 2161 MB, max_mem_allocated: 2011 MB
[09/21 23:56:02] ppdet.engine.callbacks INFO: Epoch: [22] [  0/164] learning_rate: 0.003208 loss: 1.305407 loss_cls: 0.803611 loss_iou: 0.141144 loss_dfl: 2.837023 eta: 0:54:25 batch_cost: 0.5123 data_cost: 0.0436 ips: 7.8085 images/s, max_mem_reserved: 2161 MB, max_mem_allocated: 2011 MB
[09/21 23:56:08] ppdet.engine.callbacks INFO: Epoch: [22] [ 10/164] learning_rate: 0.003204 loss: 1.276206 loss_cls: 0.797775 loss_iou: 0.140476 loss_dfl: 2.745073 eta: 0:54:19 batch_cost: 0.4883 data_cost: 0.0051 ips: 8.1922 images/s, max_mem_reserved: 2161 MB, max_mem_allocated: 2011 MB
[09/21 23:56:12] ppdet.engine.callbacks INFO: Epoch: [22] [ 20/164] learning_rate: 0.003199 loss: 1.287473 loss_cls: 0.776368 loss_iou: 0.140695 loss_dfl: 2.391681 eta: 0:54:13 batch_cost: 0.4399 data_cost: 0.0036 ips: 9.0932 images/s, max_mem_reserved: 2161 MB, max_mem_allocated: 2011 MB
[09/21 23:56:18] ppdet.engine.callbacks INFO: Epoch: [22] [ 30/164] learning_rate: 0.003195 loss: 1.303998 loss_cls: 0.807193 loss_iou: 0.141486 loss_dfl: 3.123718 eta: 0:54:07 batch_cost: 0.4758 data_cost: 0.0074 ips: 8.4077 images/s, max_mem_reserved: 2161 MB, max_mem_allocated: 2011 MB
[09/21 23:56:23] ppdet.engine.callbacks INFO: Epoch: [22] [ 40/164] learning_rate: 0.003191 loss: 1.326124 loss_cls: 0.818514 loss_iou: 0.138888 loss_dfl: 2.702932 eta: 0:54:00 batch_cost: 0.4289 data_cost: 0.0015 ips: 9.3271 images/s, max_mem_reserved: 2161 MB, max_mem_allocated: 2011 MB
[09/21 23:56:28] ppdet.engine.callbacks INFO: Epoch: [22] [ 50/164] learning_rate: 0.003186 loss: 1.282511 loss_cls: 0.801516 loss_iou: 0.137326 loss_dfl: 2.979629 eta: 0:53:54 batch_cost: 0.4751 data_cost: 0.0253 ips: 8.4194 images/s, max_mem_reserved: 2161 MB, max_mem_allocated: 2011 MB
[09/21 23:56:33] ppdet.engine.callbacks INFO: Epoch: [22] [ 60/164] learning_rate: 0.003182 loss: 1.250591 loss_cls: 0.762721 loss_iou: 0.137141 loss_dfl: 2.679186 eta: 0:53:47 batch_cost: 0.4496 data_cost: 0.0101 ips: 8.8966 images/s, max_mem_reserved: 2161 MB, max_mem_allocated: 2011 MB
[09/21 23:56:38] ppdet.engine.callbacks INFO: Epoch: [22] [ 70/164] learning_rate: 0.003177 loss: 1.351394 loss_cls: 0.841460 loss_iou: 0.146759 loss_dfl: 2.950269 eta: 0:53:41 batch_cost: 0.4751 data_cost: 0.0014 ips: 8.4192 images/s, max_mem_reserved: 2161 MB, max_mem_allocated: 2011 MB
[09/21 23:56:43] ppdet.engine.callbacks INFO: Epoch: [22] [ 80/164] learning_rate: 0.003173 loss: 1.266228 loss_cls: 0.783098 loss_iou: 0.128913 loss_dfl: 3.063738 eta: 0:53:35 batch_cost: 0.4583 data_cost: 0.0012 ips: 8.7280 images/s, max_mem_reserved: 2161 MB, max_mem_allocated: 2011 MB
[09/21 23:56:48] ppdet.engine.callbacks INFO: Epoch: [22] [ 90/164] learning_rate: 0.003169 loss: 1.285173 loss_cls: 0.789926 loss_iou: 0.139353 loss_dfl: 2.810678 eta: 0:53:29 batch_cost: 0.4651 data_cost: 0.0025 ips: 8.6007 images/s, max_mem_reserved: 2161 MB, max_mem_allocated: 2011 MB
[09/21 23:56:54] ppdet.engine.callbacks INFO: Epoch: [22] [100/164] learning_rate: 0.003164 loss: 1.283079 loss_cls: 0.774532 loss_iou: 0.142806 loss_dfl: 2.734988 eta: 0:53:23 batch_cost: 0.4666 data_cost: 0.0023 ips: 8.5718 images/s, max_mem_reserved: 2161 MB, max_mem_allocated: 2011 MB
[09/21 23:56:59] ppdet.engine.callbacks INFO: Epoch: [22] [110/164] learning_rate: 0.003160 loss: 1.263834 loss_cls: 0.788875 loss_iou: 0.138307 loss_dfl: 2.831838 eta: 0:53:16 batch_cost: 0.4677 data_cost: 0.0024 ips: 8.5525 images/s, max_mem_reserved: 2161 MB, max_mem_allocated: 2011 MB
[09/21 23:57:04] ppdet.engine.callbacks INFO: Epoch: [22] [120/164] learning_rate: 0.003156 loss: 1.277641 loss_cls: 0.805743 loss_iou: 0.130935 loss_dfl: 2.582994 eta: 0:53:10 batch_cost: 0.4723 data_cost: 0.0021 ips: 8.4684 images/s, max_mem_reserved: 2161 MB, max_mem_allocated: 2011 MB
[09/21 23:57:10] ppdet.engine.callbacks INFO: Epoch: [22] [130/164] learning_rate: 0.003151 loss: 1.335352 loss_cls: 0.830794 loss_iou: 0.143336 loss_dfl: 2.813162 eta: 0:53:05 batch_cost: 0.4958 data_cost: 0.0023 ips: 8.0671 images/s, max_mem_reserved: 2161 MB, max_mem_allocated: 2011 MB
[09/21 23:57:15] ppdet.engine.callbacks INFO: Epoch: [22] [140/164] learning_rate: 0.003147 loss: 1.315716 loss_cls: 0.800231 loss_iou: 0.152730 loss_dfl: 2.626050 eta: 0:52:59 batch_cost: 0.4918 data_cost: 0.0026 ips: 8.1326 images/s, max_mem_reserved: 2161 MB, max_mem_allocated: 2011 MB
[09/21 23:57:20] ppdet.engine.callbacks INFO: Epoch: [22] [150/164] learning_rate: 0.003142 loss: 1.334866 loss_cls: 0.834519 loss_iou: 0.146553 loss_dfl: 2.818393 eta: 0:52:53 batch_cost: 0.4484 data_cost: 0.0022 ips: 8.9212 images/s, max_mem_reserved: 2161 MB, max_mem_allocated: 2011 MB
[09/21 23:57:26] ppdet.engine.callbacks INFO: Epoch: [22] [160/164] learning_rate: 0.003138 loss: 1.303761 loss_cls: 0.802341 loss_iou: 0.143517 loss_dfl: 2.976383 eta: 0:52:47 batch_cost: 0.5052 data_cost: 0.0029 ips: 7.9174 images/s, max_mem_reserved: 2161 MB, max_mem_allocated: 2011 MB
[09/21 23:57:28] ppdet.engine.callbacks INFO: Epoch: [23] [  0/164] learning_rate: 0.003136 loss: 1.280092 loss_cls: 0.777828 loss_iou: 0.143665 loss_dfl: 2.858981 eta: 0:52:46 batch_cost: 0.5450 data_cost: 0.0336 ips: 7.3396 images/s, max_mem_reserved: 2161 MB, max_mem_allocated: 2011 MB
[09/21 23:57:33] ppdet.engine.callbacks INFO: Epoch: [23] [ 10/164] learning_rate: 0.003132 loss: 1.322486 loss_cls: 0.800164 loss_iou: 0.144706 loss_dfl: 2.597460 eta: 0:52:39 batch_cost: 0.4551 data_cost: 0.0027 ips: 8.7889 images/s, max_mem_reserved: 2161 MB, max_mem_allocated: 2011 MB
[09/21 23:57:39] ppdet.engine.callbacks INFO: Epoch: [23] [ 20/164] learning_rate: 0.003127 loss: 1.325326 loss_cls: 0.838033 loss_iou: 0.135727 loss_dfl: 2.552649 eta: 0:52:33 batch_cost: 0.4594 data_cost: 0.0013 ips: 8.7074 images/s, max_mem_reserved: 2161 MB, max_mem_allocated: 2011 MB
[09/21 23:57:44] ppdet.engine.callbacks INFO: Epoch: [23] [ 30/164] learning_rate: 0.003123 loss: 1.312010 loss_cls: 0.790022 loss_iou: 0.141221 loss_dfl: 3.075366 eta: 0:52:27 batch_cost: 0.4546 data_cost: 0.0011 ips: 8.7992 images/s, max_mem_reserved: 2161 MB, max_mem_allocated: 2011 MB
[09/21 23:57:49] ppdet.engine.callbacks INFO: Epoch: [23] [ 40/164] learning_rate: 0.003118 loss: 1.369898 loss_cls: 0.845103 loss_iou: 0.146286 loss_dfl: 2.936133 eta: 0:52:21 batch_cost: 0.5017 data_cost: 0.0013 ips: 7.9730 images/s, max_mem_reserved: 2161 MB, max_mem_allocated: 2011 MB
[09/21 23:57:54] ppdet.engine.callbacks INFO: Epoch: [23] [ 50/164] learning_rate: 0.003114 loss: 1.248186 loss_cls: 0.782623 loss_iou: 0.133821 loss_dfl: 2.889978 eta: 0:52:15 batch_cost: 0.4597 data_cost: 0.0016 ips: 8.7022 images/s, max_mem_reserved: 2161 MB, max_mem_allocated: 2011 MB
[09/21 23:58:00] ppdet.engine.callbacks INFO: Epoch: [23] [ 60/164] learning_rate: 0.003109 loss: 1.285933 loss_cls: 0.782698 loss_iou: 0.137026 loss_dfl: 2.948236 eta: 0:52:09 batch_cost: 0.4724 data_cost: 0.0017 ips: 8.4667 images/s, max_mem_reserved: 2161 MB, max_mem_allocated: 2011 MB
[09/21 23:58:05] ppdet.engine.callbacks INFO: Epoch: [23] [ 70/164] learning_rate: 0.003105 loss: 1.329863 loss_cls: 0.827207 loss_iou: 0.141748 loss_dfl: 2.816923 eta: 0:52:03 batch_cost: 0.4664 data_cost: 0.0025 ips: 8.5758 images/s, max_mem_reserved: 2161 MB, max_mem_allocated: 2011 MB
[09/21 23:58:10] ppdet.engine.callbacks INFO: Epoch: [23] [ 80/164] learning_rate: 0.003100 loss: 1.277177 loss_cls: 0.816282 loss_iou: 0.129828 loss_dfl: 2.964195 eta: 0:51:57 batch_cost: 0.4815 data_cost: 0.0029 ips: 8.3067 images/s, max_mem_reserved: 2161 MB, max_mem_allocated: 2011 MB
[09/21 23:58:16] ppdet.engine.callbacks INFO: Epoch: [23] [ 90/164] learning_rate: 0.003096 loss: 1.309798 loss_cls: 0.803727 loss_iou: 0.143177 loss_dfl: 3.157978 eta: 0:51:51 batch_cost: 0.4770 data_cost: 0.0022 ips: 8.3858 images/s, max_mem_reserved: 2161 MB, max_mem_allocated: 2011 MB
[09/21 23:58:21] ppdet.engine.callbacks INFO: Epoch: [23] [100/164] learning_rate: 0.003091 loss: 1.291177 loss_cls: 0.796639 loss_iou: 0.139608 loss_dfl: 2.806993 eta: 0:51:46 batch_cost: 0.4805 data_cost: 0.0023 ips: 8.3255 images/s, max_mem_reserved: 2161 MB, max_mem_allocated: 2011 MB
[09/21 23:58:26] ppdet.engine.callbacks INFO: Epoch: [23] [110/164] learning_rate: 0.003086 loss: 1.269955 loss_cls: 0.803470 loss_iou: 0.130598 loss_dfl: 2.844686 eta: 0:51:40 batch_cost: 0.4647 data_cost: 0.0028 ips: 8.6070 images/s, max_mem_reserved: 2161 MB, max_mem_allocated: 2011 MB
[09/21 23:58:31] ppdet.engine.callbacks INFO: Epoch: [23] [120/164] learning_rate: 0.003082 loss: 1.287285 loss_cls: 0.770480 loss_iou: 0.136597 loss_dfl: 3.068042 eta: 0:51:34 batch_cost: 0.4724 data_cost: 0.0022 ips: 8.4682 images/s, max_mem_reserved: 2161 MB, max_mem_allocated: 2011 MB
[09/21 23:58:36] ppdet.engine.callbacks INFO: Epoch: [23] [130/164] learning_rate: 0.003077 loss: 1.321855 loss_cls: 0.794661 loss_iou: 0.145064 loss_dfl: 2.986926 eta: 0:51:27 batch_cost: 0.4380 data_cost: 0.0027 ips: 9.1320 images/s, max_mem_reserved: 2161 MB, max_mem_allocated: 2011 MB
[09/21 23:58:41] ppdet.engine.callbacks INFO: Epoch: [23] [140/164] learning_rate: 0.003073 loss: 1.362734 loss_cls: 0.834261 loss_iou: 0.144467 loss_dfl: 2.749715 eta: 0:51:21 batch_cost: 0.4619 data_cost: 0.0033 ips: 8.6606 images/s, max_mem_reserved: 2161 MB, max_mem_allocated: 2011 MB
[09/21 23:58:46] ppdet.engine.callbacks INFO: Epoch: [23] [150/164] learning_rate: 0.003068 loss: 1.280941 loss_cls: 0.810049 loss_iou: 0.139462 loss_dfl: 2.450675 eta: 0:51:15 batch_cost: 0.4420 data_cost: 0.0032 ips: 9.0498 images/s, max_mem_reserved: 2161 MB, max_mem_allocated: 2011 MB
[09/21 23:58:51] ppdet.engine.callbacks INFO: Epoch: [23] [160/164] learning_rate: 0.003064 loss: 1.287388 loss_cls: 0.828422 loss_iou: 0.136286 loss_dfl: 3.015049 eta: 0:51:09 batch_cost: 0.4572 data_cost: 0.0025 ips: 8.7491 images/s, max_mem_reserved: 2161 MB, max_mem_allocated: 2011 MB
[09/21 23:58:54] ppdet.engine.callbacks INFO: Epoch: [24] [  0/164] learning_rate: 0.003062 loss: 1.287388 loss_cls: 0.839119 loss_iou: 0.139476 loss_dfl: 2.593642 eta: 0:51:07 batch_cost: 0.4870 data_cost: 0.0369 ips: 8.2134 images/s, max_mem_reserved: 2161 MB, max_mem_allocated: 2011 MB
[09/21 23:58:59] ppdet.engine.callbacks INFO: Epoch: [24] [ 10/164] learning_rate: 0.003057 loss: 1.322723 loss_cls: 0.806778 loss_iou: 0.147360 loss_dfl: 2.670998 eta: 0:51:01 batch_cost: 0.4538 data_cost: 0.0012 ips: 8.8147 images/s, max_mem_reserved: 2161 MB, max_mem_allocated: 2011 MB
[09/21 23:59:04] ppdet.engine.callbacks INFO: Epoch: [24] [ 20/164] learning_rate: 0.003053 loss: 1.337894 loss_cls: 0.837311 loss_iou: 0.140692 loss_dfl: 3.303439 eta: 0:50:55 batch_cost: 0.4759 data_cost: 0.0012 ips: 8.4055 images/s, max_mem_reserved: 2161 MB, max_mem_allocated: 2011 MB
[09/21 23:59:09] ppdet.engine.callbacks INFO: Epoch: [24] [ 30/164] learning_rate: 0.003048 loss: 1.314871 loss_cls: 0.784892 loss_iou: 0.142228 loss_dfl: 3.076207 eta: 0:50:49 batch_cost: 0.4598 data_cost: 0.0011 ips: 8.7003 images/s, max_mem_reserved: 2161 MB, max_mem_allocated: 2011 MB
[09/21 23:59:14] ppdet.engine.callbacks INFO: Epoch: [24] [ 40/164] learning_rate: 0.003043 loss: 1.220331 loss_cls: 0.762294 loss_iou: 0.129601 loss_dfl: 2.732207 eta: 0:50:42 batch_cost: 0.4350 data_cost: 0.0014 ips: 9.1960 images/s, max_mem_reserved: 2161 MB, max_mem_allocated: 2011 MB
[09/21 23:59:19] ppdet.engine.callbacks INFO: Epoch: [24] [ 50/164] learning_rate: 0.003039 loss: 1.261753 loss_cls: 0.788835 loss_iou: 0.140049 loss_dfl: 2.959332 eta: 0:50:36 batch_cost: 0.4644 data_cost: 0.0129 ips: 8.6137 images/s, max_mem_reserved: 2161 MB, max_mem_allocated: 2011 MB
[09/21 23:59:25] ppdet.engine.callbacks INFO: Epoch: [24] [ 60/164] learning_rate: 0.003034 loss: 1.304102 loss_cls: 0.821783 loss_iou: 0.147219 loss_dfl: 2.983255 eta: 0:50:31 batch_cost: 0.4936 data_cost: 0.0012 ips: 8.1035 images/s, max_mem_reserved: 2161 MB, max_mem_allocated: 2011 MB
[09/21 23:59:30] ppdet.engine.callbacks INFO: Epoch: [24] [ 70/164] learning_rate: 0.003030 loss: 1.253308 loss_cls: 0.801955 loss_iou: 0.119048 loss_dfl: 2.520591 eta: 0:50:24 batch_cost: 0.4147 data_cost: 0.0010 ips: 9.6465 images/s, max_mem_reserved: 2161 MB, max_mem_allocated: 2011 MB
[09/21 23:59:35] ppdet.engine.callbacks INFO: Epoch: [24] [ 80/164] learning_rate: 0.003025 loss: 1.299084 loss_cls: 0.808771 loss_iou: 0.134782 loss_dfl: 3.172781 eta: 0:50:18 batch_cost: 0.4715 data_cost: 0.0034 ips: 8.4832 images/s, max_mem_reserved: 2161 MB, max_mem_allocated: 2011 MB
[09/21 23:59:40] ppdet.engine.callbacks INFO: Epoch: [24] [ 90/164] learning_rate: 0.003020 loss: 1.207547 loss_cls: 0.767654 loss_iou: 0.124763 loss_dfl: 2.721627 eta: 0:50:12 batch_cost: 0.4796 data_cost: 0.0010 ips: 8.3395 images/s, max_mem_reserved: 2161 MB, max_mem_allocated: 2011 MB
[09/21 23:59:45] ppdet.engine.callbacks INFO: Epoch: [24] [100/164] learning_rate: 0.003016 loss: 1.274325 loss_cls: 0.824273 loss_iou: 0.134350 loss_dfl: 2.633203 eta: 0:50:06 batch_cost: 0.4236 data_cost: 0.0015 ips: 9.4431 images/s, max_mem_reserved: 2161 MB, max_mem_allocated: 2011 MB
[09/21 23:59:50] ppdet.engine.callbacks INFO: Epoch: [24] [110/164] learning_rate: 0.003011 loss: 1.398299 loss_cls: 0.847438 loss_iou: 0.144040 loss_dfl: 3.139915 eta: 0:50:00 batch_cost: 0.4799 data_cost: 0.0014 ips: 8.3351 images/s, max_mem_reserved: 2161 MB, max_mem_allocated: 2011 MB
[09/21 23:59:56] ppdet.engine.callbacks INFO: Epoch: [24] [120/164] learning_rate: 0.003006 loss: 1.344236 loss_cls: 0.806814 loss_iou: 0.143236 loss_dfl: 3.112878 eta: 0:49:55 batch_cost: 0.4903 data_cost: 0.0011 ips: 8.1576 images/s, max_mem_reserved: 2161 MB, max_mem_allocated: 2011 MB
[09/22 00:00:01] ppdet.engine.callbacks INFO: Epoch: [24] [130/164] learning_rate: 0.003002 loss: 1.305268 loss_cls: 0.806797 loss_iou: 0.142112 loss_dfl: 2.871385 eta: 0:49:49 batch_cost: 0.4764 data_cost: 0.0013 ips: 8.3960 images/s, max_mem_reserved: 2161 MB, max_mem_allocated: 2011 MB
[09/22 00:00:06] ppdet.engine.callbacks INFO: Epoch: [24] [140/164] learning_rate: 0.002997 loss: 1.320739 loss_cls: 0.813147 loss_iou: 0.134529 loss_dfl: 2.950552 eta: 0:49:43 batch_cost: 0.4654 data_cost: 0.0012 ips: 8.5948 images/s, max_mem_reserved: 2161 MB, max_mem_allocated: 2011 MB
[09/22 00:00:12] ppdet.engine.callbacks INFO: Epoch: [24] [150/164] learning_rate: 0.002992 loss: 1.313473 loss_cls: 0.828297 loss_iou: 0.135444 loss_dfl: 2.915701 eta: 0:49:37 batch_cost: 0.4805 data_cost: 0.0021 ips: 8.3242 images/s, max_mem_reserved: 2161 MB, max_mem_allocated: 2011 MB
[09/22 00:00:17] ppdet.engine.callbacks INFO: Epoch: [24] [160/164] learning_rate: 0.002987 loss: 1.275253 loss_cls: 0.809067 loss_iou: 0.132901 loss_dfl: 2.866704 eta: 0:49:31 batch_cost: 0.4485 data_cost: 0.0015 ips: 8.9194 images/s, max_mem_reserved: 2161 MB, max_mem_allocated: 2011 MB
[09/22 00:00:19] ppdet.utils.checkpoint INFO: Save checkpoint: output_extra
[09/22 00:00:20] ppdet.engine.callbacks INFO: Eval iter: 0
[09/22 00:00:27] ppdet.metrics.metrics INFO: Accumulating evaluatation results...
[09/22 00:00:27] ppdet.metrics.metrics INFO: mAP(0.50, 11point) = 87.86%
[09/22 00:00:27] ppdet.engine.callbacks INFO: Total sample number: 100, average FPS: 11.838435303731092
[09/22 00:00:27] ppdet.engine INFO: Best test bbox ap is 0.879.
[09/22 00:00:28] ppdet.utils.checkpoint INFO: Save checkpoint: output_extra
[09/22 00:00:29] ppdet.engine.callbacks INFO: Epoch: [25] [  0/164] learning_rate: 0.002986 loss: 1.275253 loss_cls: 0.809067 loss_iou: 0.140080 loss_dfl: 2.598552 eta: 0:49:29 batch_cost: 0.4635 data_cost: 0.0017 ips: 8.6294 images/s, max_mem_reserved: 2161 MB, max_mem_allocated: 2011 MB
[09/22 00:00:34] ppdet.engine.callbacks INFO: Epoch: [25] [ 10/164] learning_rate: 0.002981 loss: 1.255662 loss_cls: 0.762888 loss_iou: 0.132958 loss_dfl: 2.819492 eta: 0:49:23 batch_cost: 0.4980 data_cost: 0.0030 ips: 8.0315 images/s, max_mem_reserved: 2161 MB, max_mem_allocated: 2011 MB
[09/22 00:00:39] ppdet.engine.callbacks INFO: Epoch: [25] [ 20/164] learning_rate: 0.002976 loss: 1.289784 loss_cls: 0.800262 loss_iou: 0.144328 loss_dfl: 2.827891 eta: 0:49:17 batch_cost: 0.4571 data_cost: 0.0024 ips: 8.7512 images/s, max_mem_reserved: 2161 MB, max_mem_allocated: 2011 MB
[09/22 00:00:44] ppdet.engine.callbacks INFO: Epoch: [25] [ 30/164] learning_rate: 0.002971 loss: 1.340813 loss_cls: 0.802002 loss_iou: 0.153344 loss_dfl: 2.550076 eta: 0:49:12 batch_cost: 0.4825 data_cost: 0.0028 ips: 8.2904 images/s, max_mem_reserved: 2161 MB, max_mem_allocated: 2011 MB
[09/22 00:00:49] ppdet.engine.callbacks INFO: Epoch: [25] [ 40/164] learning_rate: 0.002967 loss: 1.218159 loss_cls: 0.763722 loss_iou: 0.123667 loss_dfl: 2.542601 eta: 0:49:05 batch_cost: 0.4428 data_cost: 0.0024 ips: 9.0324 images/s, max_mem_reserved: 2161 MB, max_mem_allocated: 2011 MB
[09/22 00:00:55] ppdet.engine.callbacks INFO: Epoch: [25] [ 50/164] learning_rate: 0.002962 loss: 1.250189 loss_cls: 0.776235 loss_iou: 0.139488 loss_dfl: 2.987420 eta: 0:49:00 batch_cost: 0.4803 data_cost: 0.0025 ips: 8.3277 images/s, max_mem_reserved: 2161 MB, max_mem_allocated: 2011 MB
[09/22 00:01:00] ppdet.engine.callbacks INFO: Epoch: [25] [ 60/164] learning_rate: 0.002957 loss: 1.351825 loss_cls: 0.814407 loss_iou: 0.140879 loss_dfl: 3.116570 eta: 0:48:54 batch_cost: 0.4727 data_cost: 0.0022 ips: 8.4619 images/s, max_mem_reserved: 2161 MB, max_mem_allocated: 2011 MB
[09/22 00:01:06] ppdet.engine.callbacks INFO: Epoch: [25] [ 70/164] learning_rate: 0.002952 loss: 1.271944 loss_cls: 0.805747 loss_iou: 0.128208 loss_dfl: 3.034575 eta: 0:48:49 batch_cost: 0.5248 data_cost: 0.0030 ips: 7.6214 images/s, max_mem_reserved: 2161 MB, max_mem_allocated: 2011 MB
[09/22 00:01:11] ppdet.engine.callbacks INFO: Epoch: [25] [ 80/164] learning_rate: 0.002948 loss: 1.292446 loss_cls: 0.811877 loss_iou: 0.132107 loss_dfl: 2.834361 eta: 0:48:44 batch_cost: 0.5087 data_cost: 0.0026 ips: 7.8629 images/s, max_mem_reserved: 2161 MB, max_mem_allocated: 2011 MB
[09/22 00:01:16] ppdet.engine.callbacks INFO: Epoch: [25] [ 90/164] learning_rate: 0.002943 loss: 1.305452 loss_cls: 0.792474 loss_iou: 0.129982 loss_dfl: 2.941804 eta: 0:48:38 batch_cost: 0.4624 data_cost: 0.0024 ips: 8.6503 images/s, max_mem_reserved: 2161 MB, max_mem_allocated: 2011 MB
[09/22 00:01:21] ppdet.engine.callbacks INFO: Epoch: [25] [100/164] learning_rate: 0.002938 loss: 1.318669 loss_cls: 0.816575 loss_iou: 0.145173 loss_dfl: 2.819303 eta: 0:48:32 batch_cost: 0.4694 data_cost: 0.0025 ips: 8.5221 images/s, max_mem_reserved: 2161 MB, max_mem_allocated: 2011 MB
[09/22 00:01:27] ppdet.engine.callbacks INFO: Epoch: [25] [110/164] learning_rate: 0.002933 loss: 1.218760 loss_cls: 0.777705 loss_iou: 0.126038 loss_dfl: 2.366473 eta: 0:48:26 batch_cost: 0.4634 data_cost: 0.0029 ips: 8.6311 images/s, max_mem_reserved: 2161 MB, max_mem_allocated: 2011 MB
[09/22 00:01:32] ppdet.engine.callbacks INFO: Epoch: [25] [120/164] learning_rate: 0.002929 loss: 1.356886 loss_cls: 0.829296 loss_iou: 0.154566 loss_dfl: 3.106665 eta: 0:48:20 batch_cost: 0.4787 data_cost: 0.0025 ips: 8.3568 images/s, max_mem_reserved: 2161 MB, max_mem_allocated: 2011 MB
[09/22 00:01:37] ppdet.engine.callbacks INFO: Epoch: [25] [130/164] learning_rate: 0.002924 loss: 1.323242 loss_cls: 0.802370 loss_iou: 0.138586 loss_dfl: 3.081725 eta: 0:48:15 batch_cost: 0.4722 data_cost: 0.0033 ips: 8.4715 images/s, max_mem_reserved: 2161 MB, max_mem_allocated: 2011 MB
[09/22 00:01:42] ppdet.engine.callbacks INFO: Epoch: [25] [140/164] learning_rate: 0.002919 loss: 1.299864 loss_cls: 0.806155 loss_iou: 0.144134 loss_dfl: 2.758986 eta: 0:48:08 batch_cost: 0.4430 data_cost: 0.0025 ips: 9.0292 images/s, max_mem_reserved: 2161 MB, max_mem_allocated: 2011 MB
[09/22 00:01:47] ppdet.engine.callbacks INFO: Epoch: [25] [150/164] learning_rate: 0.002914 loss: 1.242338 loss_cls: 0.826767 loss_iou: 0.130677 loss_dfl: 2.422597 eta: 0:48:02 batch_cost: 0.4334 data_cost: 0.0021 ips: 9.2301 images/s, max_mem_reserved: 2161 MB, max_mem_allocated: 2011 MB
[09/22 00:01:52] ppdet.engine.callbacks INFO: Epoch: [25] [160/164] learning_rate: 0.002909 loss: 1.220007 loss_cls: 0.776080 loss_iou: 0.128377 loss_dfl: 2.714126 eta: 0:47:56 batch_cost: 0.4536 data_cost: 0.0041 ips: 8.8186 images/s, max_mem_reserved: 2161 MB, max_mem_allocated: 2011 MB
[09/22 00:01:54] ppdet.engine.callbacks INFO: Epoch: [26] [  0/164] learning_rate: 0.002907 loss: 1.318889 loss_cls: 0.803762 loss_iou: 0.128786 loss_dfl: 2.866155 eta: 0:47:54 batch_cost: 0.5000 data_cost: 0.0416 ips: 8.0008 images/s, max_mem_reserved: 2161 MB, max_mem_allocated: 2011 MB
[09/22 00:01:59] ppdet.engine.callbacks INFO: Epoch: [26] [ 10/164] learning_rate: 0.002903 loss: 1.247694 loss_cls: 0.794351 loss_iou: 0.130855 loss_dfl: 2.486994 eta: 0:47:48 batch_cost: 0.4298 data_cost: 0.0012 ips: 9.3062 images/s, max_mem_reserved: 2161 MB, max_mem_allocated: 2011 MB
[09/22 00:02:04] ppdet.engine.callbacks INFO: Epoch: [26] [ 20/164] learning_rate: 0.002898 loss: 1.259348 loss_cls: 0.798368 loss_iou: 0.144248 loss_dfl: 2.460357 eta: 0:47:42 batch_cost: 0.4666 data_cost: 0.0013 ips: 8.5727 images/s, max_mem_reserved: 2161 MB, max_mem_allocated: 2011 MB
[09/22 00:02:09] ppdet.engine.callbacks INFO: Epoch: [26] [ 30/164] learning_rate: 0.002893 loss: 1.240276 loss_cls: 0.759989 loss_iou: 0.132096 loss_dfl: 2.820179 eta: 0:47:36 batch_cost: 0.4698 data_cost: 0.0022 ips: 8.5138 images/s, max_mem_reserved: 2161 MB, max_mem_allocated: 2011 MB
[09/22 00:02:14] ppdet.engine.callbacks INFO: Epoch: [26] [ 40/164] learning_rate: 0.002888 loss: 1.283329 loss_cls: 0.800534 loss_iou: 0.140992 loss_dfl: 2.968373 eta: 0:47:31 batch_cost: 0.4829 data_cost: 0.0027 ips: 8.2825 images/s, max_mem_reserved: 2161 MB, max_mem_allocated: 2011 MB
[09/22 00:02:19] ppdet.engine.callbacks INFO: Epoch: [26] [ 50/164] learning_rate: 0.002883 loss: 1.322719 loss_cls: 0.793240 loss_iou: 0.153038 loss_dfl: 2.853461 eta: 0:47:25 batch_cost: 0.4696 data_cost: 0.0037 ips: 8.5170 images/s, max_mem_reserved: 2161 MB, max_mem_allocated: 2011 MB
[09/22 00:02:24] ppdet.engine.callbacks INFO: Epoch: [26] [ 60/164] learning_rate: 0.002878 loss: 1.302285 loss_cls: 0.806945 loss_iou: 0.135702 loss_dfl: 2.955091 eta: 0:47:19 batch_cost: 0.4319 data_cost: 0.0026 ips: 9.2610 images/s, max_mem_reserved: 2161 MB, max_mem_allocated: 2011 MB
[09/22 00:02:29] ppdet.engine.callbacks INFO: Epoch: [26] [ 70/164] learning_rate: 0.002873 loss: 1.276144 loss_cls: 0.801367 loss_iou: 0.142510 loss_dfl: 2.893735 eta: 0:47:13 batch_cost: 0.4828 data_cost: 0.0024 ips: 8.2851 images/s, max_mem_reserved: 2161 MB, max_mem_allocated: 2011 MB
[09/22 00:02:35] ppdet.engine.callbacks INFO: Epoch: [26] [ 80/164] learning_rate: 0.002869 loss: 1.273467 loss_cls: 0.789673 loss_iou: 0.136131 loss_dfl: 2.926668 eta: 0:47:08 batch_cost: 0.4866 data_cost: 0.0024 ips: 8.2207 images/s, max_mem_reserved: 2161 MB, max_mem_allocated: 2011 MB
[09/22 00:02:40] ppdet.engine.callbacks INFO: Epoch: [26] [ 90/164] learning_rate: 0.002864 loss: 1.281523 loss_cls: 0.781994 loss_iou: 0.141381 loss_dfl: 2.615916 eta: 0:47:02 batch_cost: 0.4398 data_cost: 0.0019 ips: 9.0960 images/s, max_mem_reserved: 2161 MB, max_mem_allocated: 2011 MB
[09/22 00:02:45] ppdet.engine.callbacks INFO: Epoch: [26] [100/164] learning_rate: 0.002859 loss: 1.328414 loss_cls: 0.811647 loss_iou: 0.149332 loss_dfl: 3.123373 eta: 0:46:56 batch_cost: 0.4709 data_cost: 0.0029 ips: 8.4941 images/s, max_mem_reserved: 2161 MB, max_mem_allocated: 2011 MB
[09/22 00:02:50] ppdet.engine.callbacks INFO: Epoch: [26] [110/164] learning_rate: 0.002854 loss: 1.387199 loss_cls: 0.821601 loss_iou: 0.160075 loss_dfl: 3.260397 eta: 0:46:51 batch_cost: 0.4954 data_cost: 0.0022 ips: 8.0751 images/s, max_mem_reserved: 2161 MB, max_mem_allocated: 2011 MB
[09/22 00:02:55] ppdet.engine.callbacks INFO: Epoch: [26] [120/164] learning_rate: 0.002849 loss: 1.261145 loss_cls: 0.777244 loss_iou: 0.128692 loss_dfl: 2.558860 eta: 0:46:44 batch_cost: 0.4190 data_cost: 0.0022 ips: 9.5472 images/s, max_mem_reserved: 2161 MB, max_mem_allocated: 2011 MB
[09/22 00:03:00] ppdet.engine.callbacks INFO: Epoch: [26] [130/164] learning_rate: 0.002844 loss: 1.272406 loss_cls: 0.780726 loss_iou: 0.139891 loss_dfl: 2.709273 eta: 0:46:39 batch_cost: 0.4636 data_cost: 0.0024 ips: 8.6281 images/s, max_mem_reserved: 2161 MB, max_mem_allocated: 2011 MB
[09/22 00:03:05] ppdet.engine.callbacks INFO: Epoch: [26] [140/164] learning_rate: 0.002839 loss: 1.353067 loss_cls: 0.814266 loss_iou: 0.156161 loss_dfl: 2.984353 eta: 0:46:33 batch_cost: 0.4573 data_cost: 0.0026 ips: 8.7474 images/s, max_mem_reserved: 2161 MB, max_mem_allocated: 2011 MB
[09/22 00:03:09] ppdet.engine.callbacks INFO: Epoch: [26] [150/164] learning_rate: 0.002834 loss: 1.244186 loss_cls: 0.744312 loss_iou: 0.133125 loss_dfl: 3.087049 eta: 0:46:27 batch_cost: 0.4420 data_cost: 0.0025 ips: 9.0505 images/s, max_mem_reserved: 2161 MB, max_mem_allocated: 2011 MB
[09/22 00:03:14] ppdet.engine.callbacks INFO: Epoch: [26] [160/164] learning_rate: 0.002829 loss: 1.257393 loss_cls: 0.788220 loss_iou: 0.135977 loss_dfl: 2.728177 eta: 0:46:21 batch_cost: 0.4618 data_cost: 0.0027 ips: 8.6609 images/s, max_mem_reserved: 2161 MB, max_mem_allocated: 2011 MB
[09/22 00:03:16] ppdet.engine.callbacks INFO: Epoch: [27] [  0/164] learning_rate: 0.002827 loss: 1.298501 loss_cls: 0.803866 loss_iou: 0.140121 loss_dfl: 2.683132 eta: 0:46:19 batch_cost: 0.4688 data_cost: 0.0374 ips: 8.5331 images/s, max_mem_reserved: 2161 MB, max_mem_allocated: 2011 MB
[09/22 00:03:21] ppdet.engine.callbacks INFO: Epoch: [27] [ 10/164] learning_rate: 0.002822 loss: 1.335971 loss_cls: 0.814394 loss_iou: 0.146693 loss_dfl: 2.898095 eta: 0:46:13 batch_cost: 0.4481 data_cost: 0.0012 ips: 8.9272 images/s, max_mem_reserved: 2161 MB, max_mem_allocated: 2011 MB
[09/22 00:03:27] ppdet.engine.callbacks INFO: Epoch: [27] [ 20/164] learning_rate: 0.002818 loss: 1.259531 loss_cls: 0.771933 loss_iou: 0.126091 loss_dfl: 2.819878 eta: 0:46:08 batch_cost: 0.5063 data_cost: 0.0020 ips: 7.9003 images/s, max_mem_reserved: 2161 MB, max_mem_allocated: 2011 MB
[09/22 00:03:32] ppdet.engine.callbacks INFO: Epoch: [27] [ 30/164] learning_rate: 0.002813 loss: 1.178267 loss_cls: 0.745422 loss_iou: 0.122752 loss_dfl: 2.602562 eta: 0:46:01 batch_cost: 0.4195 data_cost: 0.0031 ips: 9.5348 images/s, max_mem_reserved: 2161 MB, max_mem_allocated: 2011 MB
[09/22 00:03:37] ppdet.engine.callbacks INFO: Epoch: [27] [ 40/164] learning_rate: 0.002808 loss: 1.284974 loss_cls: 0.789085 loss_iou: 0.136403 loss_dfl: 2.787778 eta: 0:45:56 batch_cost: 0.5152 data_cost: 0.0029 ips: 7.7637 images/s, max_mem_reserved: 2161 MB, max_mem_allocated: 2011 MB
[09/22 00:03:42] ppdet.engine.callbacks INFO: Epoch: [27] [ 50/164] learning_rate: 0.002803 loss: 1.216562 loss_cls: 0.763727 loss_iou: 0.128369 loss_dfl: 2.856090 eta: 0:45:50 batch_cost: 0.4540 data_cost: 0.0024 ips: 8.8111 images/s, max_mem_reserved: 2161 MB, max_mem_allocated: 2011 MB
[09/22 00:03:47] ppdet.engine.callbacks INFO: Epoch: [27] [ 60/164] learning_rate: 0.002798 loss: 1.262888 loss_cls: 0.818181 loss_iou: 0.133730 loss_dfl: 2.700567 eta: 0:45:45 batch_cost: 0.4509 data_cost: 0.0037 ips: 8.8718 images/s, max_mem_reserved: 2161 MB, max_mem_allocated: 2011 MB
[09/22 00:03:52] ppdet.engine.callbacks INFO: Epoch: [27] [ 70/164] learning_rate: 0.002793 loss: 1.280136 loss_cls: 0.786377 loss_iou: 0.138126 loss_dfl: 2.853596 eta: 0:45:39 batch_cost: 0.4768 data_cost: 0.0025 ips: 8.3891 images/s, max_mem_reserved: 2161 MB, max_mem_allocated: 2011 MB
[09/22 00:03:57] ppdet.engine.callbacks INFO: Epoch: [27] [ 80/164] learning_rate: 0.002788 loss: 1.269213 loss_cls: 0.781564 loss_iou: 0.139966 loss_dfl: 2.857328 eta: 0:45:33 batch_cost: 0.4512 data_cost: 0.0036 ips: 8.8655 images/s, max_mem_reserved: 2161 MB, max_mem_allocated: 2011 MB
[09/22 00:04:02] ppdet.engine.callbacks INFO: Epoch: [27] [ 90/164] learning_rate: 0.002783 loss: 1.309892 loss_cls: 0.803301 loss_iou: 0.142809 loss_dfl: 3.056717 eta: 0:45:28 batch_cost: 0.4740 data_cost: 0.0027 ips: 8.4389 images/s, max_mem_reserved: 2161 MB, max_mem_allocated: 2011 MB
[09/22 00:04:07] ppdet.engine.callbacks INFO: Epoch: [27] [100/164] learning_rate: 0.002778 loss: 1.287948 loss_cls: 0.809387 loss_iou: 0.137893 loss_dfl: 2.824615 eta: 0:45:22 batch_cost: 0.4640 data_cost: 0.0024 ips: 8.6202 images/s, max_mem_reserved: 2161 MB, max_mem_allocated: 2011 MB
[09/22 00:04:12] ppdet.engine.callbacks INFO: Epoch: [27] [110/164] learning_rate: 0.002773 loss: 1.255173 loss_cls: 0.782485 loss_iou: 0.131467 loss_dfl: 2.796504 eta: 0:45:16 batch_cost: 0.4346 data_cost: 0.0022 ips: 9.2033 images/s, max_mem_reserved: 2161 MB, max_mem_allocated: 2011 MB
[09/22 00:04:17] ppdet.engine.callbacks INFO: Epoch: [27] [120/164] learning_rate: 0.002768 loss: 1.331042 loss_cls: 0.818368 loss_iou: 0.164295 loss_dfl: 2.912216 eta: 0:45:10 batch_cost: 0.4759 data_cost: 0.0027 ips: 8.4044 images/s, max_mem_reserved: 2161 MB, max_mem_allocated: 2011 MB
[09/22 00:04:22] ppdet.engine.callbacks INFO: Epoch: [27] [130/164] learning_rate: 0.002763 loss: 1.299839 loss_cls: 0.825320 loss_iou: 0.140141 loss_dfl: 2.620065 eta: 0:45:04 batch_cost: 0.4352 data_cost: 0.0022 ips: 9.1914 images/s, max_mem_reserved: 2161 MB, max_mem_allocated: 2011 MB
[09/22 00:04:27] ppdet.engine.callbacks INFO: Epoch: [27] [140/164] learning_rate: 0.002758 loss: 1.339026 loss_cls: 0.824403 loss_iou: 0.147211 loss_dfl: 3.080854 eta: 0:44:59 batch_cost: 0.4605 data_cost: 0.0029 ips: 8.6859 images/s, max_mem_reserved: 2161 MB, max_mem_allocated: 2011 MB
[09/22 00:04:32] ppdet.engine.callbacks INFO: Epoch: [27] [150/164] learning_rate: 0.002753 loss: 1.328145 loss_cls: 0.809839 loss_iou: 0.143407 loss_dfl: 2.973783 eta: 0:44:53 batch_cost: 0.4671 data_cost: 0.0024 ips: 8.5633 images/s, max_mem_reserved: 2161 MB, max_mem_allocated: 2011 MB
[09/22 00:04:37] ppdet.engine.callbacks INFO: Epoch: [27] [160/164] learning_rate: 0.002748 loss: 1.297773 loss_cls: 0.787132 loss_iou: 0.136423 loss_dfl: 2.858782 eta: 0:44:47 batch_cost: 0.4352 data_cost: 0.0036 ips: 9.1902 images/s, max_mem_reserved: 2161 MB, max_mem_allocated: 2011 MB
[09/22 00:04:39] ppdet.engine.callbacks INFO: Epoch: [28] [  0/164] learning_rate: 0.002746 loss: 1.273676 loss_cls: 0.777774 loss_iou: 0.139231 loss_dfl: 2.446121 eta: 0:44:45 batch_cost: 0.4478 data_cost: 0.0350 ips: 8.9331 images/s, max_mem_reserved: 2161 MB, max_mem_allocated: 2011 MB
[09/22 00:04:44] ppdet.engine.callbacks INFO: Epoch: [28] [ 10/164] learning_rate: 0.002741 loss: 1.307948 loss_cls: 0.784597 loss_iou: 0.146193 loss_dfl: 2.854325 eta: 0:44:39 batch_cost: 0.4549 data_cost: 0.0013 ips: 8.7924 images/s, max_mem_reserved: 2161 MB, max_mem_allocated: 2011 MB
[09/22 00:04:48] ppdet.engine.callbacks INFO: Epoch: [28] [ 20/164] learning_rate: 0.002736 loss: 1.205779 loss_cls: 0.749575 loss_iou: 0.138418 loss_dfl: 2.478356 eta: 0:44:33 batch_cost: 0.4272 data_cost: 0.0017 ips: 9.3642 images/s, max_mem_reserved: 2161 MB, max_mem_allocated: 2011 MB
[09/22 00:04:53] ppdet.engine.callbacks INFO: Epoch: [28] [ 30/164] learning_rate: 0.002731 loss: 1.295937 loss_cls: 0.800692 loss_iou: 0.138023 loss_dfl: 3.060965 eta: 0:44:27 batch_cost: 0.4370 data_cost: 0.0017 ips: 9.1530 images/s, max_mem_reserved: 2161 MB, max_mem_allocated: 2011 MB
[09/22 00:04:58] ppdet.engine.callbacks INFO: Epoch: [28] [ 40/164] learning_rate: 0.002726 loss: 1.275635 loss_cls: 0.798576 loss_iou: 0.130196 loss_dfl: 2.937406 eta: 0:44:21 batch_cost: 0.4398 data_cost: 0.0021 ips: 9.0961 images/s, max_mem_reserved: 2161 MB, max_mem_allocated: 2011 MB
[09/22 00:05:03] ppdet.engine.callbacks INFO: Epoch: [28] [ 50/164] learning_rate: 0.002721 loss: 1.279730 loss_cls: 0.807344 loss_iou: 0.132057 loss_dfl: 2.758480 eta: 0:44:16 batch_cost: 0.4676 data_cost: 0.0027 ips: 8.5548 images/s, max_mem_reserved: 2161 MB, max_mem_allocated: 2011 MB
[09/22 00:05:08] ppdet.engine.callbacks INFO: Epoch: [28] [ 60/164] learning_rate: 0.002716 loss: 1.340913 loss_cls: 0.791491 loss_iou: 0.140838 loss_dfl: 3.094283 eta: 0:44:10 batch_cost: 0.4915 data_cost: 0.0029 ips: 8.1380 images/s, max_mem_reserved: 2161 MB, max_mem_allocated: 2011 MB
[09/22 00:05:14] ppdet.engine.callbacks INFO: Epoch: [28] [ 70/164] learning_rate: 0.002711 loss: 1.356239 loss_cls: 0.829051 loss_iou: 0.141896 loss_dfl: 2.663273 eta: 0:44:05 batch_cost: 0.4729 data_cost: 0.0023 ips: 8.4576 images/s, max_mem_reserved: 2161 MB, max_mem_allocated: 2011 MB
[09/22 00:05:19] ppdet.engine.callbacks INFO: Epoch: [28] [ 80/164] learning_rate: 0.002705 loss: 1.274399 loss_cls: 0.792637 loss_iou: 0.139559 loss_dfl: 2.746389 eta: 0:43:59 batch_cost: 0.5018 data_cost: 0.0028 ips: 7.9710 images/s, max_mem_reserved: 2161 MB, max_mem_allocated: 2011 MB
[09/22 00:05:24] ppdet.engine.callbacks INFO: Epoch: [28] [ 90/164] learning_rate: 0.002700 loss: 1.231196 loss_cls: 0.772367 loss_iou: 0.126827 loss_dfl: 2.578627 eta: 0:43:54 batch_cost: 0.4808 data_cost: 0.0030 ips: 8.3195 images/s, max_mem_reserved: 2161 MB, max_mem_allocated: 2011 MB
[09/22 00:05:29] ppdet.engine.callbacks INFO: Epoch: [28] [100/164] learning_rate: 0.002695 loss: 1.271423 loss_cls: 0.781737 loss_iou: 0.139577 loss_dfl: 2.831653 eta: 0:43:48 batch_cost: 0.4363 data_cost: 0.0025 ips: 9.1684 images/s, max_mem_reserved: 2161 MB, max_mem_allocated: 2011 MB
[09/22 00:05:34] ppdet.engine.callbacks INFO: Epoch: [28] [110/164] learning_rate: 0.002690 loss: 1.283444 loss_cls: 0.788482 loss_iou: 0.131325 loss_dfl: 2.705835 eta: 0:43:43 batch_cost: 0.4663 data_cost: 0.0026 ips: 8.5781 images/s, max_mem_reserved: 2161 MB, max_mem_allocated: 2011 MB
[09/22 00:05:39] ppdet.engine.callbacks INFO: Epoch: [28] [120/164] learning_rate: 0.002685 loss: 1.341012 loss_cls: 0.801889 loss_iou: 0.148251 loss_dfl: 3.040071 eta: 0:43:36 batch_cost: 0.4197 data_cost: 0.0026 ips: 9.5301 images/s, max_mem_reserved: 2161 MB, max_mem_allocated: 2011 MB
[09/22 00:05:43] ppdet.engine.callbacks INFO: Epoch: [28] [130/164] learning_rate: 0.002680 loss: 1.297084 loss_cls: 0.784572 loss_iou: 0.134465 loss_dfl: 2.951902 eta: 0:43:30 batch_cost: 0.4240 data_cost: 0.0028 ips: 9.4342 images/s, max_mem_reserved: 2161 MB, max_mem_allocated: 2011 MB
[09/22 00:05:48] ppdet.engine.callbacks INFO: Epoch: [28] [140/164] learning_rate: 0.002675 loss: 1.301641 loss_cls: 0.783538 loss_iou: 0.133110 loss_dfl: 3.009617 eta: 0:43:25 batch_cost: 0.4671 data_cost: 0.0026 ips: 8.5627 images/s, max_mem_reserved: 2161 MB, max_mem_allocated: 2011 MB
[09/22 00:05:53] ppdet.engine.callbacks INFO: Epoch: [28] [150/164] learning_rate: 0.002670 loss: 1.254564 loss_cls: 0.799864 loss_iou: 0.134412 loss_dfl: 2.807112 eta: 0:43:19 batch_cost: 0.4553 data_cost: 0.0027 ips: 8.7857 images/s, max_mem_reserved: 2161 MB, max_mem_allocated: 2011 MB
[09/22 00:05:59] ppdet.engine.callbacks INFO: Epoch: [28] [160/164] learning_rate: 0.002665 loss: 1.247087 loss_cls: 0.800418 loss_iou: 0.133797 loss_dfl: 2.766908 eta: 0:43:14 batch_cost: 0.4905 data_cost: 0.0028 ips: 8.1546 images/s, max_mem_reserved: 2161 MB, max_mem_allocated: 2011 MB
[09/22 00:06:01] ppdet.engine.callbacks INFO: Epoch: [29] [  0/164] learning_rate: 0.002663 loss: 1.250253 loss_cls: 0.789308 loss_iou: 0.132353 loss_dfl: 2.811258 eta: 0:43:12 batch_cost: 0.4900 data_cost: 0.0321 ips: 8.1638 images/s, max_mem_reserved: 2161 MB, max_mem_allocated: 2011 MB
[09/22 00:06:06] ppdet.engine.callbacks INFO: Epoch: [29] [ 10/164] learning_rate: 0.002658 loss: 1.309679 loss_cls: 0.798624 loss_iou: 0.145462 loss_dfl: 2.987844 eta: 0:43:07 batch_cost: 0.5092 data_cost: 0.0014 ips: 7.8553 images/s, max_mem_reserved: 2161 MB, max_mem_allocated: 2011 MB
[09/22 00:06:11] ppdet.engine.callbacks INFO: Epoch: [29] [ 20/164] learning_rate: 0.002653 loss: 1.290588 loss_cls: 0.777370 loss_iou: 0.138575 loss_dfl: 2.904087 eta: 0:43:01 batch_cost: 0.4361 data_cost: 0.0010 ips: 9.1722 images/s, max_mem_reserved: 2161 MB, max_mem_allocated: 2011 MB
[09/22 00:06:16] ppdet.engine.callbacks INFO: Epoch: [29] [ 30/164] learning_rate: 0.002647 loss: 1.298479 loss_cls: 0.784843 loss_iou: 0.145373 loss_dfl: 3.034681 eta: 0:42:55 batch_cost: 0.4820 data_cost: 0.0024 ips: 8.2992 images/s, max_mem_reserved: 2161 MB, max_mem_allocated: 2011 MB
[09/22 00:06:21] ppdet.engine.callbacks INFO: Epoch: [29] [ 40/164] learning_rate: 0.002642 loss: 1.255658 loss_cls: 0.773866 loss_iou: 0.134473 loss_dfl: 2.902920 eta: 0:42:50 batch_cost: 0.4726 data_cost: 0.0027 ips: 8.4639 images/s, max_mem_reserved: 2161 MB, max_mem_allocated: 2011 MB
[09/22 00:06:26] ppdet.engine.callbacks INFO: Epoch: [29] [ 50/164] learning_rate: 0.002637 loss: 1.267540 loss_cls: 0.789863 loss_iou: 0.136171 loss_dfl: 2.609180 eta: 0:42:44 batch_cost: 0.4787 data_cost: 0.0025 ips: 8.3556 images/s, max_mem_reserved: 2161 MB, max_mem_allocated: 2011 MB
[09/22 00:06:31] ppdet.engine.callbacks INFO: Epoch: [29] [ 60/164] learning_rate: 0.002632 loss: 1.265024 loss_cls: 0.785751 loss_iou: 0.132838 loss_dfl: 2.734686 eta: 0:42:38 batch_cost: 0.4294 data_cost: 0.0021 ips: 9.3153 images/s, max_mem_reserved: 2161 MB, max_mem_allocated: 2011 MB
[09/22 00:06:37] ppdet.engine.callbacks INFO: Epoch: [29] [ 70/164] learning_rate: 0.002627 loss: 1.300275 loss_cls: 0.780798 loss_iou: 0.145734 loss_dfl: 3.151260 eta: 0:42:33 batch_cost: 0.5128 data_cost: 0.0022 ips: 7.8002 images/s, max_mem_reserved: 2161 MB, max_mem_allocated: 2011 MB
[09/22 00:06:42] ppdet.engine.callbacks INFO: Epoch: [29] [ 80/164] learning_rate: 0.002622 loss: 1.307017 loss_cls: 0.781861 loss_iou: 0.137441 loss_dfl: 3.056544 eta: 0:42:28 batch_cost: 0.4766 data_cost: 0.0030 ips: 8.3921 images/s, max_mem_reserved: 2161 MB, max_mem_allocated: 2011 MB
[09/22 00:06:47] ppdet.engine.callbacks INFO: Epoch: [29] [ 90/164] learning_rate: 0.002617 loss: 1.314602 loss_cls: 0.795679 loss_iou: 0.148707 loss_dfl: 2.885067 eta: 0:42:22 batch_cost: 0.4498 data_cost: 0.0027 ips: 8.8920 images/s, max_mem_reserved: 2161 MB, max_mem_allocated: 2011 MB
[09/22 00:06:51] ppdet.engine.callbacks INFO: Epoch: [29] [100/164] learning_rate: 0.002611 loss: 1.248219 loss_cls: 0.802487 loss_iou: 0.133748 loss_dfl: 2.945333 eta: 0:42:16 batch_cost: 0.4257 data_cost: 0.0024 ips: 9.3972 images/s, max_mem_reserved: 2161 MB, max_mem_allocated: 2011 MB
[09/22 00:06:56] ppdet.engine.callbacks INFO: Epoch: [29] [110/164] learning_rate: 0.002606 loss: 1.280315 loss_cls: 0.793173 loss_iou: 0.135680 loss_dfl: 2.752392 eta: 0:42:11 batch_cost: 0.4691 data_cost: 0.0024 ips: 8.5265 images/s, max_mem_reserved: 2161 MB, max_mem_allocated: 2011 MB
[09/22 00:07:01] ppdet.engine.callbacks INFO: Epoch: [29] [120/164] learning_rate: 0.002601 loss: 1.220487 loss_cls: 0.773980 loss_iou: 0.131885 loss_dfl: 2.733573 eta: 0:42:05 batch_cost: 0.4535 data_cost: 0.0022 ips: 8.8194 images/s, max_mem_reserved: 2161 MB, max_mem_allocated: 2011 MB
[09/22 00:07:06] ppdet.engine.callbacks INFO: Epoch: [29] [130/164] learning_rate: 0.002596 loss: 1.298851 loss_cls: 0.806945 loss_iou: 0.140792 loss_dfl: 3.287777 eta: 0:42:00 batch_cost: 0.4648 data_cost: 0.0028 ips: 8.6057 images/s, max_mem_reserved: 2161 MB, max_mem_allocated: 2011 MB
[09/22 00:07:12] ppdet.engine.callbacks INFO: Epoch: [29] [140/164] learning_rate: 0.002591 loss: 1.322302 loss_cls: 0.794895 loss_iou: 0.146718 loss_dfl: 3.177632 eta: 0:41:54 batch_cost: 0.4903 data_cost: 0.0040 ips: 8.1584 images/s, max_mem_reserved: 2161 MB, max_mem_allocated: 2011 MB
[09/22 00:07:17] ppdet.engine.callbacks INFO: Epoch: [29] [150/164] learning_rate: 0.002586 loss: 1.248997 loss_cls: 0.752991 loss_iou: 0.132746 loss_dfl: 2.577358 eta: 0:41:49 batch_cost: 0.4701 data_cost: 0.0028 ips: 8.5082 images/s, max_mem_reserved: 2161 MB, max_mem_allocated: 2011 MB
[09/22 00:07:22] ppdet.engine.callbacks INFO: Epoch: [29] [160/164] learning_rate: 0.002580 loss: 1.247174 loss_cls: 0.794944 loss_iou: 0.134791 loss_dfl: 2.596656 eta: 0:41:43 batch_cost: 0.4440 data_cost: 0.0031 ips: 9.0095 images/s, max_mem_reserved: 2161 MB, max_mem_allocated: 2011 MB
[09/22 00:07:24] ppdet.utils.checkpoint INFO: Save checkpoint: output_extra
[09/22 00:07:25] ppdet.engine.callbacks INFO: Eval iter: 0
[09/22 00:07:31] ppdet.metrics.metrics INFO: Accumulating evaluatation results...
[09/22 00:07:31] ppdet.metrics.metrics INFO: mAP(0.50, 11point) = 89.04%
[09/22 00:07:31] ppdet.engine.callbacks INFO: Total sample number: 100, average FPS: 13.255745960443031
[09/22 00:07:31] ppdet.engine INFO: Best test bbox ap is 0.890.
[09/22 00:07:32] ppdet.utils.checkpoint INFO: Save checkpoint: output_extra
[09/22 00:07:32] ppdet.engine.callbacks INFO: Epoch: [30] [  0/164] learning_rate: 0.002578 loss: 1.254154 loss_cls: 0.779354 loss_iou: 0.135316 loss_dfl: 2.608938 eta: 0:41:41 batch_cost: 0.4471 data_cost: 0.0027 ips: 8.9475 images/s, max_mem_reserved: 2161 MB, max_mem_allocated: 2011 MB
[09/22 00:07:38] ppdet.engine.callbacks INFO: Epoch: [30] [ 10/164] learning_rate: 0.002573 loss: 1.231908 loss_cls: 0.746281 loss_iou: 0.136807 loss_dfl: 2.866363 eta: 0:41:36 batch_cost: 0.4899 data_cost: 0.0023 ips: 8.1653 images/s, max_mem_reserved: 2161 MB, max_mem_allocated: 2011 MB
[09/22 00:07:43] ppdet.engine.callbacks INFO: Epoch: [30] [ 20/164] learning_rate: 0.002568 loss: 1.265587 loss_cls: 0.776115 loss_iou: 0.139284 loss_dfl: 3.093746 eta: 0:41:30 batch_cost: 0.4750 data_cost: 0.0027 ips: 8.4217 images/s, max_mem_reserved: 2161 MB, max_mem_allocated: 2011 MB
[09/22 00:07:48] ppdet.engine.callbacks INFO: Epoch: [30] [ 30/164] learning_rate: 0.002563 loss: 1.198131 loss_cls: 0.775311 loss_iou: 0.122760 loss_dfl: 2.578533 eta: 0:41:24 batch_cost: 0.4274 data_cost: 0.0027 ips: 9.3597 images/s, max_mem_reserved: 2161 MB, max_mem_allocated: 2011 MB
[09/22 00:07:52] ppdet.engine.callbacks INFO: Epoch: [30] [ 40/164] learning_rate: 0.002558 loss: 1.252743 loss_cls: 0.760601 loss_iou: 0.139211 loss_dfl: 2.803170 eta: 0:41:19 batch_cost: 0.4441 data_cost: 0.0036 ips: 9.0062 images/s, max_mem_reserved: 2161 MB, max_mem_allocated: 2011 MB
[09/22 00:07:57] ppdet.engine.callbacks INFO: Epoch: [30] [ 50/164] learning_rate: 0.002552 loss: 1.282232 loss_cls: 0.811524 loss_iou: 0.132739 loss_dfl: 2.646764 eta: 0:41:13 batch_cost: 0.4570 data_cost: 0.0024 ips: 8.7530 images/s, max_mem_reserved: 2161 MB, max_mem_allocated: 2011 MB
[09/22 00:08:03] ppdet.engine.callbacks INFO: Epoch: [30] [ 60/164] learning_rate: 0.002547 loss: 1.290417 loss_cls: 0.798915 loss_iou: 0.143006 loss_dfl: 2.759864 eta: 0:41:08 batch_cost: 0.5095 data_cost: 0.0027 ips: 7.8513 images/s, max_mem_reserved: 2161 MB, max_mem_allocated: 2011 MB
[09/22 00:08:08] ppdet.engine.callbacks INFO: Epoch: [30] [ 70/164] learning_rate: 0.002542 loss: 1.289569 loss_cls: 0.778790 loss_iou: 0.139760 loss_dfl: 3.021660 eta: 0:41:02 batch_cost: 0.4246 data_cost: 0.0025 ips: 9.4214 images/s, max_mem_reserved: 2161 MB, max_mem_allocated: 2011 MB
[09/22 00:08:13] ppdet.engine.callbacks INFO: Epoch: [30] [ 80/164] learning_rate: 0.002537 loss: 1.340064 loss_cls: 0.789851 loss_iou: 0.148830 loss_dfl: 3.041982 eta: 0:40:57 batch_cost: 0.4786 data_cost: 0.0026 ips: 8.3571 images/s, max_mem_reserved: 2161 MB, max_mem_allocated: 2011 MB
[09/22 00:08:18] ppdet.engine.callbacks INFO: Epoch: [30] [ 90/164] learning_rate: 0.002532 loss: 1.314025 loss_cls: 0.806943 loss_iou: 0.141728 loss_dfl: 2.932132 eta: 0:40:51 batch_cost: 0.4493 data_cost: 0.0029 ips: 8.9033 images/s, max_mem_reserved: 2161 MB, max_mem_allocated: 2011 MB
[09/22 00:08:22] ppdet.engine.callbacks INFO: Epoch: [30] [100/164] learning_rate: 0.002526 loss: 1.279096 loss_cls: 0.804255 loss_iou: 0.138043 loss_dfl: 2.926471 eta: 0:40:46 batch_cost: 0.4534 data_cost: 0.0020 ips: 8.8221 images/s, max_mem_reserved: 2161 MB, max_mem_allocated: 2011 MB
[09/22 00:08:28] ppdet.engine.callbacks INFO: Epoch: [30] [110/164] learning_rate: 0.002521 loss: 1.288138 loss_cls: 0.790296 loss_iou: 0.150512 loss_dfl: 2.852029 eta: 0:40:40 batch_cost: 0.4605 data_cost: 0.0029 ips: 8.6867 images/s, max_mem_reserved: 2161 MB, max_mem_allocated: 2011 MB
[09/22 00:08:32] ppdet.engine.callbacks INFO: Epoch: [30] [120/164] learning_rate: 0.002516 loss: 1.319151 loss_cls: 0.797639 loss_iou: 0.145406 loss_dfl: 2.855307 eta: 0:40:34 batch_cost: 0.4229 data_cost: 0.0028 ips: 9.4575 images/s, max_mem_reserved: 2161 MB, max_mem_allocated: 2011 MB
[09/22 00:08:38] ppdet.engine.callbacks INFO: Epoch: [30] [130/164] learning_rate: 0.002511 loss: 1.311340 loss_cls: 0.808311 loss_iou: 0.141243 loss_dfl: 2.855698 eta: 0:40:29 batch_cost: 0.5054 data_cost: 0.0025 ips: 7.9146 images/s, max_mem_reserved: 2161 MB, max_mem_allocated: 2011 MB
[09/22 00:08:43] ppdet.engine.callbacks INFO: Epoch: [30] [140/164] learning_rate: 0.002505 loss: 1.273794 loss_cls: 0.778869 loss_iou: 0.139290 loss_dfl: 2.900310 eta: 0:40:24 batch_cost: 0.4698 data_cost: 0.0028 ips: 8.5135 images/s, max_mem_reserved: 2161 MB, max_mem_allocated: 2011 MB
[09/22 00:08:48] ppdet.engine.callbacks INFO: Epoch: [30] [150/164] learning_rate: 0.002500 loss: 1.265168 loss_cls: 0.785258 loss_iou: 0.135470 loss_dfl: 2.775641 eta: 0:40:18 batch_cost: 0.4942 data_cost: 0.0024 ips: 8.0938 images/s, max_mem_reserved: 2161 MB, max_mem_allocated: 2011 MB
[09/22 00:08:53] ppdet.engine.callbacks INFO: Epoch: [30] [160/164] learning_rate: 0.002495 loss: 1.190434 loss_cls: 0.753227 loss_iou: 0.121271 loss_dfl: 2.808785 eta: 0:40:13 batch_cost: 0.4545 data_cost: 0.0025 ips: 8.8000 images/s, max_mem_reserved: 2161 MB, max_mem_allocated: 2011 MB
[09/22 00:08:55] ppdet.engine.callbacks INFO: Epoch: [31] [  0/164] learning_rate: 0.002493 loss: 1.239851 loss_cls: 0.766245 loss_iou: 0.126185 loss_dfl: 2.832779 eta: 0:40:11 batch_cost: 0.4850 data_cost: 0.0362 ips: 8.2479 images/s, max_mem_reserved: 2161 MB, max_mem_allocated: 2011 MB
[09/22 00:09:00] ppdet.engine.callbacks INFO: Epoch: [31] [ 10/164] learning_rate: 0.002488 loss: 1.274635 loss_cls: 0.784302 loss_iou: 0.134855 loss_dfl: 2.931105 eta: 0:40:05 batch_cost: 0.4277 data_cost: 0.0011 ips: 9.3517 images/s, max_mem_reserved: 2161 MB, max_mem_allocated: 2011 MB
[09/22 00:09:05] ppdet.engine.callbacks INFO: Epoch: [31] [ 20/164] learning_rate: 0.002482 loss: 1.327937 loss_cls: 0.834823 loss_iou: 0.141491 loss_dfl: 2.992062 eta: 0:40:00 batch_cost: 0.4589 data_cost: 0.0017 ips: 8.7166 images/s, max_mem_reserved: 2161 MB, max_mem_allocated: 2011 MB
[09/22 00:09:11] ppdet.engine.callbacks INFO: Epoch: [31] [ 30/164] learning_rate: 0.002477 loss: 1.296525 loss_cls: 0.816618 loss_iou: 0.137612 loss_dfl: 2.682638 eta: 0:39:55 batch_cost: 0.5206 data_cost: 0.0037 ips: 7.6831 images/s, max_mem_reserved: 2161 MB, max_mem_allocated: 2011 MB
[09/22 00:09:16] ppdet.engine.callbacks INFO: Epoch: [31] [ 40/164] learning_rate: 0.002472 loss: 1.310797 loss_cls: 0.819383 loss_iou: 0.130913 loss_dfl: 2.905983 eta: 0:39:50 batch_cost: 0.4900 data_cost: 0.0026 ips: 8.1633 images/s, max_mem_reserved: 2161 MB, max_mem_allocated: 2011 MB
[09/22 00:09:21] ppdet.engine.callbacks INFO: Epoch: [31] [ 50/164] learning_rate: 0.002467 loss: 1.245149 loss_cls: 0.761521 loss_iou: 0.123950 loss_dfl: 2.945345 eta: 0:39:44 batch_cost: 0.4681 data_cost: 0.0029 ips: 8.5448 images/s, max_mem_reserved: 2161 MB, max_mem_allocated: 2011 MB
[09/22 00:09:26] ppdet.engine.callbacks INFO: Epoch: [31] [ 60/164] learning_rate: 0.002461 loss: 1.218018 loss_cls: 0.765689 loss_iou: 0.130871 loss_dfl: 2.897781 eta: 0:39:39 batch_cost: 0.4644 data_cost: 0.0027 ips: 8.6129 images/s, max_mem_reserved: 2161 MB, max_mem_allocated: 2011 MB
[09/22 00:09:31] ppdet.engine.callbacks INFO: Epoch: [31] [ 70/164] learning_rate: 0.002456 loss: 1.196796 loss_cls: 0.759747 loss_iou: 0.123813 loss_dfl: 2.383479 eta: 0:39:33 batch_cost: 0.4184 data_cost: 0.0031 ips: 9.5591 images/s, max_mem_reserved: 2161 MB, max_mem_allocated: 2011 MB
[09/22 00:09:36] ppdet.engine.callbacks INFO: Epoch: [31] [ 80/164] learning_rate: 0.002451 loss: 1.296379 loss_cls: 0.772125 loss_iou: 0.151422 loss_dfl: 2.770803 eta: 0:39:28 batch_cost: 0.5052 data_cost: 0.0029 ips: 7.9170 images/s, max_mem_reserved: 2161 MB, max_mem_allocated: 2011 MB
[09/22 00:09:41] ppdet.engine.callbacks INFO: Epoch: [31] [ 90/164] learning_rate: 0.002445 loss: 1.272019 loss_cls: 0.782260 loss_iou: 0.138190 loss_dfl: 2.926733 eta: 0:39:22 batch_cost: 0.4721 data_cost: 0.0028 ips: 8.4726 images/s, max_mem_reserved: 2161 MB, max_mem_allocated: 2011 MB
[09/22 00:09:47] ppdet.engine.callbacks INFO: Epoch: [31] [100/164] learning_rate: 0.002440 loss: 1.252374 loss_cls: 0.776533 loss_iou: 0.127981 loss_dfl: 2.870994 eta: 0:39:17 batch_cost: 0.4870 data_cost: 0.0030 ips: 8.2138 images/s, max_mem_reserved: 2161 MB, max_mem_allocated: 2011 MB
[09/22 00:09:51] ppdet.engine.callbacks INFO: Epoch: [31] [110/164] learning_rate: 0.002435 loss: 1.331210 loss_cls: 0.808342 loss_iou: 0.140449 loss_dfl: 2.792278 eta: 0:39:11 batch_cost: 0.4394 data_cost: 0.0027 ips: 9.1043 images/s, max_mem_reserved: 2161 MB, max_mem_allocated: 2011 MB
[09/22 00:09:56] ppdet.engine.callbacks INFO: Epoch: [31] [120/164] learning_rate: 0.002430 loss: 1.256524 loss_cls: 0.787799 loss_iou: 0.133749 loss_dfl: 2.660261 eta: 0:39:06 batch_cost: 0.4433 data_cost: 0.0026 ips: 9.0229 images/s, max_mem_reserved: 2161 MB, max_mem_allocated: 2011 MB
[09/22 00:10:01] ppdet.engine.callbacks INFO: Epoch: [31] [130/164] learning_rate: 0.002424 loss: 1.195334 loss_cls: 0.752660 loss_iou: 0.130009 loss_dfl: 2.484144 eta: 0:39:00 batch_cost: 0.4544 data_cost: 0.0028 ips: 8.8031 images/s, max_mem_reserved: 2161 MB, max_mem_allocated: 2011 MB
[09/22 00:10:06] ppdet.engine.callbacks INFO: Epoch: [31] [140/164] learning_rate: 0.002419 loss: 1.249586 loss_cls: 0.754686 loss_iou: 0.135011 loss_dfl: 2.966705 eta: 0:38:55 batch_cost: 0.4516 data_cost: 0.0031 ips: 8.8578 images/s, max_mem_reserved: 2161 MB, max_mem_allocated: 2011 MB
[09/22 00:10:11] ppdet.engine.callbacks INFO: Epoch: [31] [150/164] learning_rate: 0.002414 loss: 1.342300 loss_cls: 0.799645 loss_iou: 0.153066 loss_dfl: 3.118629 eta: 0:38:49 batch_cost: 0.4772 data_cost: 0.0029 ips: 8.3821 images/s, max_mem_reserved: 2161 MB, max_mem_allocated: 2011 MB
[09/22 00:10:16] ppdet.engine.callbacks INFO: Epoch: [31] [160/164] learning_rate: 0.002408 loss: 1.237527 loss_cls: 0.780679 loss_iou: 0.123058 loss_dfl: 2.790486 eta: 0:38:44 batch_cost: 0.4366 data_cost: 0.0025 ips: 9.1617 images/s, max_mem_reserved: 2161 MB, max_mem_allocated: 2011 MB
[09/22 00:10:18] ppdet.engine.callbacks INFO: Epoch: [32] [  0/164] learning_rate: 0.002406 loss: 1.237527 loss_cls: 0.771035 loss_iou: 0.122502 loss_dfl: 2.898451 eta: 0:38:42 batch_cost: 0.4761 data_cost: 0.0334 ips: 8.4019 images/s, max_mem_reserved: 2161 MB, max_mem_allocated: 2011 MB
[09/22 00:10:23] ppdet.engine.callbacks INFO: Epoch: [32] [ 10/164] learning_rate: 0.002401 loss: 1.251844 loss_cls: 0.776505 loss_iou: 0.134815 loss_dfl: 2.905220 eta: 0:38:36 batch_cost: 0.4626 data_cost: 0.0030 ips: 8.6469 images/s, max_mem_reserved: 2161 MB, max_mem_allocated: 2011 MB
[09/22 00:10:28] ppdet.engine.callbacks INFO: Epoch: [32] [ 20/164] learning_rate: 0.002396 loss: 1.243250 loss_cls: 0.783634 loss_iou: 0.133382 loss_dfl: 2.796780 eta: 0:38:31 batch_cost: 0.4343 data_cost: 0.0013 ips: 9.2092 images/s, max_mem_reserved: 2161 MB, max_mem_allocated: 2011 MB
[09/22 00:10:33] ppdet.engine.callbacks INFO: Epoch: [32] [ 30/164] learning_rate: 0.002390 loss: 1.286455 loss_cls: 0.785364 loss_iou: 0.143044 loss_dfl: 2.813151 eta: 0:38:26 batch_cost: 0.4828 data_cost: 0.0014 ips: 8.2853 images/s, max_mem_reserved: 2161 MB, max_mem_allocated: 2011 MB
[09/22 00:10:39] ppdet.engine.callbacks INFO: Epoch: [32] [ 40/164] learning_rate: 0.002385 loss: 1.281414 loss_cls: 0.765807 loss_iou: 0.139904 loss_dfl: 2.842094 eta: 0:38:20 batch_cost: 0.4796 data_cost: 0.0016 ips: 8.3406 images/s, max_mem_reserved: 2161 MB, max_mem_allocated: 2011 MB
[09/22 00:10:44] ppdet.engine.callbacks INFO: Epoch: [32] [ 50/164] learning_rate: 0.002380 loss: 1.236661 loss_cls: 0.751219 loss_iou: 0.131091 loss_dfl: 3.018512 eta: 0:38:15 batch_cost: 0.4776 data_cost: 0.0020 ips: 8.3749 images/s, max_mem_reserved: 2161 MB, max_mem_allocated: 2011 MB
[09/22 00:10:49] ppdet.engine.callbacks INFO: Epoch: [32] [ 60/164] learning_rate: 0.002375 loss: 1.262620 loss_cls: 0.774871 loss_iou: 0.134539 loss_dfl: 2.946717 eta: 0:38:10 batch_cost: 0.4694 data_cost: 0.0022 ips: 8.5221 images/s, max_mem_reserved: 2161 MB, max_mem_allocated: 2011 MB
[09/22 00:10:54] ppdet.engine.callbacks INFO: Epoch: [32] [ 70/164] learning_rate: 0.002369 loss: 1.290464 loss_cls: 0.797275 loss_iou: 0.137039 loss_dfl: 2.959803 eta: 0:38:04 batch_cost: 0.4476 data_cost: 0.0026 ips: 8.9359 images/s, max_mem_reserved: 2161 MB, max_mem_allocated: 2011 MB
[09/22 00:10:59] ppdet.engine.callbacks INFO: Epoch: [32] [ 80/164] learning_rate: 0.002364 loss: 1.239811 loss_cls: 0.770079 loss_iou: 0.130554 loss_dfl: 2.830022 eta: 0:37:59 batch_cost: 0.4478 data_cost: 0.0025 ips: 8.9329 images/s, max_mem_reserved: 2161 MB, max_mem_allocated: 2011 MB
[09/22 00:11:04] ppdet.engine.callbacks INFO: Epoch: [32] [ 90/164] learning_rate: 0.002359 loss: 1.285499 loss_cls: 0.776415 loss_iou: 0.148517 loss_dfl: 2.618010 eta: 0:37:53 batch_cost: 0.4541 data_cost: 0.0028 ips: 8.8086 images/s, max_mem_reserved: 2161 MB, max_mem_allocated: 2011 MB
[09/22 00:11:08] ppdet.engine.callbacks INFO: Epoch: [32] [100/164] learning_rate: 0.002353 loss: 1.231072 loss_cls: 0.780353 loss_iou: 0.132717 loss_dfl: 2.742514 eta: 0:37:48 batch_cost: 0.4543 data_cost: 0.0022 ips: 8.8056 images/s, max_mem_reserved: 2161 MB, max_mem_allocated: 2011 MB
[09/22 00:11:14] ppdet.engine.callbacks INFO: Epoch: [32] [110/164] learning_rate: 0.002348 loss: 1.281724 loss_cls: 0.784953 loss_iou: 0.139848 loss_dfl: 3.066476 eta: 0:37:42 batch_cost: 0.4816 data_cost: 0.0023 ips: 8.3051 images/s, max_mem_reserved: 2161 MB, max_mem_allocated: 2011 MB
[09/22 00:11:18] ppdet.engine.callbacks INFO: Epoch: [32] [120/164] learning_rate: 0.002343 loss: 1.252297 loss_cls: 0.763783 loss_iou: 0.135566 loss_dfl: 2.703324 eta: 0:37:37 batch_cost: 0.4427 data_cost: 0.0027 ips: 9.0363 images/s, max_mem_reserved: 2161 MB, max_mem_allocated: 2011 MB
[09/22 00:11:23] ppdet.engine.callbacks INFO: Epoch: [32] [130/164] learning_rate: 0.002337 loss: 1.278819 loss_cls: 0.786361 loss_iou: 0.139146 loss_dfl: 2.930362 eta: 0:37:31 batch_cost: 0.4432 data_cost: 0.0028 ips: 9.0258 images/s, max_mem_reserved: 2161 MB, max_mem_allocated: 2011 MB
[09/22 00:11:28] ppdet.engine.callbacks INFO: Epoch: [32] [140/164] learning_rate: 0.002332 loss: 1.274737 loss_cls: 0.783379 loss_iou: 0.142437 loss_dfl: 2.877985 eta: 0:37:26 batch_cost: 0.4679 data_cost: 0.0023 ips: 8.5490 images/s, max_mem_reserved: 2161 MB, max_mem_allocated: 2011 MB
[09/22 00:11:33] ppdet.engine.callbacks INFO: Epoch: [32] [150/164] learning_rate: 0.002327 loss: 1.204383 loss_cls: 0.784146 loss_iou: 0.122501 loss_dfl: 2.368041 eta: 0:37:20 batch_cost: 0.4486 data_cost: 0.0025 ips: 8.9175 images/s, max_mem_reserved: 2161 MB, max_mem_allocated: 2011 MB
[09/22 00:11:39] ppdet.engine.callbacks INFO: Epoch: [32] [160/164] learning_rate: 0.002321 loss: 1.305523 loss_cls: 0.792618 loss_iou: 0.139978 loss_dfl: 2.955776 eta: 0:37:15 batch_cost: 0.5140 data_cost: 0.0022 ips: 7.7824 images/s, max_mem_reserved: 2161 MB, max_mem_allocated: 2011 MB
[09/22 00:11:41] ppdet.engine.callbacks INFO: Epoch: [33] [  0/164] learning_rate: 0.002319 loss: 1.255547 loss_cls: 0.792618 loss_iou: 0.137016 loss_dfl: 2.899466 eta: 0:37:13 batch_cost: 0.5263 data_cost: 0.0385 ips: 7.6002 images/s, max_mem_reserved: 2161 MB, max_mem_allocated: 2011 MB
[09/22 00:11:46] ppdet.engine.callbacks INFO: Epoch: [33] [ 10/164] learning_rate: 0.002314 loss: 1.201441 loss_cls: 0.754116 loss_iou: 0.120499 loss_dfl: 2.605153 eta: 0:37:08 batch_cost: 0.4294 data_cost: 0.0011 ips: 9.3160 images/s, max_mem_reserved: 2161 MB, max_mem_allocated: 2011 MB
[09/22 00:11:51] ppdet.engine.callbacks INFO: Epoch: [33] [ 20/164] learning_rate: 0.002308 loss: 1.252661 loss_cls: 0.766853 loss_iou: 0.139767 loss_dfl: 2.617424 eta: 0:37:02 batch_cost: 0.4681 data_cost: 0.0017 ips: 8.5457 images/s, max_mem_reserved: 2161 MB, max_mem_allocated: 2011 MB
[09/22 00:11:56] ppdet.engine.callbacks INFO: Epoch: [33] [ 30/164] learning_rate: 0.002303 loss: 1.256836 loss_cls: 0.770622 loss_iou: 0.133131 loss_dfl: 2.963924 eta: 0:36:57 batch_cost: 0.4396 data_cost: 0.0027 ips: 9.0996 images/s, max_mem_reserved: 2161 MB, max_mem_allocated: 2011 MB
[09/22 00:12:01] ppdet.engine.callbacks INFO: Epoch: [33] [ 40/164] learning_rate: 0.002298 loss: 1.252009 loss_cls: 0.782219 loss_iou: 0.134270 loss_dfl: 2.854780 eta: 0:36:52 batch_cost: 0.4927 data_cost: 0.0028 ips: 8.1191 images/s, max_mem_reserved: 2161 MB, max_mem_allocated: 2011 MB
[09/22 00:12:06] ppdet.engine.callbacks INFO: Epoch: [33] [ 50/164] learning_rate: 0.002292 loss: 1.243897 loss_cls: 0.756402 loss_iou: 0.131509 loss_dfl: 2.985752 eta: 0:36:46 batch_cost: 0.4390 data_cost: 0.0023 ips: 9.1124 images/s, max_mem_reserved: 2161 MB, max_mem_allocated: 2011 MB
[09/22 00:12:11] ppdet.engine.callbacks INFO: Epoch: [33] [ 60/164] learning_rate: 0.002287 loss: 1.263097 loss_cls: 0.773674 loss_iou: 0.138439 loss_dfl: 2.682007 eta: 0:36:41 batch_cost: 0.4416 data_cost: 0.0023 ips: 9.0570 images/s, max_mem_reserved: 2161 MB, max_mem_allocated: 2011 MB
[09/22 00:12:16] ppdet.engine.callbacks INFO: Epoch: [33] [ 70/164] learning_rate: 0.002282 loss: 1.253693 loss_cls: 0.763453 loss_iou: 0.136569 loss_dfl: 2.762902 eta: 0:36:35 batch_cost: 0.4743 data_cost: 0.0025 ips: 8.4327 images/s, max_mem_reserved: 2161 MB, max_mem_allocated: 2011 MB
[09/22 00:12:21] ppdet.engine.callbacks INFO: Epoch: [33] [ 80/164] learning_rate: 0.002276 loss: 1.252757 loss_cls: 0.766139 loss_iou: 0.138712 loss_dfl: 2.906157 eta: 0:36:30 batch_cost: 0.4877 data_cost: 0.0026 ips: 8.2015 images/s, max_mem_reserved: 2161 MB, max_mem_allocated: 2011 MB
[09/22 00:12:26] ppdet.engine.callbacks INFO: Epoch: [33] [ 90/164] learning_rate: 0.002271 loss: 1.242167 loss_cls: 0.761648 loss_iou: 0.126128 loss_dfl: 2.615659 eta: 0:36:25 batch_cost: 0.4715 data_cost: 0.0026 ips: 8.4827 images/s, max_mem_reserved: 2161 MB, max_mem_allocated: 2011 MB
[09/22 00:12:31] ppdet.engine.callbacks INFO: Epoch: [33] [100/164] learning_rate: 0.002266 loss: 1.274466 loss_cls: 0.788422 loss_iou: 0.145192 loss_dfl: 2.914727 eta: 0:36:20 batch_cost: 0.4563 data_cost: 0.0028 ips: 8.7670 images/s, max_mem_reserved: 2161 MB, max_mem_allocated: 2011 MB
[09/22 00:12:37] ppdet.engine.callbacks INFO: Epoch: [33] [110/164] learning_rate: 0.002260 loss: 1.277653 loss_cls: 0.782428 loss_iou: 0.138388 loss_dfl: 3.064526 eta: 0:36:14 batch_cost: 0.4992 data_cost: 0.0025 ips: 8.0135 images/s, max_mem_reserved: 2161 MB, max_mem_allocated: 2011 MB
[09/22 00:12:42] ppdet.engine.callbacks INFO: Epoch: [33] [120/164] learning_rate: 0.002255 loss: 1.218109 loss_cls: 0.753686 loss_iou: 0.134788 loss_dfl: 2.626925 eta: 0:36:09 batch_cost: 0.4356 data_cost: 0.0024 ips: 9.1826 images/s, max_mem_reserved: 2161 MB, max_mem_allocated: 2011 MB
[09/22 00:12:46] ppdet.engine.callbacks INFO: Epoch: [33] [130/164] learning_rate: 0.002249 loss: 1.246781 loss_cls: 0.750743 loss_iou: 0.135124 loss_dfl: 2.858123 eta: 0:36:03 batch_cost: 0.4376 data_cost: 0.0029 ips: 9.1399 images/s, max_mem_reserved: 2161 MB, max_mem_allocated: 2011 MB
[09/22 00:12:52] ppdet.engine.callbacks INFO: Epoch: [33] [140/164] learning_rate: 0.002244 loss: 1.282791 loss_cls: 0.752433 loss_iou: 0.142176 loss_dfl: 3.047435 eta: 0:35:58 batch_cost: 0.5230 data_cost: 0.0030 ips: 7.6486 images/s, max_mem_reserved: 2161 MB, max_mem_allocated: 2011 MB
[09/22 00:12:57] ppdet.engine.callbacks INFO: Epoch: [33] [150/164] learning_rate: 0.002239 loss: 1.254126 loss_cls: 0.749222 loss_iou: 0.142762 loss_dfl: 2.923932 eta: 0:35:53 batch_cost: 0.4980 data_cost: 0.0027 ips: 8.0317 images/s, max_mem_reserved: 2161 MB, max_mem_allocated: 2011 MB
[09/22 00:13:02] ppdet.engine.callbacks INFO: Epoch: [33] [160/164] learning_rate: 0.002233 loss: 1.308831 loss_cls: 0.794969 loss_iou: 0.140253 loss_dfl: 2.598660 eta: 0:35:48 batch_cost: 0.4538 data_cost: 0.0028 ips: 8.8135 images/s, max_mem_reserved: 2161 MB, max_mem_allocated: 2011 MB
[09/22 00:13:05] ppdet.engine.callbacks INFO: Epoch: [34] [  0/164] learning_rate: 0.002231 loss: 1.285251 loss_cls: 0.800743 loss_iou: 0.136639 loss_dfl: 2.670932 eta: 0:35:46 batch_cost: 0.5075 data_cost: 0.0381 ips: 7.8823 images/s, max_mem_reserved: 2161 MB, max_mem_allocated: 2011 MB
[09/22 00:13:10] ppdet.engine.callbacks INFO: Epoch: [34] [ 10/164] learning_rate: 0.002226 loss: 1.304676 loss_cls: 0.761576 loss_iou: 0.141062 loss_dfl: 2.802683 eta: 0:35:41 batch_cost: 0.4809 data_cost: 0.0011 ips: 8.3169 images/s, max_mem_reserved: 2161 MB, max_mem_allocated: 2011 MB
[09/22 00:13:15] ppdet.engine.callbacks INFO: Epoch: [34] [ 20/164] learning_rate: 0.002220 loss: 1.251387 loss_cls: 0.774608 loss_iou: 0.131144 loss_dfl: 2.955226 eta: 0:35:36 batch_cost: 0.4617 data_cost: 0.0015 ips: 8.6642 images/s, max_mem_reserved: 2161 MB, max_mem_allocated: 2011 MB
[09/22 00:13:20] ppdet.engine.callbacks INFO: Epoch: [34] [ 30/164] learning_rate: 0.002215 loss: 1.309650 loss_cls: 0.793756 loss_iou: 0.139856 loss_dfl: 3.048885 eta: 0:35:30 batch_cost: 0.4617 data_cost: 0.0021 ips: 8.6634 images/s, max_mem_reserved: 2161 MB, max_mem_allocated: 2011 MB
[09/22 00:13:25] ppdet.engine.callbacks INFO: Epoch: [34] [ 40/164] learning_rate: 0.002210 loss: 1.301882 loss_cls: 0.799002 loss_iou: 0.141109 loss_dfl: 2.731662 eta: 0:35:25 batch_cost: 0.4873 data_cost: 0.0021 ips: 8.2089 images/s, max_mem_reserved: 2161 MB, max_mem_allocated: 2011 MB
[09/22 00:13:30] ppdet.engine.callbacks INFO: Epoch: [34] [ 50/164] learning_rate: 0.002204 loss: 1.238923 loss_cls: 0.784749 loss_iou: 0.127664 loss_dfl: 2.736217 eta: 0:35:20 batch_cost: 0.4471 data_cost: 0.0022 ips: 8.9475 images/s, max_mem_reserved: 2161 MB, max_mem_allocated: 2011 MB
[09/22 00:13:35] ppdet.engine.callbacks INFO: Epoch: [34] [ 60/164] learning_rate: 0.002199 loss: 1.191663 loss_cls: 0.765400 loss_iou: 0.121852 loss_dfl: 2.527248 eta: 0:35:14 batch_cost: 0.4605 data_cost: 0.0025 ips: 8.6870 images/s, max_mem_reserved: 2161 MB, max_mem_allocated: 2011 MB
[09/22 00:13:40] ppdet.engine.callbacks INFO: Epoch: [34] [ 70/164] learning_rate: 0.002193 loss: 1.262532 loss_cls: 0.746126 loss_iou: 0.134017 loss_dfl: 3.136479 eta: 0:35:09 batch_cost: 0.4736 data_cost: 0.0024 ips: 8.4462 images/s, max_mem_reserved: 2161 MB, max_mem_allocated: 2011 MB
[09/22 00:13:46] ppdet.engine.callbacks INFO: Epoch: [34] [ 80/164] learning_rate: 0.002188 loss: 1.192923 loss_cls: 0.744752 loss_iou: 0.122575 loss_dfl: 2.829150 eta: 0:35:04 batch_cost: 0.4777 data_cost: 0.0026 ips: 8.3727 images/s, max_mem_reserved: 2161 MB, max_mem_allocated: 2011 MB
[09/22 00:13:51] ppdet.engine.callbacks INFO: Epoch: [34] [ 90/164] learning_rate: 0.002183 loss: 1.204346 loss_cls: 0.746128 loss_iou: 0.133222 loss_dfl: 2.761887 eta: 0:34:59 batch_cost: 0.4632 data_cost: 0.0023 ips: 8.6347 images/s, max_mem_reserved: 2161 MB, max_mem_allocated: 2011 MB
[09/22 00:13:56] ppdet.engine.callbacks INFO: Epoch: [34] [100/164] learning_rate: 0.002177 loss: 1.274395 loss_cls: 0.770288 loss_iou: 0.133108 loss_dfl: 3.085760 eta: 0:34:53 batch_cost: 0.4776 data_cost: 0.0025 ips: 8.3749 images/s, max_mem_reserved: 2161 MB, max_mem_allocated: 2011 MB
[09/22 00:14:01] ppdet.engine.callbacks INFO: Epoch: [34] [110/164] learning_rate: 0.002172 loss: 1.264204 loss_cls: 0.761853 loss_iou: 0.138082 loss_dfl: 2.732549 eta: 0:34:48 batch_cost: 0.4423 data_cost: 0.0024 ips: 9.0438 images/s, max_mem_reserved: 2161 MB, max_mem_allocated: 2011 MB
[09/22 00:14:05] ppdet.engine.callbacks INFO: Epoch: [34] [120/164] learning_rate: 0.002167 loss: 1.208503 loss_cls: 0.749886 loss_iou: 0.129262 loss_dfl: 2.582373 eta: 0:34:42 batch_cost: 0.4518 data_cost: 0.0021 ips: 8.8534 images/s, max_mem_reserved: 2161 MB, max_mem_allocated: 2011 MB
[09/22 00:14:10] ppdet.engine.callbacks INFO: Epoch: [34] [130/164] learning_rate: 0.002161 loss: 1.254480 loss_cls: 0.753453 loss_iou: 0.138876 loss_dfl: 2.765914 eta: 0:34:37 batch_cost: 0.4584 data_cost: 0.0024 ips: 8.7255 images/s, max_mem_reserved: 2161 MB, max_mem_allocated: 2011 MB
[09/22 00:14:15] ppdet.engine.callbacks INFO: Epoch: [34] [140/164] learning_rate: 0.002156 loss: 1.266583 loss_cls: 0.777124 loss_iou: 0.147117 loss_dfl: 3.029672 eta: 0:34:32 batch_cost: 0.4657 data_cost: 0.0023 ips: 8.5893 images/s, max_mem_reserved: 2161 MB, max_mem_allocated: 2011 MB
[09/22 00:14:20] ppdet.engine.callbacks INFO: Epoch: [34] [150/164] learning_rate: 0.002150 loss: 1.233341 loss_cls: 0.785270 loss_iou: 0.132588 loss_dfl: 2.747819 eta: 0:34:26 batch_cost: 0.4388 data_cost: 0.0028 ips: 9.1152 images/s, max_mem_reserved: 2161 MB, max_mem_allocated: 2011 MB
[09/22 00:14:25] ppdet.engine.callbacks INFO: Epoch: [34] [160/164] learning_rate: 0.002145 loss: 1.232336 loss_cls: 0.793517 loss_iou: 0.135961 loss_dfl: 2.697538 eta: 0:34:21 batch_cost: 0.4595 data_cost: 0.0025 ips: 8.7050 images/s, max_mem_reserved: 2161 MB, max_mem_allocated: 2011 MB
[09/22 00:14:27] ppdet.utils.checkpoint INFO: Save checkpoint: output_extra
[09/22 00:14:28] ppdet.engine.callbacks INFO: Eval iter: 0
[09/22 00:14:35] ppdet.metrics.metrics INFO: Accumulating evaluatation results...
[09/22 00:14:35] ppdet.metrics.metrics INFO: mAP(0.50, 11point) = 88.58%
[09/22 00:14:35] ppdet.engine.callbacks INFO: Total sample number: 100, average FPS: 13.198867371287408
[09/22 00:14:35] ppdet.engine INFO: Best test bbox ap is 0.890.
[09/22 00:14:36] ppdet.engine.callbacks INFO: Epoch: [35] [  0/164] learning_rate: 0.002143 loss: 1.232336 loss_cls: 0.777034 loss_iou: 0.134609 loss_dfl: 2.768035 eta: 0:34:19 batch_cost: 0.4912 data_cost: 0.0025 ips: 8.1436 images/s, max_mem_reserved: 2161 MB, max_mem_allocated: 2011 MB
[09/22 00:14:40] ppdet.engine.callbacks INFO: Epoch: [35] [ 10/164] learning_rate: 0.002137 loss: 1.154127 loss_cls: 0.753420 loss_iou: 0.114793 loss_dfl: 2.402448 eta: 0:34:13 batch_cost: 0.4265 data_cost: 0.0026 ips: 9.3785 images/s, max_mem_reserved: 2161 MB, max_mem_allocated: 2011 MB
[09/22 00:14:46] ppdet.engine.callbacks INFO: Epoch: [35] [ 20/164] learning_rate: 0.002132 loss: 1.270004 loss_cls: 0.765627 loss_iou: 0.146381 loss_dfl: 2.842524 eta: 0:34:08 batch_cost: 0.4854 data_cost: 0.0034 ips: 8.2403 images/s, max_mem_reserved: 2161 MB, max_mem_allocated: 2011 MB
[09/22 00:14:50] ppdet.engine.callbacks INFO: Epoch: [35] [ 30/164] learning_rate: 0.002127 loss: 1.232514 loss_cls: 0.783132 loss_iou: 0.134998 loss_dfl: 2.881107 eta: 0:34:03 batch_cost: 0.4294 data_cost: 0.0026 ips: 9.3149 images/s, max_mem_reserved: 2161 MB, max_mem_allocated: 2011 MB
[09/22 00:14:56] ppdet.engine.callbacks INFO: Epoch: [35] [ 40/164] learning_rate: 0.002121 loss: 1.267333 loss_cls: 0.780993 loss_iou: 0.130251 loss_dfl: 2.665545 eta: 0:33:58 batch_cost: 0.4922 data_cost: 0.0027 ips: 8.1273 images/s, max_mem_reserved: 2161 MB, max_mem_allocated: 2011 MB
[09/22 00:15:01] ppdet.engine.callbacks INFO: Epoch: [35] [ 50/164] learning_rate: 0.002116 loss: 1.159334 loss_cls: 0.718046 loss_iou: 0.121338 loss_dfl: 2.596685 eta: 0:33:52 batch_cost: 0.4546 data_cost: 0.0025 ips: 8.7991 images/s, max_mem_reserved: 2161 MB, max_mem_allocated: 2011 MB
[09/22 00:15:06] ppdet.engine.callbacks INFO: Epoch: [35] [ 60/164] learning_rate: 0.002110 loss: 1.301704 loss_cls: 0.794073 loss_iou: 0.140948 loss_dfl: 2.899732 eta: 0:33:47 batch_cost: 0.4901 data_cost: 0.0026 ips: 8.1618 images/s, max_mem_reserved: 2161 MB, max_mem_allocated: 2011 MB
[09/22 00:15:11] ppdet.engine.callbacks INFO: Epoch: [35] [ 70/164] learning_rate: 0.002105 loss: 1.279570 loss_cls: 0.786068 loss_iou: 0.136868 loss_dfl: 2.807513 eta: 0:33:42 batch_cost: 0.4710 data_cost: 0.0022 ips: 8.4930 images/s, max_mem_reserved: 2161 MB, max_mem_allocated: 2011 MB
[09/22 00:15:16] ppdet.engine.callbacks INFO: Epoch: [35] [ 80/164] learning_rate: 0.002100 loss: 1.251665 loss_cls: 0.765972 loss_iou: 0.138581 loss_dfl: 2.785375 eta: 0:33:37 batch_cost: 0.5114 data_cost: 0.0024 ips: 7.8215 images/s, max_mem_reserved: 2161 MB, max_mem_allocated: 2011 MB
[09/22 00:15:22] ppdet.engine.callbacks INFO: Epoch: [35] [ 90/164] learning_rate: 0.002094 loss: 1.245117 loss_cls: 0.770982 loss_iou: 0.134316 loss_dfl: 2.808104 eta: 0:33:32 batch_cost: 0.4858 data_cost: 0.0025 ips: 8.2344 images/s, max_mem_reserved: 2161 MB, max_mem_allocated: 2011 MB
[09/22 00:15:27] ppdet.engine.callbacks INFO: Epoch: [35] [100/164] learning_rate: 0.002089 loss: 1.245000 loss_cls: 0.763856 loss_iou: 0.133634 loss_dfl: 2.911148 eta: 0:33:27 batch_cost: 0.4537 data_cost: 0.0035 ips: 8.8158 images/s, max_mem_reserved: 2161 MB, max_mem_allocated: 2011 MB
[09/22 00:15:32] ppdet.engine.callbacks INFO: Epoch: [35] [110/164] learning_rate: 0.002083 loss: 1.216859 loss_cls: 0.762519 loss_iou: 0.122242 loss_dfl: 3.019582 eta: 0:33:21 batch_cost: 0.4684 data_cost: 0.0027 ips: 8.5396 images/s, max_mem_reserved: 2161 MB, max_mem_allocated: 2011 MB
[09/22 00:15:37] ppdet.engine.callbacks INFO: Epoch: [35] [120/164] learning_rate: 0.002078 loss: 1.298346 loss_cls: 0.817053 loss_iou: 0.143779 loss_dfl: 2.671258 eta: 0:33:16 batch_cost: 0.4653 data_cost: 0.0024 ips: 8.5966 images/s, max_mem_reserved: 2161 MB, max_mem_allocated: 2011 MB
[09/22 00:15:42] ppdet.engine.callbacks INFO: Epoch: [35] [130/164] learning_rate: 0.002073 loss: 1.293708 loss_cls: 0.782021 loss_iou: 0.137929 loss_dfl: 2.841944 eta: 0:33:11 batch_cost: 0.4951 data_cost: 0.0023 ips: 8.0789 images/s, max_mem_reserved: 2161 MB, max_mem_allocated: 2011 MB
[09/22 00:15:47] ppdet.engine.callbacks INFO: Epoch: [35] [140/164] learning_rate: 0.002067 loss: 1.231823 loss_cls: 0.754336 loss_iou: 0.132324 loss_dfl: 2.839771 eta: 0:33:06 batch_cost: 0.4831 data_cost: 0.0027 ips: 8.2802 images/s, max_mem_reserved: 2161 MB, max_mem_allocated: 2011 MB
[09/22 00:15:52] ppdet.engine.callbacks INFO: Epoch: [35] [150/164] learning_rate: 0.002062 loss: 1.259674 loss_cls: 0.762249 loss_iou: 0.129043 loss_dfl: 2.502894 eta: 0:33:00 batch_cost: 0.4254 data_cost: 0.0028 ips: 9.4034 images/s, max_mem_reserved: 2161 MB, max_mem_allocated: 2011 MB
[09/22 00:15:58] ppdet.engine.callbacks INFO: Epoch: [35] [160/164] learning_rate: 0.002056 loss: 1.326192 loss_cls: 0.789481 loss_iou: 0.142967 loss_dfl: 2.927701 eta: 0:32:55 batch_cost: 0.5257 data_cost: 0.0027 ips: 7.6094 images/s, max_mem_reserved: 2161 MB, max_mem_allocated: 2011 MB
[09/22 00:16:00] ppdet.engine.callbacks INFO: Epoch: [36] [  0/164] learning_rate: 0.002054 loss: 1.284443 loss_cls: 0.778519 loss_iou: 0.141981 loss_dfl: 2.645027 eta: 0:32:53 batch_cost: 0.5311 data_cost: 0.0333 ips: 7.5314 images/s, max_mem_reserved: 2161 MB, max_mem_allocated: 2011 MB
[09/22 00:16:05] ppdet.engine.callbacks INFO: Epoch: [36] [ 10/164] learning_rate: 0.002049 loss: 1.217415 loss_cls: 0.765054 loss_iou: 0.128968 loss_dfl: 2.637823 eta: 0:32:48 batch_cost: 0.4563 data_cost: 0.0009 ips: 8.7669 images/s, max_mem_reserved: 2161 MB, max_mem_allocated: 2011 MB
[09/22 00:16:10] ppdet.engine.callbacks INFO: Epoch: [36] [ 20/164] learning_rate: 0.002043 loss: 1.204552 loss_cls: 0.761865 loss_iou: 0.132746 loss_dfl: 2.695034 eta: 0:32:43 batch_cost: 0.4465 data_cost: 0.0010 ips: 8.9576 images/s, max_mem_reserved: 2161 MB, max_mem_allocated: 2011 MB
[09/22 00:16:15] ppdet.engine.callbacks INFO: Epoch: [36] [ 30/164] learning_rate: 0.002038 loss: 1.248211 loss_cls: 0.770973 loss_iou: 0.133883 loss_dfl: 2.738448 eta: 0:32:38 batch_cost: 0.4580 data_cost: 0.0022 ips: 8.7335 images/s, max_mem_reserved: 2161 MB, max_mem_allocated: 2011 MB
[09/22 00:16:20] ppdet.engine.callbacks INFO: Epoch: [36] [ 40/164] learning_rate: 0.002032 loss: 1.242822 loss_cls: 0.754635 loss_iou: 0.135169 loss_dfl: 2.908603 eta: 0:32:32 batch_cost: 0.4580 data_cost: 0.0020 ips: 8.7329 images/s, max_mem_reserved: 2161 MB, max_mem_allocated: 2011 MB
[09/22 00:16:25] ppdet.engine.callbacks INFO: Epoch: [36] [ 50/164] learning_rate: 0.002027 loss: 1.224684 loss_cls: 0.749011 loss_iou: 0.131145 loss_dfl: 2.837270 eta: 0:32:27 batch_cost: 0.4859 data_cost: 0.0033 ips: 8.2316 images/s, max_mem_reserved: 2161 MB, max_mem_allocated: 2011 MB
[09/22 00:16:30] ppdet.engine.callbacks INFO: Epoch: [36] [ 60/164] learning_rate: 0.002022 loss: 1.272222 loss_cls: 0.766450 loss_iou: 0.143278 loss_dfl: 2.872380 eta: 0:32:22 batch_cost: 0.5005 data_cost: 0.0025 ips: 7.9924 images/s, max_mem_reserved: 2161 MB, max_mem_allocated: 2011 MB
[09/22 00:16:36] ppdet.engine.callbacks INFO: Epoch: [36] [ 70/164] learning_rate: 0.002016 loss: 1.202780 loss_cls: 0.748125 loss_iou: 0.124758 loss_dfl: 2.646781 eta: 0:32:17 batch_cost: 0.4889 data_cost: 0.0027 ips: 8.1810 images/s, max_mem_reserved: 2161 MB, max_mem_allocated: 2011 MB
[09/22 00:16:41] ppdet.engine.callbacks INFO: Epoch: [36] [ 80/164] learning_rate: 0.002011 loss: 1.217675 loss_cls: 0.760117 loss_iou: 0.132918 loss_dfl: 2.598703 eta: 0:32:12 batch_cost: 0.4414 data_cost: 0.0022 ips: 9.0625 images/s, max_mem_reserved: 2161 MB, max_mem_allocated: 2011 MB
[09/22 00:16:45] ppdet.engine.callbacks INFO: Epoch: [36] [ 90/164] learning_rate: 0.002005 loss: 1.235621 loss_cls: 0.785374 loss_iou: 0.128603 loss_dfl: 2.468626 eta: 0:32:06 batch_cost: 0.4339 data_cost: 0.0021 ips: 9.2185 images/s, max_mem_reserved: 2161 MB, max_mem_allocated: 2011 MB
[09/22 00:16:50] ppdet.engine.callbacks INFO: Epoch: [36] [100/164] learning_rate: 0.002000 loss: 1.291283 loss_cls: 0.839160 loss_iou: 0.133540 loss_dfl: 2.570072 eta: 0:32:01 batch_cost: 0.4661 data_cost: 0.0026 ips: 8.5817 images/s, max_mem_reserved: 2161 MB, max_mem_allocated: 2011 MB
[09/22 00:16:56] ppdet.engine.callbacks INFO: Epoch: [36] [110/164] learning_rate: 0.001995 loss: 1.283817 loss_cls: 0.795231 loss_iou: 0.133955 loss_dfl: 2.832036 eta: 0:31:56 batch_cost: 0.4729 data_cost: 0.0031 ips: 8.4584 images/s, max_mem_reserved: 2161 MB, max_mem_allocated: 2011 MB
[09/22 00:17:01] ppdet.engine.callbacks INFO: Epoch: [36] [120/164] learning_rate: 0.001989 loss: 1.330583 loss_cls: 0.795032 loss_iou: 0.145757 loss_dfl: 3.082245 eta: 0:31:51 batch_cost: 0.5070 data_cost: 0.0027 ips: 7.8889 images/s, max_mem_reserved: 2161 MB, max_mem_allocated: 2011 MB
[09/22 00:17:06] ppdet.engine.callbacks INFO: Epoch: [36] [130/164] learning_rate: 0.001984 loss: 1.277381 loss_cls: 0.787328 loss_iou: 0.135560 loss_dfl: 2.874957 eta: 0:31:46 batch_cost: 0.4672 data_cost: 0.0027 ips: 8.5619 images/s, max_mem_reserved: 2161 MB, max_mem_allocated: 2011 MB
[09/22 00:17:11] ppdet.engine.callbacks INFO: Epoch: [36] [140/164] learning_rate: 0.001978 loss: 1.279677 loss_cls: 0.760780 loss_iou: 0.146658 loss_dfl: 3.118325 eta: 0:31:40 batch_cost: 0.4481 data_cost: 0.0023 ips: 8.9261 images/s, max_mem_reserved: 2161 MB, max_mem_allocated: 2011 MB
[09/22 00:17:16] ppdet.engine.callbacks INFO: Epoch: [36] [150/164] learning_rate: 0.001973 loss: 1.182699 loss_cls: 0.762361 loss_iou: 0.122213 loss_dfl: 2.404392 eta: 0:31:35 batch_cost: 0.4412 data_cost: 0.0030 ips: 9.0665 images/s, max_mem_reserved: 2161 MB, max_mem_allocated: 2011 MB
[09/22 00:17:21] ppdet.engine.callbacks INFO: Epoch: [36] [160/164] learning_rate: 0.001968 loss: 1.217356 loss_cls: 0.781805 loss_iou: 0.127941 loss_dfl: 2.635860 eta: 0:31:30 batch_cost: 0.4527 data_cost: 0.0016 ips: 8.8364 images/s, max_mem_reserved: 2161 MB, max_mem_allocated: 2011 MB
[09/22 00:17:23] ppdet.engine.callbacks INFO: Epoch: [37] [  0/164] learning_rate: 0.001965 loss: 1.288148 loss_cls: 0.799549 loss_iou: 0.144465 loss_dfl: 2.766305 eta: 0:31:28 batch_cost: 0.5003 data_cost: 0.0334 ips: 7.9958 images/s, max_mem_reserved: 2161 MB, max_mem_allocated: 2011 MB
[09/22 00:17:28] ppdet.engine.callbacks INFO: Epoch: [37] [ 10/164] learning_rate: 0.001960 loss: 1.218269 loss_cls: 0.769979 loss_iou: 0.121582 loss_dfl: 2.834735 eta: 0:31:22 batch_cost: 0.4500 data_cost: 0.0017 ips: 8.8880 images/s, max_mem_reserved: 2161 MB, max_mem_allocated: 2011 MB
[09/22 00:17:33] ppdet.engine.callbacks INFO: Epoch: [37] [ 20/164] learning_rate: 0.001955 loss: 1.254680 loss_cls: 0.783524 loss_iou: 0.132321 loss_dfl: 2.851360 eta: 0:31:17 batch_cost: 0.4463 data_cost: 0.0010 ips: 8.9631 images/s, max_mem_reserved: 2161 MB, max_mem_allocated: 2011 MB
[09/22 00:17:38] ppdet.engine.callbacks INFO: Epoch: [37] [ 30/164] learning_rate: 0.001949 loss: 1.294949 loss_cls: 0.795947 loss_iou: 0.139128 loss_dfl: 2.703944 eta: 0:31:12 batch_cost: 0.4930 data_cost: 0.0018 ips: 8.1137 images/s, max_mem_reserved: 2161 MB, max_mem_allocated: 2011 MB
[09/22 00:17:43] ppdet.engine.callbacks INFO: Epoch: [37] [ 40/164] learning_rate: 0.001944 loss: 1.206610 loss_cls: 0.750803 loss_iou: 0.130055 loss_dfl: 2.909238 eta: 0:31:07 batch_cost: 0.4543 data_cost: 0.0028 ips: 8.8047 images/s, max_mem_reserved: 2161 MB, max_mem_allocated: 2011 MB
[09/22 00:17:49] ppdet.engine.callbacks INFO: Epoch: [37] [ 50/164] learning_rate: 0.001938 loss: 1.283439 loss_cls: 0.789673 loss_iou: 0.142559 loss_dfl: 2.891940 eta: 0:31:02 batch_cost: 0.4951 data_cost: 0.0031 ips: 8.0793 images/s, max_mem_reserved: 2161 MB, max_mem_allocated: 2011 MB
[09/22 00:17:54] ppdet.engine.callbacks INFO: Epoch: [37] [ 60/164] learning_rate: 0.001933 loss: 1.221840 loss_cls: 0.747953 loss_iou: 0.132575 loss_dfl: 2.832422 eta: 0:30:56 batch_cost: 0.4393 data_cost: 0.0023 ips: 9.1045 images/s, max_mem_reserved: 2161 MB, max_mem_allocated: 2011 MB
[09/22 00:17:59] ppdet.engine.callbacks INFO: Epoch: [37] [ 70/164] learning_rate: 0.001927 loss: 1.287288 loss_cls: 0.775081 loss_iou: 0.146610 loss_dfl: 2.553133 eta: 0:30:51 batch_cost: 0.4856 data_cost: 0.0030 ips: 8.2374 images/s, max_mem_reserved: 2161 MB, max_mem_allocated: 2011 MB
[09/22 00:18:04] ppdet.engine.callbacks INFO: Epoch: [37] [ 80/164] learning_rate: 0.001922 loss: 1.181583 loss_cls: 0.753127 loss_iou: 0.127981 loss_dfl: 2.656922 eta: 0:30:46 batch_cost: 0.4456 data_cost: 0.0026 ips: 8.9776 images/s, max_mem_reserved: 2161 MB, max_mem_allocated: 2011 MB
[09/22 00:18:09] ppdet.engine.callbacks INFO: Epoch: [37] [ 90/164] learning_rate: 0.001917 loss: 1.187456 loss_cls: 0.755769 loss_iou: 0.122860 loss_dfl: 2.566201 eta: 0:30:41 batch_cost: 0.4594 data_cost: 0.0027 ips: 8.7073 images/s, max_mem_reserved: 2161 MB, max_mem_allocated: 2011 MB
[09/22 00:18:14] ppdet.engine.callbacks INFO: Epoch: [37] [100/164] learning_rate: 0.001911 loss: 1.221268 loss_cls: 0.757603 loss_iou: 0.129985 loss_dfl: 2.581084 eta: 0:30:35 batch_cost: 0.4759 data_cost: 0.0030 ips: 8.4051 images/s, max_mem_reserved: 2161 MB, max_mem_allocated: 2011 MB
[09/22 00:18:19] ppdet.engine.callbacks INFO: Epoch: [37] [110/164] learning_rate: 0.001906 loss: 1.300344 loss_cls: 0.792781 loss_iou: 0.145993 loss_dfl: 2.739937 eta: 0:30:30 batch_cost: 0.4464 data_cost: 0.0031 ips: 8.9608 images/s, max_mem_reserved: 2161 MB, max_mem_allocated: 2011 MB
[09/22 00:18:24] ppdet.engine.callbacks INFO: Epoch: [37] [120/164] learning_rate: 0.001900 loss: 1.281616 loss_cls: 0.767191 loss_iou: 0.142838 loss_dfl: 3.180829 eta: 0:30:25 batch_cost: 0.4476 data_cost: 0.0021 ips: 8.9371 images/s, max_mem_reserved: 2161 MB, max_mem_allocated: 2011 MB
[09/22 00:18:29] ppdet.engine.callbacks INFO: Epoch: [37] [130/164] learning_rate: 0.001895 loss: 1.255947 loss_cls: 0.772415 loss_iou: 0.138836 loss_dfl: 2.953057 eta: 0:30:20 batch_cost: 0.4922 data_cost: 0.0029 ips: 8.1274 images/s, max_mem_reserved: 2161 MB, max_mem_allocated: 2011 MB
[09/22 00:18:34] ppdet.engine.callbacks INFO: Epoch: [37] [140/164] learning_rate: 0.001890 loss: 1.215560 loss_cls: 0.769409 loss_iou: 0.124121 loss_dfl: 2.807192 eta: 0:30:15 batch_cost: 0.4541 data_cost: 0.0029 ips: 8.8095 images/s, max_mem_reserved: 2161 MB, max_mem_allocated: 2011 MB
[09/22 00:18:39] ppdet.engine.callbacks INFO: Epoch: [37] [150/164] learning_rate: 0.001884 loss: 1.255002 loss_cls: 0.771099 loss_iou: 0.138412 loss_dfl: 2.749578 eta: 0:30:09 batch_cost: 0.4536 data_cost: 0.0023 ips: 8.8189 images/s, max_mem_reserved: 2161 MB, max_mem_allocated: 2011 MB
[09/22 00:18:44] ppdet.engine.callbacks INFO: Epoch: [37] [160/164] learning_rate: 0.001879 loss: 1.300671 loss_cls: 0.811025 loss_iou: 0.137166 loss_dfl: 2.950624 eta: 0:30:04 batch_cost: 0.4572 data_cost: 0.0025 ips: 8.7496 images/s, max_mem_reserved: 2161 MB, max_mem_allocated: 2011 MB
[09/22 00:18:46] ppdet.engine.callbacks INFO: Epoch: [38] [  0/164] learning_rate: 0.001877 loss: 1.349423 loss_cls: 0.813397 loss_iou: 0.143700 loss_dfl: 3.015431 eta: 0:30:02 batch_cost: 0.5071 data_cost: 0.0391 ips: 7.8873 images/s, max_mem_reserved: 2161 MB, max_mem_allocated: 2011 MB
[09/22 00:18:52] ppdet.engine.callbacks INFO: Epoch: [38] [ 10/164] learning_rate: 0.001871 loss: 1.248903 loss_cls: 0.777523 loss_iou: 0.139528 loss_dfl: 2.922760 eta: 0:29:57 batch_cost: 0.4897 data_cost: 0.0012 ips: 8.1683 images/s, max_mem_reserved: 2161 MB, max_mem_allocated: 2011 MB
[09/22 00:18:57] ppdet.engine.callbacks INFO: Epoch: [38] [ 20/164] learning_rate: 0.001866 loss: 1.180875 loss_cls: 0.750388 loss_iou: 0.125816 loss_dfl: 2.600958 eta: 0:29:52 batch_cost: 0.4575 data_cost: 0.0021 ips: 8.7431 images/s, max_mem_reserved: 2161 MB, max_mem_allocated: 2011 MB
[09/22 00:19:02] ppdet.engine.callbacks INFO: Epoch: [38] [ 30/164] learning_rate: 0.001860 loss: 1.208887 loss_cls: 0.737307 loss_iou: 0.125353 loss_dfl: 2.777696 eta: 0:29:47 batch_cost: 0.4589 data_cost: 0.0020 ips: 8.7160 images/s, max_mem_reserved: 2161 MB, max_mem_allocated: 2011 MB
[09/22 00:19:07] ppdet.engine.callbacks INFO: Epoch: [38] [ 40/164] learning_rate: 0.001855 loss: 1.238247 loss_cls: 0.773279 loss_iou: 0.132210 loss_dfl: 2.654901 eta: 0:29:41 batch_cost: 0.4515 data_cost: 0.0026 ips: 8.8598 images/s, max_mem_reserved: 2161 MB, max_mem_allocated: 2011 MB
[09/22 00:19:11] ppdet.engine.callbacks INFO: Epoch: [38] [ 50/164] learning_rate: 0.001850 loss: 1.274569 loss_cls: 0.783221 loss_iou: 0.130439 loss_dfl: 2.528623 eta: 0:29:36 batch_cost: 0.4462 data_cost: 0.0025 ips: 8.9638 images/s, max_mem_reserved: 2161 MB, max_mem_allocated: 2011 MB
[09/22 00:19:17] ppdet.engine.callbacks INFO: Epoch: [38] [ 60/164] learning_rate: 0.001844 loss: 1.270012 loss_cls: 0.775798 loss_iou: 0.136852 loss_dfl: 2.764650 eta: 0:29:31 batch_cost: 0.5295 data_cost: 0.0027 ips: 7.5536 images/s, max_mem_reserved: 2161 MB, max_mem_allocated: 2011 MB
[09/22 00:19:22] ppdet.engine.callbacks INFO: Epoch: [38] [ 70/164] learning_rate: 0.001839 loss: 1.271930 loss_cls: 0.758415 loss_iou: 0.139546 loss_dfl: 2.860277 eta: 0:29:26 batch_cost: 0.4643 data_cost: 0.0026 ips: 8.6155 images/s, max_mem_reserved: 2161 MB, max_mem_allocated: 2011 MB
[09/22 00:19:27] ppdet.engine.callbacks INFO: Epoch: [38] [ 80/164] learning_rate: 0.001833 loss: 1.193123 loss_cls: 0.742953 loss_iou: 0.124812 loss_dfl: 2.646793 eta: 0:29:21 batch_cost: 0.4484 data_cost: 0.0021 ips: 8.9198 images/s, max_mem_reserved: 2161 MB, max_mem_allocated: 2011 MB
[09/22 00:19:33] ppdet.engine.callbacks INFO: Epoch: [38] [ 90/164] learning_rate: 0.001828 loss: 1.294367 loss_cls: 0.791852 loss_iou: 0.143635 loss_dfl: 2.803184 eta: 0:29:16 batch_cost: 0.4982 data_cost: 0.0023 ips: 8.0294 images/s, max_mem_reserved: 2161 MB, max_mem_allocated: 2011 MB
[09/22 00:19:38] ppdet.engine.callbacks INFO: Epoch: [38] [100/164] learning_rate: 0.001823 loss: 1.248519 loss_cls: 0.763802 loss_iou: 0.136255 loss_dfl: 2.879001 eta: 0:29:11 batch_cost: 0.5082 data_cost: 0.0028 ips: 7.8704 images/s, max_mem_reserved: 2161 MB, max_mem_allocated: 2011 MB
[09/22 00:19:43] ppdet.engine.callbacks INFO: Epoch: [38] [110/164] learning_rate: 0.001817 loss: 1.285757 loss_cls: 0.780397 loss_iou: 0.138867 loss_dfl: 3.164402 eta: 0:29:06 batch_cost: 0.4554 data_cost: 0.0029 ips: 8.7837 images/s, max_mem_reserved: 2161 MB, max_mem_allocated: 2011 MB
[09/22 00:19:48] ppdet.engine.callbacks INFO: Epoch: [38] [120/164] learning_rate: 0.001812 loss: 1.204558 loss_cls: 0.737249 loss_iou: 0.127755 loss_dfl: 2.722550 eta: 0:29:00 batch_cost: 0.4295 data_cost: 0.0027 ips: 9.3140 images/s, max_mem_reserved: 2161 MB, max_mem_allocated: 2011 MB
[09/22 00:19:52] ppdet.engine.callbacks INFO: Epoch: [38] [130/164] learning_rate: 0.001807 loss: 1.182872 loss_cls: 0.750747 loss_iou: 0.125235 loss_dfl: 2.491344 eta: 0:28:55 batch_cost: 0.4440 data_cost: 0.0050 ips: 9.0099 images/s, max_mem_reserved: 2161 MB, max_mem_allocated: 2011 MB
[09/22 00:19:57] ppdet.engine.callbacks INFO: Epoch: [38] [140/164] learning_rate: 0.001801 loss: 1.278009 loss_cls: 0.773484 loss_iou: 0.143049 loss_dfl: 2.686589 eta: 0:28:50 batch_cost: 0.4581 data_cost: 0.0036 ips: 8.7327 images/s, max_mem_reserved: 2161 MB, max_mem_allocated: 2011 MB
[09/22 00:20:02] ppdet.engine.callbacks INFO: Epoch: [38] [150/164] learning_rate: 0.001796 loss: 1.238835 loss_cls: 0.741226 loss_iou: 0.133274 loss_dfl: 2.730405 eta: 0:28:45 batch_cost: 0.4615 data_cost: 0.0026 ips: 8.6679 images/s, max_mem_reserved: 2161 MB, max_mem_allocated: 2011 MB
[09/22 00:20:07] ppdet.engine.callbacks INFO: Epoch: [38] [160/164] learning_rate: 0.001790 loss: 1.244331 loss_cls: 0.775354 loss_iou: 0.129471 loss_dfl: 2.911149 eta: 0:28:39 batch_cost: 0.4497 data_cost: 0.0026 ips: 8.8947 images/s, max_mem_reserved: 2161 MB, max_mem_allocated: 2011 MB
[09/22 00:20:10] ppdet.engine.callbacks INFO: Epoch: [39] [  0/164] learning_rate: 0.001788 loss: 1.200481 loss_cls: 0.733170 loss_iou: 0.131095 loss_dfl: 2.630055 eta: 0:28:38 batch_cost: 0.4871 data_cost: 0.0328 ips: 8.2116 images/s, max_mem_reserved: 2161 MB, max_mem_allocated: 2011 MB
[09/22 00:20:15] ppdet.engine.callbacks INFO: Epoch: [39] [ 10/164] learning_rate: 0.001783 loss: 1.211265 loss_cls: 0.774887 loss_iou: 0.132228 loss_dfl: 2.425186 eta: 0:28:32 batch_cost: 0.4443 data_cost: 0.0012 ips: 9.0035 images/s, max_mem_reserved: 2161 MB, max_mem_allocated: 2011 MB
[09/22 00:20:20] ppdet.engine.callbacks INFO: Epoch: [39] [ 20/164] learning_rate: 0.001777 loss: 1.230305 loss_cls: 0.773808 loss_iou: 0.127674 loss_dfl: 2.920298 eta: 0:28:27 batch_cost: 0.4663 data_cost: 0.0011 ips: 8.5782 images/s, max_mem_reserved: 2161 MB, max_mem_allocated: 2011 MB
[09/22 00:20:25] ppdet.engine.callbacks INFO: Epoch: [39] [ 30/164] learning_rate: 0.001772 loss: 1.262385 loss_cls: 0.799636 loss_iou: 0.134863 loss_dfl: 3.017842 eta: 0:28:22 batch_cost: 0.4653 data_cost: 0.0013 ips: 8.5963 images/s, max_mem_reserved: 2161 MB, max_mem_allocated: 2011 MB
[09/22 00:20:30] ppdet.engine.callbacks INFO: Epoch: [39] [ 40/164] learning_rate: 0.001767 loss: 1.271439 loss_cls: 0.788807 loss_iou: 0.134494 loss_dfl: 2.625402 eta: 0:28:17 batch_cost: 0.4457 data_cost: 0.0023 ips: 8.9744 images/s, max_mem_reserved: 2161 MB, max_mem_allocated: 2011 MB
[09/22 00:20:35] ppdet.engine.callbacks INFO: Epoch: [39] [ 50/164] learning_rate: 0.001761 loss: 1.233383 loss_cls: 0.772280 loss_iou: 0.129486 loss_dfl: 2.857000 eta: 0:28:12 batch_cost: 0.4941 data_cost: 0.0030 ips: 8.0955 images/s, max_mem_reserved: 2161 MB, max_mem_allocated: 2011 MB
[09/22 00:20:40] ppdet.engine.callbacks INFO: Epoch: [39] [ 60/164] learning_rate: 0.001756 loss: 1.242758 loss_cls: 0.781477 loss_iou: 0.127175 loss_dfl: 2.903733 eta: 0:28:06 batch_cost: 0.4547 data_cost: 0.0023 ips: 8.7972 images/s, max_mem_reserved: 2161 MB, max_mem_allocated: 2011 MB
[09/22 00:20:46] ppdet.engine.callbacks INFO: Epoch: [39] [ 70/164] learning_rate: 0.001751 loss: 1.283467 loss_cls: 0.786232 loss_iou: 0.148077 loss_dfl: 2.961071 eta: 0:28:01 batch_cost: 0.4953 data_cost: 0.0029 ips: 8.0752 images/s, max_mem_reserved: 2161 MB, max_mem_allocated: 2011 MB
[09/22 00:20:50] ppdet.engine.callbacks INFO: Epoch: [39] [ 80/164] learning_rate: 0.001745 loss: 1.178418 loss_cls: 0.766990 loss_iou: 0.122613 loss_dfl: 2.383639 eta: 0:27:56 batch_cost: 0.4600 data_cost: 0.0022 ips: 8.6960 images/s, max_mem_reserved: 2161 MB, max_mem_allocated: 2011 MB
[09/22 00:20:55] ppdet.engine.callbacks INFO: Epoch: [39] [ 90/164] learning_rate: 0.001740 loss: 1.194083 loss_cls: 0.740220 loss_iou: 0.125569 loss_dfl: 2.575336 eta: 0:27:51 batch_cost: 0.4375 data_cost: 0.0026 ips: 9.1428 images/s, max_mem_reserved: 2161 MB, max_mem_allocated: 2011 MB
[09/22 00:21:00] ppdet.engine.callbacks INFO: Epoch: [39] [100/164] learning_rate: 0.001734 loss: 1.239055 loss_cls: 0.743964 loss_iou: 0.135653 loss_dfl: 2.752462 eta: 0:27:46 batch_cost: 0.4439 data_cost: 0.0022 ips: 9.0112 images/s, max_mem_reserved: 2161 MB, max_mem_allocated: 2011 MB
[09/22 00:21:05] ppdet.engine.callbacks INFO: Epoch: [39] [110/164] learning_rate: 0.001729 loss: 1.188611 loss_cls: 0.759795 loss_iou: 0.125672 loss_dfl: 2.646070 eta: 0:27:41 batch_cost: 0.4655 data_cost: 0.0025 ips: 8.5927 images/s, max_mem_reserved: 2161 MB, max_mem_allocated: 2011 MB
[09/22 00:21:10] ppdet.engine.callbacks INFO: Epoch: [39] [120/164] learning_rate: 0.001724 loss: 1.257757 loss_cls: 0.755219 loss_iou: 0.144646 loss_dfl: 2.705307 eta: 0:27:35 batch_cost: 0.4510 data_cost: 0.0025 ips: 8.8687 images/s, max_mem_reserved: 2161 MB, max_mem_allocated: 2011 MB
[09/22 00:21:16] ppdet.engine.callbacks INFO: Epoch: [39] [130/164] learning_rate: 0.001718 loss: 1.284063 loss_cls: 0.753873 loss_iou: 0.140256 loss_dfl: 3.095377 eta: 0:27:30 batch_cost: 0.5099 data_cost: 0.0027 ips: 7.8452 images/s, max_mem_reserved: 2161 MB, max_mem_allocated: 2011 MB
[09/22 00:21:20] ppdet.engine.callbacks INFO: Epoch: [39] [140/164] learning_rate: 0.001713 loss: 1.256196 loss_cls: 0.748470 loss_iou: 0.128879 loss_dfl: 2.571199 eta: 0:27:25 batch_cost: 0.4348 data_cost: 0.0023 ips: 9.1987 images/s, max_mem_reserved: 2161 MB, max_mem_allocated: 2011 MB
[09/22 00:21:25] ppdet.engine.callbacks INFO: Epoch: [39] [150/164] learning_rate: 0.001708 loss: 1.219688 loss_cls: 0.757889 loss_iou: 0.127693 loss_dfl: 2.422549 eta: 0:27:20 batch_cost: 0.4663 data_cost: 0.0025 ips: 8.5779 images/s, max_mem_reserved: 2161 MB, max_mem_allocated: 2011 MB
[09/22 00:21:31] ppdet.engine.callbacks INFO: Epoch: [39] [160/164] learning_rate: 0.001702 loss: 1.228130 loss_cls: 0.751097 loss_iou: 0.129585 loss_dfl: 2.933585 eta: 0:27:15 batch_cost: 0.4791 data_cost: 0.0022 ips: 8.3486 images/s, max_mem_reserved: 2161 MB, max_mem_allocated: 2011 MB
[09/22 00:21:33] ppdet.utils.checkpoint INFO: Save checkpoint: output_extra
[09/22 00:21:34] ppdet.engine.callbacks INFO: Eval iter: 0
[09/22 00:21:40] ppdet.metrics.metrics INFO: Accumulating evaluatation results...
[09/22 00:21:40] ppdet.metrics.metrics INFO: mAP(0.50, 11point) = 88.80%
[09/22 00:21:40] ppdet.engine.callbacks INFO: Total sample number: 100, average FPS: 13.51245542888144
[09/22 00:21:40] ppdet.engine INFO: Best test bbox ap is 0.890.
[09/22 00:21:41] ppdet.engine.callbacks INFO: Epoch: [40] [  0/164] learning_rate: 0.001700 loss: 1.285535 loss_cls: 0.794871 loss_iou: 0.137352 loss_dfl: 3.055428 eta: 0:27:13 batch_cost: 0.4942 data_cost: 0.0021 ips: 8.0941 images/s, max_mem_reserved: 2161 MB, max_mem_allocated: 2011 MB
[09/22 00:21:46] ppdet.engine.callbacks INFO: Epoch: [40] [ 10/164] learning_rate: 0.001695 loss: 1.260502 loss_cls: 0.787885 loss_iou: 0.130316 loss_dfl: 2.820101 eta: 0:27:08 batch_cost: 0.4707 data_cost: 0.0038 ips: 8.4984 images/s, max_mem_reserved: 2161 MB, max_mem_allocated: 2011 MB
[09/22 00:21:51] ppdet.engine.callbacks INFO: Epoch: [40] [ 20/164] learning_rate: 0.001689 loss: 1.215992 loss_cls: 0.750132 loss_iou: 0.117105 loss_dfl: 2.666304 eta: 0:27:02 batch_cost: 0.4444 data_cost: 0.0033 ips: 9.0008 images/s, max_mem_reserved: 2161 MB, max_mem_allocated: 2011 MB
[09/22 00:21:55] ppdet.engine.callbacks INFO: Epoch: [40] [ 30/164] learning_rate: 0.001684 loss: 1.192298 loss_cls: 0.741866 loss_iou: 0.124236 loss_dfl: 2.534525 eta: 0:26:57 batch_cost: 0.4042 data_cost: 0.0028 ips: 9.8965 images/s, max_mem_reserved: 2161 MB, max_mem_allocated: 2011 MB
[09/22 00:22:00] ppdet.engine.callbacks INFO: Epoch: [40] [ 40/164] learning_rate: 0.001679 loss: 1.192186 loss_cls: 0.737567 loss_iou: 0.119522 loss_dfl: 2.713923 eta: 0:26:52 batch_cost: 0.4633 data_cost: 0.0025 ips: 8.6332 images/s, max_mem_reserved: 2161 MB, max_mem_allocated: 2011 MB
[09/22 00:22:05] ppdet.engine.callbacks INFO: Epoch: [40] [ 50/164] learning_rate: 0.001673 loss: 1.171315 loss_cls: 0.742766 loss_iou: 0.131717 loss_dfl: 2.594903 eta: 0:26:47 batch_cost: 0.4339 data_cost: 0.0030 ips: 9.2190 images/s, max_mem_reserved: 2161 MB, max_mem_allocated: 2011 MB
[09/22 00:22:10] ppdet.engine.callbacks INFO: Epoch: [40] [ 60/164] learning_rate: 0.001668 loss: 1.199390 loss_cls: 0.759087 loss_iou: 0.120353 loss_dfl: 2.356116 eta: 0:26:41 batch_cost: 0.4323 data_cost: 0.0025 ips: 9.2520 images/s, max_mem_reserved: 2161 MB, max_mem_allocated: 2011 MB
[09/22 00:22:15] ppdet.engine.callbacks INFO: Epoch: [40] [ 70/164] learning_rate: 0.001663 loss: 1.215374 loss_cls: 0.733868 loss_iou: 0.131914 loss_dfl: 2.906396 eta: 0:26:36 batch_cost: 0.4666 data_cost: 0.0027 ips: 8.5727 images/s, max_mem_reserved: 2161 MB, max_mem_allocated: 2011 MB
[09/22 00:22:20] ppdet.engine.callbacks INFO: Epoch: [40] [ 80/164] learning_rate: 0.001657 loss: 1.174970 loss_cls: 0.738442 loss_iou: 0.120176 loss_dfl: 2.884623 eta: 0:26:31 batch_cost: 0.4519 data_cost: 0.0026 ips: 8.8512 images/s, max_mem_reserved: 2161 MB, max_mem_allocated: 2011 MB
[09/22 00:22:25] ppdet.engine.callbacks INFO: Epoch: [40] [ 90/164] learning_rate: 0.001652 loss: 1.129498 loss_cls: 0.708606 loss_iou: 0.112919 loss_dfl: 2.412400 eta: 0:26:26 batch_cost: 0.4488 data_cost: 0.0028 ips: 8.9122 images/s, max_mem_reserved: 2161 MB, max_mem_allocated: 2011 MB
[09/22 00:22:29] ppdet.engine.callbacks INFO: Epoch: [40] [100/164] learning_rate: 0.001647 loss: 1.243143 loss_cls: 0.769174 loss_iou: 0.123918 loss_dfl: 3.107539 eta: 0:26:21 batch_cost: 0.4433 data_cost: 0.0026 ips: 9.0229 images/s, max_mem_reserved: 2161 MB, max_mem_allocated: 2011 MB
[09/22 00:22:34] ppdet.engine.callbacks INFO: Epoch: [40] [110/164] learning_rate: 0.001641 loss: 1.285275 loss_cls: 0.762940 loss_iou: 0.136745 loss_dfl: 3.174550 eta: 0:26:15 batch_cost: 0.4636 data_cost: 0.0023 ips: 8.6281 images/s, max_mem_reserved: 2161 MB, max_mem_allocated: 2011 MB
[09/22 00:22:40] ppdet.engine.callbacks INFO: Epoch: [40] [120/164] learning_rate: 0.001636 loss: 1.205029 loss_cls: 0.737019 loss_iou: 0.135169 loss_dfl: 2.803548 eta: 0:26:10 batch_cost: 0.4960 data_cost: 0.0026 ips: 8.0642 images/s, max_mem_reserved: 2161 MB, max_mem_allocated: 2011 MB
[09/22 00:22:45] ppdet.engine.callbacks INFO: Epoch: [40] [130/164] learning_rate: 0.001631 loss: 1.242562 loss_cls: 0.763762 loss_iou: 0.131031 loss_dfl: 2.693474 eta: 0:26:05 batch_cost: 0.4845 data_cost: 0.0025 ips: 8.2556 images/s, max_mem_reserved: 2161 MB, max_mem_allocated: 2011 MB
[09/22 00:22:50] ppdet.engine.callbacks INFO: Epoch: [40] [140/164] learning_rate: 0.001625 loss: 1.205775 loss_cls: 0.747695 loss_iou: 0.128036 loss_dfl: 2.639442 eta: 0:26:00 batch_cost: 0.4348 data_cost: 0.0025 ips: 9.1986 images/s, max_mem_reserved: 2161 MB, max_mem_allocated: 2011 MB
[09/22 00:22:55] ppdet.engine.callbacks INFO: Epoch: [40] [150/164] learning_rate: 0.001620 loss: 1.178384 loss_cls: 0.738480 loss_iou: 0.132540 loss_dfl: 2.564361 eta: 0:25:55 batch_cost: 0.4515 data_cost: 0.0022 ips: 8.8595 images/s, max_mem_reserved: 2161 MB, max_mem_allocated: 2011 MB
[09/22 00:23:00] ppdet.engine.callbacks INFO: Epoch: [40] [160/164] learning_rate: 0.001615 loss: 1.233809 loss_cls: 0.765444 loss_iou: 0.126901 loss_dfl: 2.782450 eta: 0:25:50 batch_cost: 0.4710 data_cost: 0.0023 ips: 8.4925 images/s, max_mem_reserved: 2161 MB, max_mem_allocated: 2011 MB
[09/22 00:23:02] ppdet.engine.callbacks INFO: Epoch: [41] [  0/164] learning_rate: 0.001613 loss: 1.207180 loss_cls: 0.759645 loss_iou: 0.132146 loss_dfl: 2.605745 eta: 0:25:48 batch_cost: 0.5092 data_cost: 0.0398 ips: 7.8559 images/s, max_mem_reserved: 2161 MB, max_mem_allocated: 2011 MB
[09/22 00:23:07] ppdet.engine.callbacks INFO: Epoch: [41] [ 10/164] learning_rate: 0.001607 loss: 1.234670 loss_cls: 0.759418 loss_iou: 0.126930 loss_dfl: 2.880449 eta: 0:25:43 batch_cost: 0.4439 data_cost: 0.0011 ips: 9.0119 images/s, max_mem_reserved: 2161 MB, max_mem_allocated: 2011 MB
[09/22 00:23:12] ppdet.engine.callbacks INFO: Epoch: [41] [ 20/164] learning_rate: 0.001602 loss: 1.219390 loss_cls: 0.750834 loss_iou: 0.123086 loss_dfl: 2.650709 eta: 0:25:37 batch_cost: 0.4296 data_cost: 0.0012 ips: 9.3118 images/s, max_mem_reserved: 2161 MB, max_mem_allocated: 2011 MB
[09/22 00:23:17] ppdet.engine.callbacks INFO: Epoch: [41] [ 30/164] learning_rate: 0.001597 loss: 1.264811 loss_cls: 0.758090 loss_iou: 0.144808 loss_dfl: 2.876831 eta: 0:25:32 batch_cost: 0.4671 data_cost: 0.0023 ips: 8.5639 images/s, max_mem_reserved: 2161 MB, max_mem_allocated: 2011 MB
[09/22 00:23:22] ppdet.engine.callbacks INFO: Epoch: [41] [ 40/164] learning_rate: 0.001592 loss: 1.257441 loss_cls: 0.803533 loss_iou: 0.133029 loss_dfl: 2.805127 eta: 0:25:27 batch_cost: 0.4646 data_cost: 0.0022 ips: 8.6093 images/s, max_mem_reserved: 2161 MB, max_mem_allocated: 2011 MB
[09/22 00:23:27] ppdet.engine.callbacks INFO: Epoch: [41] [ 50/164] learning_rate: 0.001586 loss: 1.199706 loss_cls: 0.733652 loss_iou: 0.122331 loss_dfl: 2.561570 eta: 0:25:22 batch_cost: 0.4353 data_cost: 0.0020 ips: 9.1884 images/s, max_mem_reserved: 2161 MB, max_mem_allocated: 2011 MB
[09/22 00:23:32] ppdet.engine.callbacks INFO: Epoch: [41] [ 60/164] learning_rate: 0.001581 loss: 1.205537 loss_cls: 0.735500 loss_iou: 0.126157 loss_dfl: 2.767009 eta: 0:25:17 batch_cost: 0.4825 data_cost: 0.0027 ips: 8.2900 images/s, max_mem_reserved: 2161 MB, max_mem_allocated: 2011 MB
[09/22 00:23:37] ppdet.engine.callbacks INFO: Epoch: [41] [ 70/164] learning_rate: 0.001576 loss: 1.242276 loss_cls: 0.765782 loss_iou: 0.131367 loss_dfl: 2.357270 eta: 0:25:12 batch_cost: 0.4861 data_cost: 0.0027 ips: 8.2294 images/s, max_mem_reserved: 2161 MB, max_mem_allocated: 2011 MB
[09/22 00:23:42] ppdet.engine.callbacks INFO: Epoch: [41] [ 80/164] learning_rate: 0.001570 loss: 1.171177 loss_cls: 0.740245 loss_iou: 0.121435 loss_dfl: 2.856361 eta: 0:25:07 batch_cost: 0.4483 data_cost: 0.0024 ips: 8.9228 images/s, max_mem_reserved: 2161 MB, max_mem_allocated: 2011 MB
[09/22 00:23:47] ppdet.engine.callbacks INFO: Epoch: [41] [ 90/164] learning_rate: 0.001565 loss: 1.257511 loss_cls: 0.776090 loss_iou: 0.127055 loss_dfl: 2.490588 eta: 0:25:02 batch_cost: 0.4231 data_cost: 0.0026 ips: 9.4547 images/s, max_mem_reserved: 2161 MB, max_mem_allocated: 2011 MB
[09/22 00:23:52] ppdet.engine.callbacks INFO: Epoch: [41] [100/164] learning_rate: 0.001560 loss: 1.260087 loss_cls: 0.764327 loss_iou: 0.137532 loss_dfl: 2.903364 eta: 0:24:56 batch_cost: 0.4762 data_cost: 0.0026 ips: 8.4003 images/s, max_mem_reserved: 2161 MB, max_mem_allocated: 2011 MB
[09/22 00:23:57] ppdet.engine.callbacks INFO: Epoch: [41] [110/164] learning_rate: 0.001555 loss: 1.295247 loss_cls: 0.772774 loss_iou: 0.145225 loss_dfl: 3.185940 eta: 0:24:51 batch_cost: 0.4918 data_cost: 0.0030 ips: 8.1333 images/s, max_mem_reserved: 2161 MB, max_mem_allocated: 2011 MB
[09/22 00:24:02] ppdet.engine.callbacks INFO: Epoch: [41] [120/164] learning_rate: 0.001549 loss: 1.249237 loss_cls: 0.787059 loss_iou: 0.129709 loss_dfl: 2.910194 eta: 0:24:46 batch_cost: 0.4605 data_cost: 0.0028 ips: 8.6861 images/s, max_mem_reserved: 2161 MB, max_mem_allocated: 2011 MB
[09/22 00:24:07] ppdet.engine.callbacks INFO: Epoch: [41] [130/164] learning_rate: 0.001544 loss: 1.226456 loss_cls: 0.752933 loss_iou: 0.131259 loss_dfl: 2.851878 eta: 0:24:41 batch_cost: 0.4299 data_cost: 0.0022 ips: 9.3046 images/s, max_mem_reserved: 2161 MB, max_mem_allocated: 2011 MB
[09/22 00:24:12] ppdet.engine.callbacks INFO: Epoch: [41] [140/164] learning_rate: 0.001539 loss: 1.306857 loss_cls: 0.778010 loss_iou: 0.146349 loss_dfl: 3.091125 eta: 0:24:36 batch_cost: 0.4538 data_cost: 0.0026 ips: 8.8147 images/s, max_mem_reserved: 2161 MB, max_mem_allocated: 2011 MB
[09/22 00:24:17] ppdet.engine.callbacks INFO: Epoch: [41] [150/164] learning_rate: 0.001533 loss: 1.218150 loss_cls: 0.757824 loss_iou: 0.136125 loss_dfl: 2.932074 eta: 0:24:31 batch_cost: 0.4602 data_cost: 0.0025 ips: 8.6926 images/s, max_mem_reserved: 2161 MB, max_mem_allocated: 2011 MB
[09/22 00:24:22] ppdet.engine.callbacks INFO: Epoch: [41] [160/164] learning_rate: 0.001528 loss: 1.192439 loss_cls: 0.760771 loss_iou: 0.124214 loss_dfl: 2.752595 eta: 0:24:26 batch_cost: 0.4892 data_cost: 0.0025 ips: 8.1766 images/s, max_mem_reserved: 2161 MB, max_mem_allocated: 2011 MB
[09/22 00:24:24] ppdet.engine.callbacks INFO: Epoch: [42] [  0/164] learning_rate: 0.001526 loss: 1.214542 loss_cls: 0.744730 loss_iou: 0.129057 loss_dfl: 2.605871 eta: 0:24:24 batch_cost: 0.5167 data_cost: 0.0396 ips: 7.7420 images/s, max_mem_reserved: 2161 MB, max_mem_allocated: 2011 MB
[09/22 00:24:30] ppdet.engine.callbacks INFO: Epoch: [42] [ 10/164] learning_rate: 0.001521 loss: 1.285613 loss_cls: 0.785024 loss_iou: 0.143100 loss_dfl: 2.795208 eta: 0:24:19 batch_cost: 0.4855 data_cost: 0.0039 ips: 8.2385 images/s, max_mem_reserved: 2161 MB, max_mem_allocated: 2011 MB
[09/22 00:24:35] ppdet.engine.callbacks INFO: Epoch: [42] [ 20/164] learning_rate: 0.001516 loss: 1.213850 loss_cls: 0.753740 loss_iou: 0.135314 loss_dfl: 2.909489 eta: 0:24:14 batch_cost: 0.4628 data_cost: 0.0014 ips: 8.6424 images/s, max_mem_reserved: 2161 MB, max_mem_allocated: 2011 MB
[09/22 00:24:40] ppdet.engine.callbacks INFO: Epoch: [42] [ 30/164] learning_rate: 0.001510 loss: 1.221913 loss_cls: 0.749202 loss_iou: 0.124206 loss_dfl: 2.958710 eta: 0:24:09 batch_cost: 0.4616 data_cost: 0.0021 ips: 8.6653 images/s, max_mem_reserved: 2161 MB, max_mem_allocated: 2011 MB
[09/22 00:24:45] ppdet.engine.callbacks INFO: Epoch: [42] [ 40/164] learning_rate: 0.001505 loss: 1.172641 loss_cls: 0.733243 loss_iou: 0.118569 loss_dfl: 2.561721 eta: 0:24:04 batch_cost: 0.4835 data_cost: 0.0020 ips: 8.2733 images/s, max_mem_reserved: 2161 MB, max_mem_allocated: 2011 MB
[09/22 00:24:50] ppdet.engine.callbacks INFO: Epoch: [42] [ 50/164] learning_rate: 0.001500 loss: 1.207810 loss_cls: 0.760130 loss_iou: 0.126808 loss_dfl: 2.701802 eta: 0:23:59 batch_cost: 0.4461 data_cost: 0.0023 ips: 8.9657 images/s, max_mem_reserved: 2161 MB, max_mem_allocated: 2011 MB
[09/22 00:24:55] ppdet.engine.callbacks INFO: Epoch: [42] [ 60/164] learning_rate: 0.001495 loss: 1.243627 loss_cls: 0.736925 loss_iou: 0.144058 loss_dfl: 2.767736 eta: 0:23:53 batch_cost: 0.4609 data_cost: 0.0027 ips: 8.6791 images/s, max_mem_reserved: 2161 MB, max_mem_allocated: 2011 MB
[09/22 00:25:00] ppdet.engine.callbacks INFO: Epoch: [42] [ 70/164] learning_rate: 0.001489 loss: 1.183087 loss_cls: 0.732224 loss_iou: 0.126324 loss_dfl: 2.843856 eta: 0:23:48 batch_cost: 0.4655 data_cost: 0.0022 ips: 8.5924 images/s, max_mem_reserved: 2161 MB, max_mem_allocated: 2011 MB
[09/22 00:25:05] ppdet.engine.callbacks INFO: Epoch: [42] [ 80/164] learning_rate: 0.001484 loss: 1.199414 loss_cls: 0.745687 loss_iou: 0.126046 loss_dfl: 2.863518 eta: 0:23:43 batch_cost: 0.5108 data_cost: 0.0027 ips: 7.8312 images/s, max_mem_reserved: 2161 MB, max_mem_allocated: 2011 MB
[09/22 00:25:10] ppdet.engine.callbacks INFO: Epoch: [42] [ 90/164] learning_rate: 0.001479 loss: 1.252887 loss_cls: 0.788184 loss_iou: 0.134091 loss_dfl: 2.774722 eta: 0:23:38 batch_cost: 0.4636 data_cost: 0.0029 ips: 8.6283 images/s, max_mem_reserved: 2161 MB, max_mem_allocated: 2011 MB
[09/22 00:25:16] ppdet.engine.callbacks INFO: Epoch: [42] [100/164] learning_rate: 0.001474 loss: 1.227738 loss_cls: 0.742629 loss_iou: 0.130135 loss_dfl: 2.816195 eta: 0:23:33 batch_cost: 0.4664 data_cost: 0.0025 ips: 8.5759 images/s, max_mem_reserved: 2161 MB, max_mem_allocated: 2011 MB
[09/22 00:25:21] ppdet.engine.callbacks INFO: Epoch: [42] [110/164] learning_rate: 0.001468 loss: 1.272222 loss_cls: 0.766585 loss_iou: 0.142612 loss_dfl: 3.015445 eta: 0:23:28 batch_cost: 0.4587 data_cost: 0.0022 ips: 8.7212 images/s, max_mem_reserved: 2161 MB, max_mem_allocated: 2011 MB
[09/22 00:25:25] ppdet.engine.callbacks INFO: Epoch: [42] [120/164] learning_rate: 0.001463 loss: 1.322014 loss_cls: 0.773021 loss_iou: 0.141186 loss_dfl: 3.121979 eta: 0:23:23 batch_cost: 0.4559 data_cost: 0.0023 ips: 8.7731 images/s, max_mem_reserved: 2161 MB, max_mem_allocated: 2011 MB
[09/22 00:25:31] ppdet.engine.callbacks INFO: Epoch: [42] [130/164] learning_rate: 0.001458 loss: 1.254462 loss_cls: 0.761367 loss_iou: 0.132290 loss_dfl: 2.833182 eta: 0:23:18 batch_cost: 0.5044 data_cost: 0.0026 ips: 7.9301 images/s, max_mem_reserved: 2161 MB, max_mem_allocated: 2011 MB
[09/22 00:25:36] ppdet.engine.callbacks INFO: Epoch: [42] [140/164] learning_rate: 0.001453 loss: 1.207485 loss_cls: 0.739633 loss_iou: 0.130281 loss_dfl: 2.996595 eta: 0:23:13 batch_cost: 0.4506 data_cost: 0.0023 ips: 8.8779 images/s, max_mem_reserved: 2161 MB, max_mem_allocated: 2011 MB
[09/22 00:25:41] ppdet.engine.callbacks INFO: Epoch: [42] [150/164] learning_rate: 0.001448 loss: 1.257870 loss_cls: 0.741384 loss_iou: 0.145754 loss_dfl: 2.975699 eta: 0:23:08 batch_cost: 0.5010 data_cost: 0.0028 ips: 7.9832 images/s, max_mem_reserved: 2161 MB, max_mem_allocated: 2011 MB
[09/22 00:25:46] ppdet.engine.callbacks INFO: Epoch: [42] [160/164] learning_rate: 0.001442 loss: 1.186411 loss_cls: 0.754213 loss_iou: 0.131561 loss_dfl: 2.607696 eta: 0:23:03 batch_cost: 0.4697 data_cost: 0.0029 ips: 8.5169 images/s, max_mem_reserved: 2161 MB, max_mem_allocated: 2011 MB
[09/22 00:25:49] ppdet.engine.callbacks INFO: Epoch: [43] [  0/164] learning_rate: 0.001440 loss: 1.186411 loss_cls: 0.741215 loss_iou: 0.130216 loss_dfl: 2.749215 eta: 0:23:01 batch_cost: 0.5034 data_cost: 0.0344 ips: 7.9453 images/s, max_mem_reserved: 2161 MB, max_mem_allocated: 2011 MB
[09/22 00:25:54] ppdet.engine.callbacks INFO: Epoch: [43] [ 10/164] learning_rate: 0.001435 loss: 1.196304 loss_cls: 0.746038 loss_iou: 0.123874 loss_dfl: 2.645156 eta: 0:22:56 batch_cost: 0.4914 data_cost: 0.0019 ips: 8.1396 images/s, max_mem_reserved: 2161 MB, max_mem_allocated: 2011 MB
[09/22 00:25:59] ppdet.engine.callbacks INFO: Epoch: [43] [ 20/164] learning_rate: 0.001430 loss: 1.205063 loss_cls: 0.737993 loss_iou: 0.125970 loss_dfl: 2.353141 eta: 0:22:51 batch_cost: 0.4215 data_cost: 0.0026 ips: 9.4888 images/s, max_mem_reserved: 2161 MB, max_mem_allocated: 2011 MB
[09/22 00:26:04] ppdet.engine.callbacks INFO: Epoch: [43] [ 30/164] learning_rate: 0.001425 loss: 1.261007 loss_cls: 0.769126 loss_iou: 0.141907 loss_dfl: 2.716651 eta: 0:22:46 batch_cost: 0.4688 data_cost: 0.0017 ips: 8.5321 images/s, max_mem_reserved: 2161 MB, max_mem_allocated: 2011 MB
[09/22 00:26:08] ppdet.engine.callbacks INFO: Epoch: [43] [ 40/164] learning_rate: 0.001420 loss: 1.204595 loss_cls: 0.750883 loss_iou: 0.131747 loss_dfl: 2.480752 eta: 0:22:41 batch_cost: 0.4173 data_cost: 0.0023 ips: 9.5866 images/s, max_mem_reserved: 2161 MB, max_mem_allocated: 2011 MB
[09/22 00:26:13] ppdet.engine.callbacks INFO: Epoch: [43] [ 50/164] learning_rate: 0.001414 loss: 1.183440 loss_cls: 0.748725 loss_iou: 0.123457 loss_dfl: 2.709394 eta: 0:22:35 batch_cost: 0.4680 data_cost: 0.0025 ips: 8.5462 images/s, max_mem_reserved: 2161 MB, max_mem_allocated: 2011 MB
[09/22 00:26:19] ppdet.engine.callbacks INFO: Epoch: [43] [ 60/164] learning_rate: 0.001409 loss: 1.184949 loss_cls: 0.731319 loss_iou: 0.132077 loss_dfl: 2.969119 eta: 0:22:31 batch_cost: 0.4972 data_cost: 0.0028 ips: 8.0447 images/s, max_mem_reserved: 2161 MB, max_mem_allocated: 2011 MB
[09/22 00:26:24] ppdet.engine.callbacks INFO: Epoch: [43] [ 70/164] learning_rate: 0.001404 loss: 1.241907 loss_cls: 0.743973 loss_iou: 0.140466 loss_dfl: 2.874627 eta: 0:22:26 batch_cost: 0.5195 data_cost: 0.0032 ips: 7.6995 images/s, max_mem_reserved: 2161 MB, max_mem_allocated: 2011 MB
[09/22 00:26:29] ppdet.engine.callbacks INFO: Epoch: [43] [ 80/164] learning_rate: 0.001399 loss: 1.193414 loss_cls: 0.736100 loss_iou: 0.130845 loss_dfl: 2.482524 eta: 0:22:21 batch_cost: 0.4674 data_cost: 0.0023 ips: 8.5573 images/s, max_mem_reserved: 2161 MB, max_mem_allocated: 2011 MB
[09/22 00:26:35] ppdet.engine.callbacks INFO: Epoch: [43] [ 90/164] learning_rate: 0.001394 loss: 1.202029 loss_cls: 0.745260 loss_iou: 0.122163 loss_dfl: 2.856434 eta: 0:22:16 batch_cost: 0.4759 data_cost: 0.0025 ips: 8.4059 images/s, max_mem_reserved: 2161 MB, max_mem_allocated: 2011 MB
[09/22 00:26:39] ppdet.engine.callbacks INFO: Epoch: [43] [100/164] learning_rate: 0.001389 loss: 1.261522 loss_cls: 0.768137 loss_iou: 0.131168 loss_dfl: 2.923652 eta: 0:22:10 batch_cost: 0.4465 data_cost: 0.0025 ips: 8.9582 images/s, max_mem_reserved: 2161 MB, max_mem_allocated: 2011 MB
[09/22 00:26:45] ppdet.engine.callbacks INFO: Epoch: [43] [110/164] learning_rate: 0.001383 loss: 1.214231 loss_cls: 0.750592 loss_iou: 0.127951 loss_dfl: 2.666023 eta: 0:22:06 batch_cost: 0.5011 data_cost: 0.0023 ips: 7.9830 images/s, max_mem_reserved: 2161 MB, max_mem_allocated: 2011 MB
[09/22 00:26:50] ppdet.engine.callbacks INFO: Epoch: [43] [120/164] learning_rate: 0.001378 loss: 1.173406 loss_cls: 0.728131 loss_iou: 0.122482 loss_dfl: 2.825390 eta: 0:22:00 batch_cost: 0.4366 data_cost: 0.0023 ips: 9.1623 images/s, max_mem_reserved: 2161 MB, max_mem_allocated: 2011 MB
[09/22 00:26:54] ppdet.engine.callbacks INFO: Epoch: [43] [130/164] learning_rate: 0.001373 loss: 1.171848 loss_cls: 0.730130 loss_iou: 0.119390 loss_dfl: 2.469274 eta: 0:21:55 batch_cost: 0.4412 data_cost: 0.0028 ips: 9.0669 images/s, max_mem_reserved: 2161 MB, max_mem_allocated: 2011 MB
[09/22 00:26:59] ppdet.engine.callbacks INFO: Epoch: [43] [140/164] learning_rate: 0.001368 loss: 1.248660 loss_cls: 0.793704 loss_iou: 0.133123 loss_dfl: 2.764483 eta: 0:21:50 batch_cost: 0.4478 data_cost: 0.0025 ips: 8.9319 images/s, max_mem_reserved: 2161 MB, max_mem_allocated: 2011 MB
[09/22 00:27:04] ppdet.engine.callbacks INFO: Epoch: [43] [150/164] learning_rate: 0.001363 loss: 1.171749 loss_cls: 0.744664 loss_iou: 0.126367 loss_dfl: 2.530546 eta: 0:21:45 batch_cost: 0.4483 data_cost: 0.0024 ips: 8.9234 images/s, max_mem_reserved: 2161 MB, max_mem_allocated: 2011 MB
[09/22 00:27:09] ppdet.engine.callbacks INFO: Epoch: [43] [160/164] learning_rate: 0.001358 loss: 1.193387 loss_cls: 0.741446 loss_iou: 0.124824 loss_dfl: 2.718714 eta: 0:21:40 batch_cost: 0.4776 data_cost: 0.0028 ips: 8.3745 images/s, max_mem_reserved: 2161 MB, max_mem_allocated: 2011 MB
[09/22 00:27:12] ppdet.engine.callbacks INFO: Epoch: [44] [  0/164] learning_rate: 0.001356 loss: 1.218475 loss_cls: 0.739271 loss_iou: 0.129342 loss_dfl: 3.002350 eta: 0:21:38 batch_cost: 0.5124 data_cost: 0.0347 ips: 7.8063 images/s, max_mem_reserved: 2161 MB, max_mem_allocated: 2011 MB
[09/22 00:27:17] ppdet.engine.callbacks INFO: Epoch: [44] [ 10/164] learning_rate: 0.001351 loss: 1.237967 loss_cls: 0.743392 loss_iou: 0.127387 loss_dfl: 3.055896 eta: 0:21:33 batch_cost: 0.4579 data_cost: 0.0046 ips: 8.7355 images/s, max_mem_reserved: 2161 MB, max_mem_allocated: 2011 MB
[09/22 00:27:21] ppdet.engine.callbacks INFO: Epoch: [44] [ 20/164] learning_rate: 0.001345 loss: 1.175395 loss_cls: 0.759324 loss_iou: 0.118695 loss_dfl: 2.212568 eta: 0:21:28 batch_cost: 0.4354 data_cost: 0.0016 ips: 9.1876 images/s, max_mem_reserved: 2161 MB, max_mem_allocated: 2011 MB
[09/22 00:27:27] ppdet.engine.callbacks INFO: Epoch: [44] [ 30/164] learning_rate: 0.001340 loss: 1.238616 loss_cls: 0.771566 loss_iou: 0.132159 loss_dfl: 2.663096 eta: 0:21:23 batch_cost: 0.4606 data_cost: 0.0022 ips: 8.6848 images/s, max_mem_reserved: 2161 MB, max_mem_allocated: 2011 MB
[09/22 00:27:32] ppdet.engine.callbacks INFO: Epoch: [44] [ 40/164] learning_rate: 0.001335 loss: 1.162904 loss_cls: 0.741021 loss_iou: 0.121255 loss_dfl: 2.553139 eta: 0:21:18 batch_cost: 0.4677 data_cost: 0.0028 ips: 8.5523 images/s, max_mem_reserved: 2161 MB, max_mem_allocated: 2011 MB
[09/22 00:27:37] ppdet.engine.callbacks INFO: Epoch: [44] [ 50/164] learning_rate: 0.001330 loss: 1.191882 loss_cls: 0.750305 loss_iou: 0.129122 loss_dfl: 2.608003 eta: 0:21:13 batch_cost: 0.4727 data_cost: 0.0030 ips: 8.4628 images/s, max_mem_reserved: 2161 MB, max_mem_allocated: 2011 MB
[09/22 00:27:42] ppdet.engine.callbacks INFO: Epoch: [44] [ 60/164] learning_rate: 0.001325 loss: 1.186844 loss_cls: 0.729358 loss_iou: 0.125420 loss_dfl: 2.987647 eta: 0:21:08 batch_cost: 0.4661 data_cost: 0.0027 ips: 8.5815 images/s, max_mem_reserved: 2161 MB, max_mem_allocated: 2011 MB
[09/22 00:27:47] ppdet.engine.callbacks INFO: Epoch: [44] [ 70/164] learning_rate: 0.001320 loss: 1.177687 loss_cls: 0.735620 loss_iou: 0.127370 loss_dfl: 2.701792 eta: 0:21:02 batch_cost: 0.4435 data_cost: 0.0027 ips: 9.0193 images/s, max_mem_reserved: 2161 MB, max_mem_allocated: 2011 MB
[09/22 00:27:52] ppdet.engine.callbacks INFO: Epoch: [44] [ 80/164] learning_rate: 0.001315 loss: 1.212258 loss_cls: 0.740484 loss_iou: 0.128079 loss_dfl: 2.913965 eta: 0:20:58 batch_cost: 0.4959 data_cost: 0.0029 ips: 8.0669 images/s, max_mem_reserved: 2161 MB, max_mem_allocated: 2011 MB
[09/22 00:27:57] ppdet.engine.callbacks INFO: Epoch: [44] [ 90/164] learning_rate: 0.001310 loss: 1.142718 loss_cls: 0.708149 loss_iou: 0.126558 loss_dfl: 2.768149 eta: 0:20:52 batch_cost: 0.4412 data_cost: 0.0026 ips: 9.0666 images/s, max_mem_reserved: 2161 MB, max_mem_allocated: 2011 MB
[09/22 00:28:02] ppdet.engine.callbacks INFO: Epoch: [44] [100/164] learning_rate: 0.001305 loss: 1.124677 loss_cls: 0.714989 loss_iou: 0.117418 loss_dfl: 2.657948 eta: 0:20:47 batch_cost: 0.4647 data_cost: 0.0026 ips: 8.6073 images/s, max_mem_reserved: 2161 MB, max_mem_allocated: 2011 MB
[09/22 00:28:06] ppdet.engine.callbacks INFO: Epoch: [44] [110/164] learning_rate: 0.001300 loss: 1.222110 loss_cls: 0.752042 loss_iou: 0.127385 loss_dfl: 2.753385 eta: 0:20:42 batch_cost: 0.4171 data_cost: 0.0025 ips: 9.5893 images/s, max_mem_reserved: 2161 MB, max_mem_allocated: 2011 MB
[09/22 00:28:12] ppdet.engine.callbacks INFO: Epoch: [44] [120/164] learning_rate: 0.001295 loss: 1.204580 loss_cls: 0.753873 loss_iou: 0.126976 loss_dfl: 2.675180 eta: 0:20:37 batch_cost: 0.4812 data_cost: 0.0022 ips: 8.3124 images/s, max_mem_reserved: 2161 MB, max_mem_allocated: 2011 MB
[09/22 00:28:17] ppdet.engine.callbacks INFO: Epoch: [44] [130/164] learning_rate: 0.001289 loss: 1.191734 loss_cls: 0.756650 loss_iou: 0.122059 loss_dfl: 2.362789 eta: 0:20:32 batch_cost: 0.4539 data_cost: 0.0028 ips: 8.8134 images/s, max_mem_reserved: 2161 MB, max_mem_allocated: 2011 MB
[09/22 00:28:22] ppdet.engine.callbacks INFO: Epoch: [44] [140/164] learning_rate: 0.001284 loss: 1.277464 loss_cls: 0.772307 loss_iou: 0.141740 loss_dfl: 2.925686 eta: 0:20:27 batch_cost: 0.4597 data_cost: 0.0026 ips: 8.7008 images/s, max_mem_reserved: 2161 MB, max_mem_allocated: 2011 MB
[09/22 00:28:27] ppdet.engine.callbacks INFO: Epoch: [44] [150/164] learning_rate: 0.001279 loss: 1.279520 loss_cls: 0.802135 loss_iou: 0.134745 loss_dfl: 2.857454 eta: 0:20:22 batch_cost: 0.4546 data_cost: 0.0027 ips: 8.7981 images/s, max_mem_reserved: 2161 MB, max_mem_allocated: 2011 MB
[09/22 00:28:32] ppdet.engine.callbacks INFO: Epoch: [44] [160/164] learning_rate: 0.001274 loss: 1.198884 loss_cls: 0.758774 loss_iou: 0.120777 loss_dfl: 2.708701 eta: 0:20:17 batch_cost: 0.4813 data_cost: 0.0027 ips: 8.3103 images/s, max_mem_reserved: 2161 MB, max_mem_allocated: 2011 MB
[09/22 00:28:34] ppdet.utils.checkpoint INFO: Save checkpoint: output_extra
[09/22 00:28:35] ppdet.engine.callbacks INFO: Eval iter: 0
[09/22 00:28:41] ppdet.metrics.metrics INFO: Accumulating evaluatation results...
[09/22 00:28:41] ppdet.metrics.metrics INFO: mAP(0.50, 11point) = 88.88%
[09/22 00:28:41] ppdet.engine.callbacks INFO: Total sample number: 100, average FPS: 14.127998201017075
[09/22 00:28:41] ppdet.engine INFO: Best test bbox ap is 0.890.
[09/22 00:28:42] ppdet.engine.callbacks INFO: Epoch: [45] [  0/164] learning_rate: 0.001272 loss: 1.185781 loss_cls: 0.734888 loss_iou: 0.124477 loss_dfl: 2.708701 eta: 0:20:15 batch_cost: 0.4849 data_cost: 0.0035 ips: 8.2494 images/s, max_mem_reserved: 2161 MB, max_mem_allocated: 2011 MB
[09/22 00:28:47] ppdet.engine.callbacks INFO: Epoch: [45] [ 10/164] learning_rate: 0.001267 loss: 1.279610 loss_cls: 0.763492 loss_iou: 0.137487 loss_dfl: 2.897313 eta: 0:20:10 batch_cost: 0.4949 data_cost: 0.0028 ips: 8.0832 images/s, max_mem_reserved: 2161 MB, max_mem_allocated: 2011 MB
[09/22 00:28:53] ppdet.engine.callbacks INFO: Epoch: [45] [ 20/164] learning_rate: 0.001262 loss: 1.286229 loss_cls: 0.767768 loss_iou: 0.144979 loss_dfl: 2.930731 eta: 0:20:05 batch_cost: 0.5240 data_cost: 0.0027 ips: 7.6338 images/s, max_mem_reserved: 2161 MB, max_mem_allocated: 2011 MB
[09/22 00:28:58] ppdet.engine.callbacks INFO: Epoch: [45] [ 30/164] learning_rate: 0.001257 loss: 1.240334 loss_cls: 0.769834 loss_iou: 0.129781 loss_dfl: 2.896055 eta: 0:20:00 batch_cost: 0.4854 data_cost: 0.0032 ips: 8.2412 images/s, max_mem_reserved: 2161 MB, max_mem_allocated: 2011 MB
[09/22 00:29:03] ppdet.engine.callbacks INFO: Epoch: [45] [ 40/164] learning_rate: 0.001252 loss: 1.127157 loss_cls: 0.737751 loss_iou: 0.116952 loss_dfl: 2.005280 eta: 0:19:55 batch_cost: 0.4576 data_cost: 0.0025 ips: 8.7421 images/s, max_mem_reserved: 2161 MB, max_mem_allocated: 2011 MB
[09/22 00:29:08] ppdet.engine.callbacks INFO: Epoch: [45] [ 50/164] learning_rate: 0.001247 loss: 1.206242 loss_cls: 0.746331 loss_iou: 0.115812 loss_dfl: 2.761799 eta: 0:19:50 batch_cost: 0.4537 data_cost: 0.0026 ips: 8.8160 images/s, max_mem_reserved: 2161 MB, max_mem_allocated: 2011 MB
[09/22 00:29:12] ppdet.engine.callbacks INFO: Epoch: [45] [ 60/164] learning_rate: 0.001242 loss: 1.206351 loss_cls: 0.744588 loss_iou: 0.132364 loss_dfl: 2.839101 eta: 0:19:45 batch_cost: 0.4337 data_cost: 0.0028 ips: 9.2229 images/s, max_mem_reserved: 2161 MB, max_mem_allocated: 2011 MB
[09/22 00:29:17] ppdet.engine.callbacks INFO: Epoch: [45] [ 70/164] learning_rate: 0.001237 loss: 1.173953 loss_cls: 0.728626 loss_iou: 0.125395 loss_dfl: 2.681985 eta: 0:19:40 batch_cost: 0.4458 data_cost: 0.0026 ips: 8.9727 images/s, max_mem_reserved: 2161 MB, max_mem_allocated: 2011 MB
[09/22 00:29:23] ppdet.engine.callbacks INFO: Epoch: [45] [ 80/164] learning_rate: 0.001232 loss: 1.219007 loss_cls: 0.768930 loss_iou: 0.128458 loss_dfl: 2.637619 eta: 0:19:35 batch_cost: 0.4856 data_cost: 0.0021 ips: 8.2365 images/s, max_mem_reserved: 2161 MB, max_mem_allocated: 2011 MB
[09/22 00:29:28] ppdet.engine.callbacks INFO: Epoch: [45] [ 90/164] learning_rate: 0.001227 loss: 1.207627 loss_cls: 0.742044 loss_iou: 0.140719 loss_dfl: 2.741023 eta: 0:19:30 batch_cost: 0.4602 data_cost: 0.0023 ips: 8.6924 images/s, max_mem_reserved: 2161 MB, max_mem_allocated: 2011 MB
[09/22 00:29:33] ppdet.engine.callbacks INFO: Epoch: [45] [100/164] learning_rate: 0.001222 loss: 1.245941 loss_cls: 0.748165 loss_iou: 0.141706 loss_dfl: 2.802678 eta: 0:19:25 batch_cost: 0.5077 data_cost: 0.0028 ips: 7.8792 images/s, max_mem_reserved: 2161 MB, max_mem_allocated: 2011 MB
[09/22 00:29:38] ppdet.engine.callbacks INFO: Epoch: [45] [110/164] learning_rate: 0.001217 loss: 1.225844 loss_cls: 0.761449 loss_iou: 0.125344 loss_dfl: 2.661815 eta: 0:19:20 batch_cost: 0.4821 data_cost: 0.0025 ips: 8.2969 images/s, max_mem_reserved: 2161 MB, max_mem_allocated: 2011 MB
[09/22 00:29:43] ppdet.engine.callbacks INFO: Epoch: [45] [120/164] learning_rate: 0.001212 loss: 1.165849 loss_cls: 0.724172 loss_iou: 0.121273 loss_dfl: 2.534477 eta: 0:19:15 batch_cost: 0.4655 data_cost: 0.0025 ips: 8.5922 images/s, max_mem_reserved: 2161 MB, max_mem_allocated: 2011 MB
[09/22 00:29:48] ppdet.engine.callbacks INFO: Epoch: [45] [130/164] learning_rate: 0.001207 loss: 1.161479 loss_cls: 0.722988 loss_iou: 0.118815 loss_dfl: 2.982458 eta: 0:19:10 batch_cost: 0.4521 data_cost: 0.0028 ips: 8.8468 images/s, max_mem_reserved: 2161 MB, max_mem_allocated: 2011 MB
[09/22 00:29:54] ppdet.engine.callbacks INFO: Epoch: [45] [140/164] learning_rate: 0.001202 loss: 1.169270 loss_cls: 0.737355 loss_iou: 0.125210 loss_dfl: 2.613693 eta: 0:19:05 batch_cost: 0.5097 data_cost: 0.0027 ips: 7.8478 images/s, max_mem_reserved: 2161 MB, max_mem_allocated: 2011 MB
[09/22 00:29:59] ppdet.engine.callbacks INFO: Epoch: [45] [150/164] learning_rate: 0.001197 loss: 1.159327 loss_cls: 0.732186 loss_iou: 0.119977 loss_dfl: 2.704849 eta: 0:19:00 batch_cost: 0.4678 data_cost: 0.0027 ips: 8.5512 images/s, max_mem_reserved: 2161 MB, max_mem_allocated: 2011 MB
[09/22 00:30:03] ppdet.engine.callbacks INFO: Epoch: [45] [160/164] learning_rate: 0.001192 loss: 1.149798 loss_cls: 0.709531 loss_iou: 0.116828 loss_dfl: 2.708372 eta: 0:18:55 batch_cost: 0.4193 data_cost: 0.0028 ips: 9.5396 images/s, max_mem_reserved: 2161 MB, max_mem_allocated: 2011 MB
[09/22 00:30:06] ppdet.engine.callbacks INFO: Epoch: [46] [  0/164] learning_rate: 0.001190 loss: 1.172328 loss_cls: 0.712040 loss_iou: 0.130344 loss_dfl: 2.820133 eta: 0:18:53 batch_cost: 0.4751 data_cost: 0.0382 ips: 8.4195 images/s, max_mem_reserved: 2161 MB, max_mem_allocated: 2011 MB
[09/22 00:30:11] ppdet.engine.callbacks INFO: Epoch: [46] [ 10/164] learning_rate: 0.001185 loss: 1.207672 loss_cls: 0.772969 loss_iou: 0.131539 loss_dfl: 2.874491 eta: 0:18:48 batch_cost: 0.4500 data_cost: 0.0015 ips: 8.8880 images/s, max_mem_reserved: 2161 MB, max_mem_allocated: 2011 MB
[09/22 00:30:15] ppdet.engine.callbacks INFO: Epoch: [46] [ 20/164] learning_rate: 0.001180 loss: 1.190004 loss_cls: 0.749408 loss_iou: 0.122082 loss_dfl: 2.682283 eta: 0:18:43 batch_cost: 0.4483 data_cost: 0.0012 ips: 8.9222 images/s, max_mem_reserved: 2161 MB, max_mem_allocated: 2011 MB
[09/22 00:30:20] ppdet.engine.callbacks INFO: Epoch: [46] [ 30/164] learning_rate: 0.001176 loss: 1.189723 loss_cls: 0.729869 loss_iou: 0.133230 loss_dfl: 2.678045 eta: 0:18:38 batch_cost: 0.4567 data_cost: 0.0018 ips: 8.7581 images/s, max_mem_reserved: 2161 MB, max_mem_allocated: 2011 MB
[09/22 00:30:26] ppdet.engine.callbacks INFO: Epoch: [46] [ 40/164] learning_rate: 0.001171 loss: 1.254868 loss_cls: 0.743307 loss_iou: 0.136397 loss_dfl: 2.976544 eta: 0:18:33 batch_cost: 0.4812 data_cost: 0.0023 ips: 8.3125 images/s, max_mem_reserved: 2161 MB, max_mem_allocated: 2011 MB
[09/22 00:30:31] ppdet.engine.callbacks INFO: Epoch: [46] [ 50/164] learning_rate: 0.001166 loss: 1.171842 loss_cls: 0.731461 loss_iou: 0.120811 loss_dfl: 2.687568 eta: 0:18:28 batch_cost: 0.4624 data_cost: 0.0028 ips: 8.6496 images/s, max_mem_reserved: 2161 MB, max_mem_allocated: 2011 MB
[09/22 00:30:36] ppdet.engine.callbacks INFO: Epoch: [46] [ 60/164] learning_rate: 0.001161 loss: 1.150459 loss_cls: 0.718749 loss_iou: 0.122242 loss_dfl: 2.857249 eta: 0:18:23 batch_cost: 0.4636 data_cost: 0.0025 ips: 8.6289 images/s, max_mem_reserved: 2161 MB, max_mem_allocated: 2011 MB
[09/22 00:30:41] ppdet.engine.callbacks INFO: Epoch: [46] [ 70/164] learning_rate: 0.001156 loss: 1.171567 loss_cls: 0.722175 loss_iou: 0.120314 loss_dfl: 2.948933 eta: 0:18:18 batch_cost: 0.4489 data_cost: 0.0029 ips: 8.9099 images/s, max_mem_reserved: 2161 MB, max_mem_allocated: 2011 MB
[09/22 00:30:46] ppdet.engine.callbacks INFO: Epoch: [46] [ 80/164] learning_rate: 0.001151 loss: 1.235110 loss_cls: 0.748758 loss_iou: 0.130437 loss_dfl: 2.931391 eta: 0:18:13 batch_cost: 0.5065 data_cost: 0.0028 ips: 7.8975 images/s, max_mem_reserved: 2161 MB, max_mem_allocated: 2011 MB
[09/22 00:30:51] ppdet.engine.callbacks INFO: Epoch: [46] [ 90/164] learning_rate: 0.001146 loss: 1.169995 loss_cls: 0.709308 loss_iou: 0.124656 loss_dfl: 2.675047 eta: 0:18:08 batch_cost: 0.4485 data_cost: 0.0027 ips: 8.9186 images/s, max_mem_reserved: 2161 MB, max_mem_allocated: 2011 MB
[09/22 00:30:56] ppdet.engine.callbacks INFO: Epoch: [46] [100/164] learning_rate: 0.001141 loss: 1.181683 loss_cls: 0.723870 loss_iou: 0.127855 loss_dfl: 2.851494 eta: 0:18:03 batch_cost: 0.4635 data_cost: 0.0028 ips: 8.6296 images/s, max_mem_reserved: 2161 MB, max_mem_allocated: 2011 MB
[09/22 00:31:01] ppdet.engine.callbacks INFO: Epoch: [46] [110/164] learning_rate: 0.001136 loss: 1.226627 loss_cls: 0.738279 loss_iou: 0.133007 loss_dfl: 2.964758 eta: 0:17:58 batch_cost: 0.4470 data_cost: 0.0023 ips: 8.9481 images/s, max_mem_reserved: 2161 MB, max_mem_allocated: 2011 MB
[09/22 00:31:06] ppdet.engine.callbacks INFO: Epoch: [46] [120/164] learning_rate: 0.001131 loss: 1.174652 loss_cls: 0.722384 loss_iou: 0.120998 loss_dfl: 2.828595 eta: 0:17:53 batch_cost: 0.4926 data_cost: 0.0026 ips: 8.1203 images/s, max_mem_reserved: 2161 MB, max_mem_allocated: 2011 MB
[09/22 00:31:12] ppdet.engine.callbacks INFO: Epoch: [46] [130/164] learning_rate: 0.001127 loss: 1.218261 loss_cls: 0.763877 loss_iou: 0.134876 loss_dfl: 2.600965 eta: 0:17:48 batch_cost: 0.4870 data_cost: 0.0025 ips: 8.2137 images/s, max_mem_reserved: 2161 MB, max_mem_allocated: 2011 MB
[09/22 00:31:16] ppdet.engine.callbacks INFO: Epoch: [46] [140/164] learning_rate: 0.001122 loss: 1.120458 loss_cls: 0.716105 loss_iou: 0.114878 loss_dfl: 2.373826 eta: 0:17:43 batch_cost: 0.4374 data_cost: 0.0031 ips: 9.1459 images/s, max_mem_reserved: 2161 MB, max_mem_allocated: 2011 MB
[09/22 00:31:21] ppdet.engine.callbacks INFO: Epoch: [46] [150/164] learning_rate: 0.001117 loss: 1.274247 loss_cls: 0.748838 loss_iou: 0.133061 loss_dfl: 3.032902 eta: 0:17:38 batch_cost: 0.4630 data_cost: 0.0023 ips: 8.6384 images/s, max_mem_reserved: 2161 MB, max_mem_allocated: 2011 MB
[09/22 00:31:27] ppdet.engine.callbacks INFO: Epoch: [46] [160/164] learning_rate: 0.001112 loss: 1.292372 loss_cls: 0.778475 loss_iou: 0.141495 loss_dfl: 2.808058 eta: 0:17:33 batch_cost: 0.4809 data_cost: 0.0021 ips: 8.3176 images/s, max_mem_reserved: 2161 MB, max_mem_allocated: 2011 MB
[09/22 00:31:29] ppdet.engine.callbacks INFO: Epoch: [47] [  0/164] learning_rate: 0.001110 loss: 1.225388 loss_cls: 0.767162 loss_iou: 0.130469 loss_dfl: 2.506237 eta: 0:17:31 batch_cost: 0.4804 data_cost: 0.0351 ips: 8.3267 images/s, max_mem_reserved: 2161 MB, max_mem_allocated: 2011 MB
[09/22 00:31:34] ppdet.engine.callbacks INFO: Epoch: [47] [ 10/164] learning_rate: 0.001105 loss: 1.142894 loss_cls: 0.733850 loss_iou: 0.115517 loss_dfl: 2.405035 eta: 0:17:26 batch_cost: 0.4568 data_cost: 0.0011 ips: 8.7562 images/s, max_mem_reserved: 2161 MB, max_mem_allocated: 2011 MB
[09/22 00:31:39] ppdet.engine.callbacks INFO: Epoch: [47] [ 20/164] learning_rate: 0.001100 loss: 1.148722 loss_cls: 0.716474 loss_iou: 0.132346 loss_dfl: 2.350115 eta: 0:17:21 batch_cost: 0.4611 data_cost: 0.0020 ips: 8.6753 images/s, max_mem_reserved: 2161 MB, max_mem_allocated: 2011 MB
[09/22 00:31:44] ppdet.engine.callbacks INFO: Epoch: [47] [ 30/164] learning_rate: 0.001095 loss: 1.134381 loss_cls: 0.725878 loss_iou: 0.120455 loss_dfl: 2.389488 eta: 0:17:16 batch_cost: 0.4478 data_cost: 0.0025 ips: 8.9331 images/s, max_mem_reserved: 2161 MB, max_mem_allocated: 2011 MB
[09/22 00:31:49] ppdet.engine.callbacks INFO: Epoch: [47] [ 40/164] learning_rate: 0.001091 loss: 1.160695 loss_cls: 0.726365 loss_iou: 0.122370 loss_dfl: 2.762666 eta: 0:17:11 batch_cost: 0.4651 data_cost: 0.0028 ips: 8.6003 images/s, max_mem_reserved: 2161 MB, max_mem_allocated: 2011 MB
[09/22 00:31:54] ppdet.engine.callbacks INFO: Epoch: [47] [ 50/164] learning_rate: 0.001086 loss: 1.207327 loss_cls: 0.739048 loss_iou: 0.126496 loss_dfl: 2.680948 eta: 0:17:06 batch_cost: 0.4625 data_cost: 0.0030 ips: 8.6487 images/s, max_mem_reserved: 2161 MB, max_mem_allocated: 2011 MB
[09/22 00:31:59] ppdet.engine.callbacks INFO: Epoch: [47] [ 60/164] learning_rate: 0.001081 loss: 1.189567 loss_cls: 0.747530 loss_iou: 0.122455 loss_dfl: 2.683157 eta: 0:17:00 batch_cost: 0.4435 data_cost: 0.0024 ips: 9.0194 images/s, max_mem_reserved: 2161 MB, max_mem_allocated: 2011 MB
[09/22 00:32:04] ppdet.engine.callbacks INFO: Epoch: [47] [ 70/164] learning_rate: 0.001076 loss: 1.200633 loss_cls: 0.756958 loss_iou: 0.132541 loss_dfl: 3.028264 eta: 0:16:55 batch_cost: 0.4570 data_cost: 0.0027 ips: 8.7529 images/s, max_mem_reserved: 2161 MB, max_mem_allocated: 2011 MB
[09/22 00:32:09] ppdet.engine.callbacks INFO: Epoch: [47] [ 80/164] learning_rate: 0.001071 loss: 1.201589 loss_cls: 0.749968 loss_iou: 0.127455 loss_dfl: 2.673007 eta: 0:16:50 batch_cost: 0.4620 data_cost: 0.0025 ips: 8.6589 images/s, max_mem_reserved: 2161 MB, max_mem_allocated: 2011 MB
[09/22 00:32:14] ppdet.engine.callbacks INFO: Epoch: [47] [ 90/164] learning_rate: 0.001067 loss: 1.185589 loss_cls: 0.747264 loss_iou: 0.122197 loss_dfl: 2.752322 eta: 0:16:45 batch_cost: 0.4689 data_cost: 0.0025 ips: 8.5312 images/s, max_mem_reserved: 2161 MB, max_mem_allocated: 2011 MB
[09/22 00:32:19] ppdet.engine.callbacks INFO: Epoch: [47] [100/164] learning_rate: 0.001062 loss: 1.217374 loss_cls: 0.746017 loss_iou: 0.130562 loss_dfl: 2.848349 eta: 0:16:40 batch_cost: 0.4652 data_cost: 0.0027 ips: 8.5989 images/s, max_mem_reserved: 2161 MB, max_mem_allocated: 2011 MB
[09/22 00:32:24] ppdet.engine.callbacks INFO: Epoch: [47] [110/164] learning_rate: 0.001057 loss: 1.220874 loss_cls: 0.752503 loss_iou: 0.123198 loss_dfl: 2.564496 eta: 0:16:36 batch_cost: 0.5029 data_cost: 0.0024 ips: 7.9534 images/s, max_mem_reserved: 2161 MB, max_mem_allocated: 2011 MB
[09/22 00:32:29] ppdet.engine.callbacks INFO: Epoch: [47] [120/164] learning_rate: 0.001052 loss: 1.180371 loss_cls: 0.755000 loss_iou: 0.131869 loss_dfl: 2.598189 eta: 0:16:31 batch_cost: 0.4633 data_cost: 0.0025 ips: 8.6345 images/s, max_mem_reserved: 2161 MB, max_mem_allocated: 2011 MB
[09/22 00:32:34] ppdet.engine.callbacks INFO: Epoch: [47] [130/164] learning_rate: 0.001048 loss: 1.154780 loss_cls: 0.720729 loss_iou: 0.121033 loss_dfl: 2.598052 eta: 0:16:26 batch_cost: 0.4547 data_cost: 0.0029 ips: 8.7963 images/s, max_mem_reserved: 2161 MB, max_mem_allocated: 2011 MB
[09/22 00:32:39] ppdet.engine.callbacks INFO: Epoch: [47] [140/164] learning_rate: 0.001043 loss: 1.160324 loss_cls: 0.713015 loss_iou: 0.121508 loss_dfl: 2.750626 eta: 0:16:21 batch_cost: 0.4503 data_cost: 0.0023 ips: 8.8838 images/s, max_mem_reserved: 2161 MB, max_mem_allocated: 2011 MB
[09/22 00:32:44] ppdet.engine.callbacks INFO: Epoch: [47] [150/164] learning_rate: 0.001038 loss: 1.196376 loss_cls: 0.707928 loss_iou: 0.124363 loss_dfl: 2.956094 eta: 0:16:15 batch_cost: 0.4601 data_cost: 0.0022 ips: 8.6944 images/s, max_mem_reserved: 2161 MB, max_mem_allocated: 2011 MB
[09/22 00:32:49] ppdet.engine.callbacks INFO: Epoch: [47] [160/164] learning_rate: 0.001033 loss: 1.173208 loss_cls: 0.711036 loss_iou: 0.133915 loss_dfl: 2.831005 eta: 0:16:11 batch_cost: 0.4863 data_cost: 0.0025 ips: 8.2260 images/s, max_mem_reserved: 2161 MB, max_mem_allocated: 2011 MB
[09/22 00:32:52] ppdet.engine.callbacks INFO: Epoch: [48] [  0/164] learning_rate: 0.001031 loss: 1.165303 loss_cls: 0.729115 loss_iou: 0.134919 loss_dfl: 2.658626 eta: 0:16:09 batch_cost: 0.5130 data_cost: 0.0350 ips: 7.7971 images/s, max_mem_reserved: 2161 MB, max_mem_allocated: 2011 MB
[09/22 00:32:57] ppdet.engine.callbacks INFO: Epoch: [48] [ 10/164] learning_rate: 0.001027 loss: 1.220884 loss_cls: 0.759654 loss_iou: 0.127445 loss_dfl: 2.819617 eta: 0:16:04 batch_cost: 0.4732 data_cost: 0.0034 ips: 8.4529 images/s, max_mem_reserved: 2161 MB, max_mem_allocated: 2011 MB
[09/22 00:33:02] ppdet.engine.callbacks INFO: Epoch: [48] [ 20/164] learning_rate: 0.001022 loss: 1.197340 loss_cls: 0.747633 loss_iou: 0.127006 loss_dfl: 2.403987 eta: 0:15:59 batch_cost: 0.4780 data_cost: 0.0015 ips: 8.3674 images/s, max_mem_reserved: 2161 MB, max_mem_allocated: 2011 MB
[09/22 00:33:07] ppdet.engine.callbacks INFO: Epoch: [48] [ 30/164] learning_rate: 0.001017 loss: 1.248618 loss_cls: 0.761731 loss_iou: 0.139644 loss_dfl: 3.020891 eta: 0:15:54 batch_cost: 0.4625 data_cost: 0.0028 ips: 8.6492 images/s, max_mem_reserved: 2161 MB, max_mem_allocated: 2011 MB
[09/22 00:33:13] ppdet.engine.callbacks INFO: Epoch: [48] [ 40/164] learning_rate: 0.001013 loss: 1.196725 loss_cls: 0.759371 loss_iou: 0.123788 loss_dfl: 2.729732 eta: 0:15:49 batch_cost: 0.4884 data_cost: 0.0026 ips: 8.1899 images/s, max_mem_reserved: 2161 MB, max_mem_allocated: 2011 MB
[09/22 00:33:17] ppdet.engine.callbacks INFO: Epoch: [48] [ 50/164] learning_rate: 0.001008 loss: 1.105280 loss_cls: 0.710654 loss_iou: 0.110749 loss_dfl: 2.463306 eta: 0:15:44 batch_cost: 0.4257 data_cost: 0.0021 ips: 9.3957 images/s, max_mem_reserved: 2161 MB, max_mem_allocated: 2011 MB
[09/22 00:33:22] ppdet.engine.callbacks INFO: Epoch: [48] [ 60/164] learning_rate: 0.001003 loss: 1.198736 loss_cls: 0.751349 loss_iou: 0.120630 loss_dfl: 2.673490 eta: 0:15:39 batch_cost: 0.4235 data_cost: 0.0026 ips: 9.4455 images/s, max_mem_reserved: 2161 MB, max_mem_allocated: 2011 MB
[09/22 00:33:27] ppdet.engine.callbacks INFO: Epoch: [48] [ 70/164] learning_rate: 0.000998 loss: 1.212975 loss_cls: 0.734055 loss_iou: 0.137194 loss_dfl: 2.682248 eta: 0:15:34 batch_cost: 0.4990 data_cost: 0.0025 ips: 8.0164 images/s, max_mem_reserved: 2161 MB, max_mem_allocated: 2011 MB
[09/22 00:33:32] ppdet.engine.callbacks INFO: Epoch: [48] [ 80/164] learning_rate: 0.000994 loss: 1.149014 loss_cls: 0.712031 loss_iou: 0.117650 loss_dfl: 2.676385 eta: 0:15:29 batch_cost: 0.4612 data_cost: 0.0021 ips: 8.6737 images/s, max_mem_reserved: 2161 MB, max_mem_allocated: 2011 MB
[09/22 00:33:38] ppdet.engine.callbacks INFO: Epoch: [48] [ 90/164] learning_rate: 0.000989 loss: 1.202485 loss_cls: 0.756788 loss_iou: 0.131365 loss_dfl: 2.828281 eta: 0:15:24 batch_cost: 0.4736 data_cost: 0.0022 ips: 8.4462 images/s, max_mem_reserved: 2161 MB, max_mem_allocated: 2011 MB
[09/22 00:33:43] ppdet.engine.callbacks INFO: Epoch: [48] [100/164] learning_rate: 0.000984 loss: 1.103490 loss_cls: 0.711315 loss_iou: 0.116790 loss_dfl: 2.425095 eta: 0:15:19 batch_cost: 0.4585 data_cost: 0.0027 ips: 8.7249 images/s, max_mem_reserved: 2161 MB, max_mem_allocated: 2011 MB
[09/22 00:33:47] ppdet.engine.callbacks INFO: Epoch: [48] [110/164] learning_rate: 0.000980 loss: 1.181551 loss_cls: 0.768846 loss_iou: 0.118815 loss_dfl: 2.344368 eta: 0:15:14 batch_cost: 0.4389 data_cost: 0.0022 ips: 9.1143 images/s, max_mem_reserved: 2161 MB, max_mem_allocated: 2011 MB
[09/22 00:33:53] ppdet.engine.callbacks INFO: Epoch: [48] [120/164] learning_rate: 0.000975 loss: 1.194929 loss_cls: 0.783343 loss_iou: 0.124842 loss_dfl: 2.892184 eta: 0:15:09 batch_cost: 0.4874 data_cost: 0.0025 ips: 8.2064 images/s, max_mem_reserved: 2161 MB, max_mem_allocated: 2011 MB
[09/22 00:33:57] ppdet.engine.callbacks INFO: Epoch: [48] [130/164] learning_rate: 0.000970 loss: 1.144505 loss_cls: 0.730564 loss_iou: 0.114787 loss_dfl: 2.440658 eta: 0:15:04 batch_cost: 0.4379 data_cost: 0.0024 ips: 9.1352 images/s, max_mem_reserved: 2161 MB, max_mem_allocated: 2011 MB
[09/22 00:34:03] ppdet.engine.callbacks INFO: Epoch: [48] [140/164] learning_rate: 0.000966 loss: 1.229468 loss_cls: 0.745122 loss_iou: 0.123292 loss_dfl: 2.701796 eta: 0:14:59 batch_cost: 0.4779 data_cost: 0.0026 ips: 8.3702 images/s, max_mem_reserved: 2161 MB, max_mem_allocated: 2011 MB
[09/22 00:34:08] ppdet.engine.callbacks INFO: Epoch: [48] [150/164] learning_rate: 0.000961 loss: 1.194001 loss_cls: 0.738852 loss_iou: 0.128566 loss_dfl: 2.678386 eta: 0:14:54 batch_cost: 0.4949 data_cost: 0.0022 ips: 8.0832 images/s, max_mem_reserved: 2161 MB, max_mem_allocated: 2011 MB
[09/22 00:34:13] ppdet.engine.callbacks INFO: Epoch: [48] [160/164] learning_rate: 0.000957 loss: 1.222896 loss_cls: 0.748428 loss_iou: 0.126933 loss_dfl: 3.072502 eta: 0:14:49 batch_cost: 0.4937 data_cost: 0.0035 ips: 8.1016 images/s, max_mem_reserved: 2161 MB, max_mem_allocated: 2011 MB
[09/22 00:34:16] ppdet.engine.callbacks INFO: Epoch: [49] [  0/164] learning_rate: 0.000955 loss: 1.191473 loss_cls: 0.740574 loss_iou: 0.119254 loss_dfl: 2.984153 eta: 0:14:47 batch_cost: 0.5151 data_cost: 0.0399 ips: 7.7648 images/s, max_mem_reserved: 2161 MB, max_mem_allocated: 2011 MB
[09/22 00:34:21] ppdet.engine.callbacks INFO: Epoch: [49] [ 10/164] learning_rate: 0.000950 loss: 1.179987 loss_cls: 0.716360 loss_iou: 0.128292 loss_dfl: 2.877669 eta: 0:14:42 batch_cost: 0.4611 data_cost: 0.0019 ips: 8.6747 images/s, max_mem_reserved: 2161 MB, max_mem_allocated: 2011 MB
[09/22 00:34:26] ppdet.engine.callbacks INFO: Epoch: [49] [ 20/164] learning_rate: 0.000946 loss: 1.226312 loss_cls: 0.728187 loss_iou: 0.132116 loss_dfl: 3.052222 eta: 0:14:37 batch_cost: 0.4780 data_cost: 0.0014 ips: 8.3681 images/s, max_mem_reserved: 2161 MB, max_mem_allocated: 2011 MB
[09/22 00:34:31] ppdet.engine.callbacks INFO: Epoch: [49] [ 30/164] learning_rate: 0.000941 loss: 1.094091 loss_cls: 0.707643 loss_iou: 0.110507 loss_dfl: 2.378465 eta: 0:14:32 batch_cost: 0.4452 data_cost: 0.0021 ips: 8.9850 images/s, max_mem_reserved: 2161 MB, max_mem_allocated: 2011 MB
[09/22 00:34:36] ppdet.engine.callbacks INFO: Epoch: [49] [ 40/164] learning_rate: 0.000936 loss: 1.167473 loss_cls: 0.730014 loss_iou: 0.134774 loss_dfl: 2.450505 eta: 0:14:27 batch_cost: 0.4483 data_cost: 0.0028 ips: 8.9225 images/s, max_mem_reserved: 2161 MB, max_mem_allocated: 2011 MB
[09/22 00:34:41] ppdet.engine.callbacks INFO: Epoch: [49] [ 50/164] learning_rate: 0.000932 loss: 1.151607 loss_cls: 0.740018 loss_iou: 0.124558 loss_dfl: 2.651067 eta: 0:14:22 batch_cost: 0.5066 data_cost: 0.0025 ips: 7.8952 images/s, max_mem_reserved: 2161 MB, max_mem_allocated: 2011 MB
[09/22 00:34:46] ppdet.engine.callbacks INFO: Epoch: [49] [ 60/164] learning_rate: 0.000927 loss: 1.221206 loss_cls: 0.743000 loss_iou: 0.135399 loss_dfl: 2.914896 eta: 0:14:17 batch_cost: 0.4316 data_cost: 0.0027 ips: 9.2687 images/s, max_mem_reserved: 2161 MB, max_mem_allocated: 2011 MB
[09/22 00:34:51] ppdet.engine.callbacks INFO: Epoch: [49] [ 70/164] learning_rate: 0.000923 loss: 1.225218 loss_cls: 0.760036 loss_iou: 0.130755 loss_dfl: 2.940581 eta: 0:14:12 batch_cost: 0.4759 data_cost: 0.0027 ips: 8.4051 images/s, max_mem_reserved: 2161 MB, max_mem_allocated: 2011 MB
[09/22 00:34:56] ppdet.engine.callbacks INFO: Epoch: [49] [ 80/164] learning_rate: 0.000918 loss: 1.246374 loss_cls: 0.763755 loss_iou: 0.138109 loss_dfl: 2.818353 eta: 0:14:07 batch_cost: 0.4649 data_cost: 0.0025 ips: 8.6038 images/s, max_mem_reserved: 2161 MB, max_mem_allocated: 2011 MB
[09/22 00:35:01] ppdet.engine.callbacks INFO: Epoch: [49] [ 90/164] learning_rate: 0.000914 loss: 1.160855 loss_cls: 0.697117 loss_iou: 0.123708 loss_dfl: 2.469053 eta: 0:14:02 batch_cost: 0.4448 data_cost: 0.0031 ips: 8.9921 images/s, max_mem_reserved: 2161 MB, max_mem_allocated: 2011 MB
[09/22 00:35:06] ppdet.engine.callbacks INFO: Epoch: [49] [100/164] learning_rate: 0.000909 loss: 1.188959 loss_cls: 0.742957 loss_iou: 0.124043 loss_dfl: 2.472083 eta: 0:13:57 batch_cost: 0.4692 data_cost: 0.0029 ips: 8.5249 images/s, max_mem_reserved: 2161 MB, max_mem_allocated: 2011 MB
[09/22 00:35:11] ppdet.engine.callbacks INFO: Epoch: [49] [110/164] learning_rate: 0.000904 loss: 1.204003 loss_cls: 0.742736 loss_iou: 0.135205 loss_dfl: 2.718714 eta: 0:13:52 batch_cost: 0.4929 data_cost: 0.0029 ips: 8.1158 images/s, max_mem_reserved: 2161 MB, max_mem_allocated: 2011 MB
[09/22 00:35:17] ppdet.engine.callbacks INFO: Epoch: [49] [120/164] learning_rate: 0.000900 loss: 1.190591 loss_cls: 0.744055 loss_iou: 0.132219 loss_dfl: 2.376470 eta: 0:13:47 batch_cost: 0.4671 data_cost: 0.0027 ips: 8.5639 images/s, max_mem_reserved: 2161 MB, max_mem_allocated: 2011 MB
[09/22 00:35:22] ppdet.engine.callbacks INFO: Epoch: [49] [130/164] learning_rate: 0.000895 loss: 1.244413 loss_cls: 0.765788 loss_iou: 0.134138 loss_dfl: 3.034569 eta: 0:13:42 batch_cost: 0.4931 data_cost: 0.0024 ips: 8.1112 images/s, max_mem_reserved: 2161 MB, max_mem_allocated: 2011 MB
[09/22 00:35:27] ppdet.engine.callbacks INFO: Epoch: [49] [140/164] learning_rate: 0.000891 loss: 1.161335 loss_cls: 0.719815 loss_iou: 0.117825 loss_dfl: 2.436474 eta: 0:13:37 batch_cost: 0.4737 data_cost: 0.0026 ips: 8.4446 images/s, max_mem_reserved: 2161 MB, max_mem_allocated: 2011 MB
[09/22 00:35:32] ppdet.engine.callbacks INFO: Epoch: [49] [150/164] learning_rate: 0.000886 loss: 1.176639 loss_cls: 0.700708 loss_iou: 0.121673 loss_dfl: 3.007689 eta: 0:13:33 batch_cost: 0.4857 data_cost: 0.0024 ips: 8.2353 images/s, max_mem_reserved: 2161 MB, max_mem_allocated: 2011 MB
[09/22 00:35:37] ppdet.engine.callbacks INFO: Epoch: [49] [160/164] learning_rate: 0.000882 loss: 1.120633 loss_cls: 0.679272 loss_iou: 0.124035 loss_dfl: 2.580668 eta: 0:13:28 batch_cost: 0.4493 data_cost: 0.0025 ips: 8.9023 images/s, max_mem_reserved: 2161 MB, max_mem_allocated: 2011 MB
[09/22 00:35:39] ppdet.utils.checkpoint INFO: Save checkpoint: output_extra
[09/22 00:35:40] ppdet.engine.callbacks INFO: Eval iter: 0
[09/22 00:35:46] ppdet.metrics.metrics INFO: Accumulating evaluatation results...
[09/22 00:35:46] ppdet.metrics.metrics INFO: mAP(0.50, 11point) = 88.60%
[09/22 00:35:46] ppdet.engine.callbacks INFO: Total sample number: 100, average FPS: 14.576966364610998
[09/22 00:35:46] ppdet.engine INFO: Best test bbox ap is 0.890.
[09/22 00:35:47] ppdet.engine.callbacks INFO: Epoch: [50] [  0/164] learning_rate: 0.000880 loss: 1.146329 loss_cls: 0.706336 loss_iou: 0.120482 loss_dfl: 2.766121 eta: 0:13:26 batch_cost: 0.4548 data_cost: 0.0025 ips: 8.7944 images/s, max_mem_reserved: 2161 MB, max_mem_allocated: 2011 MB
[09/22 00:35:52] ppdet.engine.callbacks INFO: Epoch: [50] [ 10/164] learning_rate: 0.000876 loss: 1.150074 loss_cls: 0.700552 loss_iou: 0.116756 loss_dfl: 3.027774 eta: 0:13:21 batch_cost: 0.4655 data_cost: 0.0031 ips: 8.5922 images/s, max_mem_reserved: 2161 MB, max_mem_allocated: 2011 MB
[09/22 00:35:57] ppdet.engine.callbacks INFO: Epoch: [50] [ 20/164] learning_rate: 0.000871 loss: 1.124228 loss_cls: 0.695528 loss_iou: 0.110290 loss_dfl: 2.784580 eta: 0:13:16 batch_cost: 0.4655 data_cost: 0.0026 ips: 8.5936 images/s, max_mem_reserved: 2161 MB, max_mem_allocated: 2011 MB
[09/22 00:36:02] ppdet.engine.callbacks INFO: Epoch: [50] [ 30/164] learning_rate: 0.000867 loss: 1.046190 loss_cls: 0.643955 loss_iou: 0.100457 loss_dfl: 2.762034 eta: 0:13:11 batch_cost: 0.4279 data_cost: 0.0028 ips: 9.3472 images/s, max_mem_reserved: 2161 MB, max_mem_allocated: 2011 MB
[09/22 00:36:06] ppdet.engine.callbacks INFO: Epoch: [50] [ 40/164] learning_rate: 0.000862 loss: 0.942283 loss_cls: 0.611428 loss_iou: 0.084469 loss_dfl: 2.538171 eta: 0:13:06 batch_cost: 0.4358 data_cost: 0.0022 ips: 9.1776 images/s, max_mem_reserved: 2161 MB, max_mem_allocated: 2011 MB
[09/22 00:36:11] ppdet.engine.callbacks INFO: Epoch: [50] [ 50/164] learning_rate: 0.000858 loss: 1.058728 loss_cls: 0.646998 loss_iou: 0.111693 loss_dfl: 2.978835 eta: 0:13:01 batch_cost: 0.4380 data_cost: 0.0026 ips: 9.1324 images/s, max_mem_reserved: 2161 MB, max_mem_allocated: 2011 MB
[09/22 00:36:16] ppdet.engine.callbacks INFO: Epoch: [50] [ 60/164] learning_rate: 0.000853 loss: 1.023801 loss_cls: 0.643191 loss_iou: 0.097207 loss_dfl: 2.777923 eta: 0:12:56 batch_cost: 0.4311 data_cost: 0.0027 ips: 9.2795 images/s, max_mem_reserved: 2161 MB, max_mem_allocated: 2011 MB
[09/22 00:36:20] ppdet.engine.callbacks INFO: Epoch: [50] [ 70/164] learning_rate: 0.000849 loss: 1.068303 loss_cls: 0.656988 loss_iou: 0.104929 loss_dfl: 2.841186 eta: 0:12:50 batch_cost: 0.4079 data_cost: 0.0028 ips: 9.8055 images/s, max_mem_reserved: 2161 MB, max_mem_allocated: 2011 MB
[09/22 00:36:25] ppdet.engine.callbacks INFO: Epoch: [50] [ 80/164] learning_rate: 0.000844 loss: 0.962070 loss_cls: 0.641270 loss_iou: 0.087204 loss_dfl: 2.439440 eta: 0:12:45 batch_cost: 0.4252 data_cost: 0.0028 ips: 9.4067 images/s, max_mem_reserved: 2161 MB, max_mem_allocated: 2011 MB
[09/22 00:36:29] ppdet.engine.callbacks INFO: Epoch: [50] [ 90/164] learning_rate: 0.000840 loss: 1.019341 loss_cls: 0.612625 loss_iou: 0.098525 loss_dfl: 2.851606 eta: 0:12:40 batch_cost: 0.4379 data_cost: 0.0023 ips: 9.1351 images/s, max_mem_reserved: 2161 MB, max_mem_allocated: 2011 MB
[09/22 00:36:34] ppdet.engine.callbacks INFO: Epoch: [50] [100/164] learning_rate: 0.000836 loss: 0.981084 loss_cls: 0.612975 loss_iou: 0.097082 loss_dfl: 2.544906 eta: 0:12:35 batch_cost: 0.4140 data_cost: 0.0023 ips: 9.6610 images/s, max_mem_reserved: 2161 MB, max_mem_allocated: 2011 MB
[09/22 00:36:38] ppdet.engine.callbacks INFO: Epoch: [50] [110/164] learning_rate: 0.000831 loss: 1.047469 loss_cls: 0.674927 loss_iou: 0.095506 loss_dfl: 2.692000 eta: 0:12:30 batch_cost: 0.3880 data_cost: 0.0024 ips: 10.3080 images/s, max_mem_reserved: 2161 MB, max_mem_allocated: 2011 MB
[09/22 00:36:43] ppdet.engine.callbacks INFO: Epoch: [50] [120/164] learning_rate: 0.000827 loss: 0.999688 loss_cls: 0.617953 loss_iou: 0.096599 loss_dfl: 2.712976 eta: 0:12:25 batch_cost: 0.3942 data_cost: 0.0026 ips: 10.1462 images/s, max_mem_reserved: 2161 MB, max_mem_allocated: 2011 MB
[09/22 00:36:47] ppdet.engine.callbacks INFO: Epoch: [50] [130/164] learning_rate: 0.000823 loss: 1.046467 loss_cls: 0.649694 loss_iou: 0.098621 loss_dfl: 2.486932 eta: 0:12:20 batch_cost: 0.4459 data_cost: 0.0031 ips: 8.9703 images/s, max_mem_reserved: 2161 MB, max_mem_allocated: 2011 MB
[09/22 00:36:52] ppdet.engine.callbacks INFO: Epoch: [50] [140/164] learning_rate: 0.000818 loss: 0.977421 loss_cls: 0.605362 loss_iou: 0.087031 loss_dfl: 2.738721 eta: 0:12:15 batch_cost: 0.4232 data_cost: 0.0026 ips: 9.4511 images/s, max_mem_reserved: 2161 MB, max_mem_allocated: 2011 MB
[09/22 00:36:56] ppdet.engine.callbacks INFO: Epoch: [50] [150/164] learning_rate: 0.000814 loss: 1.037485 loss_cls: 0.634287 loss_iou: 0.105976 loss_dfl: 2.896881 eta: 0:12:10 batch_cost: 0.4153 data_cost: 0.0026 ips: 9.6316 images/s, max_mem_reserved: 2161 MB, max_mem_allocated: 2011 MB
[09/22 00:37:01] ppdet.engine.callbacks INFO: Epoch: [50] [160/164] learning_rate: 0.000809 loss: 0.959659 loss_cls: 0.641580 loss_iou: 0.093531 loss_dfl: 2.121606 eta: 0:12:05 batch_cost: 0.3887 data_cost: 0.0029 ips: 10.2917 images/s, max_mem_reserved: 2161 MB, max_mem_allocated: 2011 MB
[09/22 00:37:03] ppdet.engine.callbacks INFO: Epoch: [51] [  0/164] learning_rate: 0.000808 loss: 0.903919 loss_cls: 0.586956 loss_iou: 0.087715 loss_dfl: 1.619995 eta: 0:12:03 batch_cost: 0.4137 data_cost: 0.0257 ips: 9.6689 images/s, max_mem_reserved: 2161 MB, max_mem_allocated: 2011 MB
[09/22 00:37:07] ppdet.engine.callbacks INFO: Epoch: [51] [ 10/164] learning_rate: 0.000803 loss: 0.941886 loss_cls: 0.632877 loss_iou: 0.090156 loss_dfl: 2.601559 eta: 0:11:58 batch_cost: 0.4053 data_cost: 0.0019 ips: 9.8687 images/s, max_mem_reserved: 2161 MB, max_mem_allocated: 2011 MB
[09/22 00:37:12] ppdet.engine.callbacks INFO: Epoch: [51] [ 20/164] learning_rate: 0.000799 loss: 1.012168 loss_cls: 0.620078 loss_iou: 0.096214 loss_dfl: 2.793265 eta: 0:11:53 batch_cost: 0.4249 data_cost: 0.0028 ips: 9.4144 images/s, max_mem_reserved: 2161 MB, max_mem_allocated: 2011 MB
[09/22 00:37:16] ppdet.engine.callbacks INFO: Epoch: [51] [ 30/164] learning_rate: 0.000795 loss: 0.990767 loss_cls: 0.645135 loss_iou: 0.094689 loss_dfl: 2.745047 eta: 0:11:48 batch_cost: 0.4252 data_cost: 0.0028 ips: 9.4071 images/s, max_mem_reserved: 2161 MB, max_mem_allocated: 2011 MB
[09/22 00:37:21] ppdet.engine.callbacks INFO: Epoch: [51] [ 40/164] learning_rate: 0.000790 loss: 1.040753 loss_cls: 0.637202 loss_iou: 0.096825 loss_dfl: 2.635928 eta: 0:11:43 batch_cost: 0.4466 data_cost: 0.0031 ips: 8.9563 images/s, max_mem_reserved: 2161 MB, max_mem_allocated: 2011 MB
[09/22 00:37:25] ppdet.engine.callbacks INFO: Epoch: [51] [ 50/164] learning_rate: 0.000786 loss: 1.030647 loss_cls: 0.647261 loss_iou: 0.096214 loss_dfl: 2.520425 eta: 0:11:38 batch_cost: 0.3789 data_cost: 0.0026 ips: 10.5573 images/s, max_mem_reserved: 2161 MB, max_mem_allocated: 2011 MB
[09/22 00:37:30] ppdet.engine.callbacks INFO: Epoch: [51] [ 60/164] learning_rate: 0.000782 loss: 1.090669 loss_cls: 0.656788 loss_iou: 0.110682 loss_dfl: 2.984216 eta: 0:11:33 batch_cost: 0.4434 data_cost: 0.0025 ips: 9.0207 images/s, max_mem_reserved: 2161 MB, max_mem_allocated: 2011 MB
[09/22 00:37:35] ppdet.engine.callbacks INFO: Epoch: [51] [ 70/164] learning_rate: 0.000777 loss: 1.066266 loss_cls: 0.678147 loss_iou: 0.106871 loss_dfl: 2.718741 eta: 0:11:28 batch_cost: 0.4486 data_cost: 0.0026 ips: 8.9158 images/s, max_mem_reserved: 2161 MB, max_mem_allocated: 2011 MB
[09/22 00:37:39] ppdet.engine.callbacks INFO: Epoch: [51] [ 80/164] learning_rate: 0.000773 loss: 0.957127 loss_cls: 0.632499 loss_iou: 0.089871 loss_dfl: 2.076171 eta: 0:11:23 batch_cost: 0.4053 data_cost: 0.0028 ips: 9.8694 images/s, max_mem_reserved: 2161 MB, max_mem_allocated: 2011 MB
[09/22 00:37:44] ppdet.engine.callbacks INFO: Epoch: [51] [ 90/164] learning_rate: 0.000769 loss: 0.942321 loss_cls: 0.609566 loss_iou: 0.086368 loss_dfl: 2.717750 eta: 0:11:18 batch_cost: 0.4177 data_cost: 0.0026 ips: 9.5755 images/s, max_mem_reserved: 2161 MB, max_mem_allocated: 2011 MB
[09/22 00:37:48] ppdet.engine.callbacks INFO: Epoch: [51] [100/164] learning_rate: 0.000765 loss: 0.984603 loss_cls: 0.608144 loss_iou: 0.094079 loss_dfl: 2.742066 eta: 0:11:13 batch_cost: 0.3972 data_cost: 0.0027 ips: 10.0698 images/s, max_mem_reserved: 2161 MB, max_mem_allocated: 2011 MB
[09/22 00:37:53] ppdet.engine.callbacks INFO: Epoch: [51] [110/164] learning_rate: 0.000760 loss: 0.890235 loss_cls: 0.575192 loss_iou: 0.087107 loss_dfl: 2.451539 eta: 0:11:08 batch_cost: 0.4233 data_cost: 0.0027 ips: 9.4504 images/s, max_mem_reserved: 2161 MB, max_mem_allocated: 2011 MB
[09/22 00:37:57] ppdet.engine.callbacks INFO: Epoch: [51] [120/164] learning_rate: 0.000756 loss: 1.047615 loss_cls: 0.636382 loss_iou: 0.094508 loss_dfl: 2.802003 eta: 0:11:03 batch_cost: 0.4124 data_cost: 0.0026 ips: 9.6999 images/s, max_mem_reserved: 2161 MB, max_mem_allocated: 2011 MB
[09/22 00:38:02] ppdet.engine.callbacks INFO: Epoch: [51] [130/164] learning_rate: 0.000752 loss: 0.970733 loss_cls: 0.623077 loss_iou: 0.088809 loss_dfl: 2.591938 eta: 0:10:58 batch_cost: 0.4153 data_cost: 0.0026 ips: 9.6325 images/s, max_mem_reserved: 2161 MB, max_mem_allocated: 2011 MB
[09/22 00:38:07] ppdet.engine.callbacks INFO: Epoch: [51] [140/164] learning_rate: 0.000748 loss: 1.062707 loss_cls: 0.629784 loss_iou: 0.095884 loss_dfl: 2.814368 eta: 0:10:53 batch_cost: 0.4463 data_cost: 0.0024 ips: 8.9622 images/s, max_mem_reserved: 2161 MB, max_mem_allocated: 2011 MB
[09/22 00:38:11] ppdet.engine.callbacks INFO: Epoch: [51] [150/164] learning_rate: 0.000743 loss: 1.065970 loss_cls: 0.665023 loss_iou: 0.097639 loss_dfl: 2.896058 eta: 0:10:48 batch_cost: 0.4345 data_cost: 0.0026 ips: 9.2054 images/s, max_mem_reserved: 2161 MB, max_mem_allocated: 2011 MB
[09/22 00:38:16] ppdet.engine.callbacks INFO: Epoch: [51] [160/164] learning_rate: 0.000739 loss: 1.014785 loss_cls: 0.622650 loss_iou: 0.099150 loss_dfl: 2.842125 eta: 0:10:43 batch_cost: 0.4325 data_cost: 0.0027 ips: 9.2492 images/s, max_mem_reserved: 2161 MB, max_mem_allocated: 2011 MB
[09/22 00:38:19] ppdet.engine.callbacks INFO: Epoch: [52] [  0/164] learning_rate: 0.000738 loss: 1.063290 loss_cls: 0.665320 loss_iou: 0.106090 loss_dfl: 2.912240 eta: 0:10:41 batch_cost: 0.4816 data_cost: 0.0273 ips: 8.3053 images/s, max_mem_reserved: 2161 MB, max_mem_allocated: 2011 MB
[09/22 00:38:23] ppdet.engine.callbacks INFO: Epoch: [52] [ 10/164] learning_rate: 0.000733 loss: 1.028324 loss_cls: 0.642458 loss_iou: 0.100969 loss_dfl: 2.836918 eta: 0:10:36 batch_cost: 0.3883 data_cost: 0.0020 ips: 10.3022 images/s, max_mem_reserved: 2161 MB, max_mem_allocated: 2011 MB
[09/22 00:38:27] ppdet.engine.callbacks INFO: Epoch: [52] [ 20/164] learning_rate: 0.000729 loss: 0.926592 loss_cls: 0.584469 loss_iou: 0.086133 loss_dfl: 2.615146 eta: 0:10:31 batch_cost: 0.3875 data_cost: 0.0027 ips: 10.3235 images/s, max_mem_reserved: 2161 MB, max_mem_allocated: 2011 MB
[09/22 00:38:32] ppdet.engine.callbacks INFO: Epoch: [52] [ 30/164] learning_rate: 0.000725 loss: 0.966362 loss_cls: 0.596204 loss_iou: 0.094647 loss_dfl: 2.244123 eta: 0:10:26 batch_cost: 0.4129 data_cost: 0.0026 ips: 9.6880 images/s, max_mem_reserved: 2161 MB, max_mem_allocated: 2011 MB
[09/22 00:38:36] ppdet.engine.callbacks INFO: Epoch: [52] [ 40/164] learning_rate: 0.000721 loss: 1.085479 loss_cls: 0.658988 loss_iou: 0.105255 loss_dfl: 2.925954 eta: 0:10:21 batch_cost: 0.4579 data_cost: 0.0024 ips: 8.7361 images/s, max_mem_reserved: 2161 MB, max_mem_allocated: 2011 MB
[09/22 00:38:42] ppdet.engine.callbacks INFO: Epoch: [52] [ 50/164] learning_rate: 0.000717 loss: 1.024388 loss_cls: 0.640749 loss_iou: 0.100713 loss_dfl: 2.622669 eta: 0:10:16 batch_cost: 0.4904 data_cost: 0.0026 ips: 8.1560 images/s, max_mem_reserved: 2161 MB, max_mem_allocated: 2011 MB
[09/22 00:38:46] ppdet.engine.callbacks INFO: Epoch: [52] [ 60/164] learning_rate: 0.000713 loss: 0.937710 loss_cls: 0.608545 loss_iou: 0.091709 loss_dfl: 2.522395 eta: 0:10:11 batch_cost: 0.4073 data_cost: 0.0023 ips: 9.8219 images/s, max_mem_reserved: 2161 MB, max_mem_allocated: 2011 MB
[09/22 00:38:51] ppdet.engine.callbacks INFO: Epoch: [52] [ 70/164] learning_rate: 0.000708 loss: 1.056614 loss_cls: 0.663491 loss_iou: 0.100339 loss_dfl: 2.767329 eta: 0:10:06 batch_cost: 0.4420 data_cost: 0.0026 ips: 9.0495 images/s, max_mem_reserved: 2161 MB, max_mem_allocated: 2011 MB
[09/22 00:38:55] ppdet.engine.callbacks INFO: Epoch: [52] [ 80/164] learning_rate: 0.000704 loss: 1.030145 loss_cls: 0.625821 loss_iou: 0.093292 loss_dfl: 2.814263 eta: 0:10:01 batch_cost: 0.4082 data_cost: 0.0028 ips: 9.7989 images/s, max_mem_reserved: 2161 MB, max_mem_allocated: 2011 MB
[09/22 00:39:00] ppdet.engine.callbacks INFO: Epoch: [52] [ 90/164] learning_rate: 0.000700 loss: 0.996309 loss_cls: 0.621609 loss_iou: 0.091486 loss_dfl: 2.705448 eta: 0:09:56 batch_cost: 0.4029 data_cost: 0.0021 ips: 9.9281 images/s, max_mem_reserved: 2161 MB, max_mem_allocated: 2011 MB
[09/22 00:39:04] ppdet.engine.callbacks INFO: Epoch: [52] [100/164] learning_rate: 0.000696 loss: 1.078524 loss_cls: 0.677275 loss_iou: 0.103447 loss_dfl: 2.530355 eta: 0:09:51 batch_cost: 0.3780 data_cost: 0.0030 ips: 10.5807 images/s, max_mem_reserved: 2161 MB, max_mem_allocated: 2011 MB
[09/22 00:39:08] ppdet.engine.callbacks INFO: Epoch: [52] [110/164] learning_rate: 0.000692 loss: 0.961339 loss_cls: 0.602062 loss_iou: 0.096699 loss_dfl: 2.580058 eta: 0:09:46 batch_cost: 0.4004 data_cost: 0.0030 ips: 9.9910 images/s, max_mem_reserved: 2161 MB, max_mem_allocated: 2011 MB
[09/22 00:39:13] ppdet.engine.callbacks INFO: Epoch: [52] [120/164] learning_rate: 0.000688 loss: 0.979983 loss_cls: 0.625557 loss_iou: 0.091766 loss_dfl: 2.646685 eta: 0:09:41 batch_cost: 0.4213 data_cost: 0.0025 ips: 9.4949 images/s, max_mem_reserved: 2161 MB, max_mem_allocated: 2011 MB
[09/22 00:39:18] ppdet.engine.callbacks INFO: Epoch: [52] [130/164] learning_rate: 0.000684 loss: 0.920756 loss_cls: 0.602506 loss_iou: 0.086636 loss_dfl: 2.340178 eta: 0:09:36 batch_cost: 0.4402 data_cost: 0.0026 ips: 9.0874 images/s, max_mem_reserved: 2161 MB, max_mem_allocated: 2011 MB
[09/22 00:39:23] ppdet.engine.callbacks INFO: Epoch: [52] [140/164] learning_rate: 0.000680 loss: 1.069602 loss_cls: 0.654949 loss_iou: 0.102949 loss_dfl: 3.097627 eta: 0:09:31 batch_cost: 0.4611 data_cost: 0.0024 ips: 8.6740 images/s, max_mem_reserved: 2161 MB, max_mem_allocated: 2011 MB
[09/22 00:39:27] ppdet.engine.callbacks INFO: Epoch: [52] [150/164] learning_rate: 0.000676 loss: 0.973220 loss_cls: 0.613977 loss_iou: 0.094791 loss_dfl: 2.598357 eta: 0:09:26 batch_cost: 0.3892 data_cost: 0.0026 ips: 10.2787 images/s, max_mem_reserved: 2161 MB, max_mem_allocated: 2011 MB
[09/22 00:39:31] ppdet.engine.callbacks INFO: Epoch: [52] [160/164] learning_rate: 0.000672 loss: 0.964190 loss_cls: 0.619492 loss_iou: 0.092686 loss_dfl: 2.652463 eta: 0:09:21 batch_cost: 0.4079 data_cost: 0.0029 ips: 9.8070 images/s, max_mem_reserved: 2161 MB, max_mem_allocated: 2011 MB
[09/22 00:39:34] ppdet.engine.callbacks INFO: Epoch: [53] [  0/164] learning_rate: 0.000670 loss: 1.038928 loss_cls: 0.664621 loss_iou: 0.097347 loss_dfl: 2.590133 eta: 0:09:19 batch_cost: 0.4749 data_cost: 0.0329 ips: 8.4232 images/s, max_mem_reserved: 2161 MB, max_mem_allocated: 2011 MB
[09/22 00:39:38] ppdet.engine.callbacks INFO: Epoch: [53] [ 10/164] learning_rate: 0.000666 loss: 0.961495 loss_cls: 0.621211 loss_iou: 0.087944 loss_dfl: 2.425017 eta: 0:09:14 batch_cost: 0.4125 data_cost: 0.0029 ips: 9.6971 images/s, max_mem_reserved: 2161 MB, max_mem_allocated: 2011 MB
[09/22 00:39:43] ppdet.engine.callbacks INFO: Epoch: [53] [ 20/164] learning_rate: 0.000662 loss: 1.018106 loss_cls: 0.658431 loss_iou: 0.093512 loss_dfl: 2.622175 eta: 0:09:09 batch_cost: 0.4072 data_cost: 0.0023 ips: 9.8222 images/s, max_mem_reserved: 2161 MB, max_mem_allocated: 2011 MB
[09/22 00:39:47] ppdet.engine.callbacks INFO: Epoch: [53] [ 30/164] learning_rate: 0.000658 loss: 1.018509 loss_cls: 0.626040 loss_iou: 0.097145 loss_dfl: 2.854821 eta: 0:09:05 batch_cost: 0.4415 data_cost: 0.0028 ips: 9.0604 images/s, max_mem_reserved: 2161 MB, max_mem_allocated: 2011 MB
[09/22 00:39:53] ppdet.engine.callbacks INFO: Epoch: [53] [ 40/164] learning_rate: 0.000654 loss: 1.098955 loss_cls: 0.663410 loss_iou: 0.112475 loss_dfl: 2.996827 eta: 0:09:00 batch_cost: 0.4739 data_cost: 0.0025 ips: 8.4404 images/s, max_mem_reserved: 2161 MB, max_mem_allocated: 2011 MB
[09/22 00:39:57] ppdet.engine.callbacks INFO: Epoch: [53] [ 50/164] learning_rate: 0.000650 loss: 0.954829 loss_cls: 0.628503 loss_iou: 0.085009 loss_dfl: 2.296684 eta: 0:08:55 batch_cost: 0.4203 data_cost: 0.0026 ips: 9.5159 images/s, max_mem_reserved: 2161 MB, max_mem_allocated: 2011 MB
[09/22 00:40:01] ppdet.engine.callbacks INFO: Epoch: [53] [ 60/164] learning_rate: 0.000646 loss: 0.900422 loss_cls: 0.587621 loss_iou: 0.076984 loss_dfl: 2.226346 eta: 0:08:50 batch_cost: 0.3813 data_cost: 0.0025 ips: 10.4898 images/s, max_mem_reserved: 2161 MB, max_mem_allocated: 2011 MB
[09/22 00:40:06] ppdet.engine.callbacks INFO: Epoch: [53] [ 70/164] learning_rate: 0.000642 loss: 1.095232 loss_cls: 0.681992 loss_iou: 0.105670 loss_dfl: 2.767786 eta: 0:08:45 batch_cost: 0.4776 data_cost: 0.0025 ips: 8.3757 images/s, max_mem_reserved: 2161 MB, max_mem_allocated: 2011 MB
[09/22 00:40:11] ppdet.engine.callbacks INFO: Epoch: [53] [ 80/164] learning_rate: 0.000638 loss: 0.979894 loss_cls: 0.632227 loss_iou: 0.095968 loss_dfl: 2.843409 eta: 0:08:40 batch_cost: 0.4438 data_cost: 0.0029 ips: 9.0133 images/s, max_mem_reserved: 2161 MB, max_mem_allocated: 2011 MB
[09/22 00:40:16] ppdet.engine.callbacks INFO: Epoch: [53] [ 90/164] learning_rate: 0.000634 loss: 1.067059 loss_cls: 0.649901 loss_iou: 0.107552 loss_dfl: 2.821937 eta: 0:08:35 batch_cost: 0.4363 data_cost: 0.0030 ips: 9.1675 images/s, max_mem_reserved: 2161 MB, max_mem_allocated: 2011 MB
[09/22 00:40:21] ppdet.engine.callbacks INFO: Epoch: [53] [100/164] learning_rate: 0.000630 loss: 1.080695 loss_cls: 0.658292 loss_iou: 0.105990 loss_dfl: 2.905625 eta: 0:08:30 batch_cost: 0.4615 data_cost: 0.0025 ips: 8.6674 images/s, max_mem_reserved: 2161 MB, max_mem_allocated: 2011 MB
[09/22 00:40:26] ppdet.engine.callbacks INFO: Epoch: [53] [110/164] learning_rate: 0.000626 loss: 0.974486 loss_cls: 0.610716 loss_iou: 0.088452 loss_dfl: 2.781960 eta: 0:08:25 batch_cost: 0.4205 data_cost: 0.0026 ips: 9.5120 images/s, max_mem_reserved: 2161 MB, max_mem_allocated: 2011 MB
[09/22 00:40:30] ppdet.engine.callbacks INFO: Epoch: [53] [120/164] learning_rate: 0.000622 loss: 0.916934 loss_cls: 0.587988 loss_iou: 0.083083 loss_dfl: 2.761339 eta: 0:08:20 batch_cost: 0.4100 data_cost: 0.0025 ips: 9.7558 images/s, max_mem_reserved: 2161 MB, max_mem_allocated: 2011 MB
[09/22 00:40:35] ppdet.engine.callbacks INFO: Epoch: [53] [130/164] learning_rate: 0.000618 loss: 1.005408 loss_cls: 0.649756 loss_iou: 0.088040 loss_dfl: 2.640269 eta: 0:08:15 batch_cost: 0.4246 data_cost: 0.0021 ips: 9.4198 images/s, max_mem_reserved: 2161 MB, max_mem_allocated: 2011 MB
[09/22 00:40:39] ppdet.engine.callbacks INFO: Epoch: [53] [140/164] learning_rate: 0.000614 loss: 0.987490 loss_cls: 0.607794 loss_iou: 0.089766 loss_dfl: 2.657783 eta: 0:08:10 batch_cost: 0.3876 data_cost: 0.0023 ips: 10.3212 images/s, max_mem_reserved: 2161 MB, max_mem_allocated: 2011 MB
[09/22 00:40:43] ppdet.engine.callbacks INFO: Epoch: [53] [150/164] learning_rate: 0.000610 loss: 0.941467 loss_cls: 0.598947 loss_iou: 0.086707 loss_dfl: 2.564012 eta: 0:08:05 batch_cost: 0.4023 data_cost: 0.0026 ips: 9.9423 images/s, max_mem_reserved: 2161 MB, max_mem_allocated: 2011 MB
[09/22 00:40:47] ppdet.engine.callbacks INFO: Epoch: [53] [160/164] learning_rate: 0.000607 loss: 0.901486 loss_cls: 0.589338 loss_iou: 0.079059 loss_dfl: 2.279392 eta: 0:08:00 batch_cost: 0.3582 data_cost: 0.0025 ips: 11.1672 images/s, max_mem_reserved: 2161 MB, max_mem_allocated: 2011 MB
[09/22 00:40:49] ppdet.engine.callbacks INFO: Epoch: [54] [  0/164] learning_rate: 0.000605 loss: 0.948228 loss_cls: 0.606535 loss_iou: 0.086424 loss_dfl: 2.490304 eta: 0:07:58 batch_cost: 0.4003 data_cost: 0.0237 ips: 9.9921 images/s, max_mem_reserved: 2161 MB, max_mem_allocated: 2011 MB
[09/22 00:40:54] ppdet.engine.callbacks INFO: Epoch: [54] [ 10/164] learning_rate: 0.000601 loss: 1.010039 loss_cls: 0.622334 loss_iou: 0.094295 loss_dfl: 2.613618 eta: 0:07:53 batch_cost: 0.4324 data_cost: 0.0025 ips: 9.2502 images/s, max_mem_reserved: 2161 MB, max_mem_allocated: 2011 MB
[09/22 00:40:58] ppdet.engine.callbacks INFO: Epoch: [54] [ 20/164] learning_rate: 0.000597 loss: 0.967374 loss_cls: 0.612013 loss_iou: 0.098229 loss_dfl: 2.036500 eta: 0:07:48 batch_cost: 0.3832 data_cost: 0.0028 ips: 10.4388 images/s, max_mem_reserved: 2161 MB, max_mem_allocated: 2011 MB
[09/22 00:41:03] ppdet.engine.callbacks INFO: Epoch: [54] [ 30/164] learning_rate: 0.000593 loss: 1.019530 loss_cls: 0.657369 loss_iou: 0.103614 loss_dfl: 2.658624 eta: 0:07:43 batch_cost: 0.4359 data_cost: 0.0025 ips: 9.1760 images/s, max_mem_reserved: 2161 MB, max_mem_allocated: 2011 MB
[09/22 00:41:07] ppdet.engine.callbacks INFO: Epoch: [54] [ 40/164] learning_rate: 0.000590 loss: 1.049424 loss_cls: 0.661172 loss_iou: 0.097115 loss_dfl: 2.787826 eta: 0:07:38 batch_cost: 0.4163 data_cost: 0.0025 ips: 9.6086 images/s, max_mem_reserved: 2161 MB, max_mem_allocated: 2011 MB
[09/22 00:41:12] ppdet.engine.callbacks INFO: Epoch: [54] [ 50/164] learning_rate: 0.000586 loss: 1.037304 loss_cls: 0.645873 loss_iou: 0.098456 loss_dfl: 2.579225 eta: 0:07:34 batch_cost: 0.4286 data_cost: 0.0029 ips: 9.3323 images/s, max_mem_reserved: 2161 MB, max_mem_allocated: 2011 MB
[09/22 00:41:17] ppdet.engine.callbacks INFO: Epoch: [54] [ 60/164] learning_rate: 0.000582 loss: 0.958532 loss_cls: 0.614883 loss_iou: 0.084395 loss_dfl: 2.665597 eta: 0:07:29 batch_cost: 0.4083 data_cost: 0.0027 ips: 9.7959 images/s, max_mem_reserved: 2161 MB, max_mem_allocated: 2011 MB
[09/22 00:41:21] ppdet.engine.callbacks INFO: Epoch: [54] [ 70/164] learning_rate: 0.000578 loss: 0.932237 loss_cls: 0.596873 loss_iou: 0.082403 loss_dfl: 2.913773 eta: 0:07:24 batch_cost: 0.4280 data_cost: 0.0029 ips: 9.3459 images/s, max_mem_reserved: 2161 MB, max_mem_allocated: 2011 MB
[09/22 00:41:26] ppdet.engine.callbacks INFO: Epoch: [54] [ 80/164] learning_rate: 0.000574 loss: 1.060042 loss_cls: 0.648573 loss_iou: 0.109672 loss_dfl: 2.863030 eta: 0:07:19 batch_cost: 0.4700 data_cost: 0.0026 ips: 8.5104 images/s, max_mem_reserved: 2161 MB, max_mem_allocated: 2011 MB
[09/22 00:41:31] ppdet.engine.callbacks INFO: Epoch: [54] [ 90/164] learning_rate: 0.000571 loss: 1.054227 loss_cls: 0.673063 loss_iou: 0.101937 loss_dfl: 2.701770 eta: 0:07:14 batch_cost: 0.4386 data_cost: 0.0028 ips: 9.1198 images/s, max_mem_reserved: 2161 MB, max_mem_allocated: 2011 MB
[09/22 00:41:36] ppdet.engine.callbacks INFO: Epoch: [54] [100/164] learning_rate: 0.000567 loss: 1.028473 loss_cls: 0.649778 loss_iou: 0.096848 loss_dfl: 2.670125 eta: 0:07:09 batch_cost: 0.4187 data_cost: 0.0024 ips: 9.5526 images/s, max_mem_reserved: 2161 MB, max_mem_allocated: 2011 MB
[09/22 00:41:40] ppdet.engine.callbacks INFO: Epoch: [54] [110/164] learning_rate: 0.000563 loss: 1.035519 loss_cls: 0.627637 loss_iou: 0.098538 loss_dfl: 2.883506 eta: 0:07:04 batch_cost: 0.4302 data_cost: 0.0026 ips: 9.2976 images/s, max_mem_reserved: 2161 MB, max_mem_allocated: 2011 MB
[09/22 00:41:45] ppdet.engine.callbacks INFO: Epoch: [54] [120/164] learning_rate: 0.000559 loss: 0.928296 loss_cls: 0.595598 loss_iou: 0.078064 loss_dfl: 2.837784 eta: 0:06:59 batch_cost: 0.3979 data_cost: 0.0026 ips: 10.0526 images/s, max_mem_reserved: 2161 MB, max_mem_allocated: 2011 MB
[09/22 00:41:49] ppdet.engine.callbacks INFO: Epoch: [54] [130/164] learning_rate: 0.000556 loss: 0.940472 loss_cls: 0.590650 loss_iou: 0.083190 loss_dfl: 2.302032 eta: 0:06:54 batch_cost: 0.4079 data_cost: 0.0027 ips: 9.8056 images/s, max_mem_reserved: 2161 MB, max_mem_allocated: 2011 MB
[09/22 00:41:54] ppdet.engine.callbacks INFO: Epoch: [54] [140/164] learning_rate: 0.000552 loss: 0.876997 loss_cls: 0.560243 loss_iou: 0.074419 loss_dfl: 2.617941 eta: 0:06:49 batch_cost: 0.4059 data_cost: 0.0028 ips: 9.8558 images/s, max_mem_reserved: 2161 MB, max_mem_allocated: 2011 MB
[09/22 00:41:58] ppdet.engine.callbacks INFO: Epoch: [54] [150/164] learning_rate: 0.000548 loss: 0.963752 loss_cls: 0.616027 loss_iou: 0.088152 loss_dfl: 2.645576 eta: 0:06:44 batch_cost: 0.4441 data_cost: 0.0028 ips: 9.0072 images/s, max_mem_reserved: 2161 MB, max_mem_allocated: 2011 MB
[09/22 00:42:03] ppdet.engine.callbacks INFO: Epoch: [54] [160/164] learning_rate: 0.000544 loss: 0.873198 loss_cls: 0.555465 loss_iou: 0.076245 loss_dfl: 2.487033 eta: 0:06:39 batch_cost: 0.4082 data_cost: 0.0026 ips: 9.7994 images/s, max_mem_reserved: 2161 MB, max_mem_allocated: 2011 MB
[09/22 00:42:05] ppdet.utils.checkpoint INFO: Save checkpoint: output_extra
[09/22 00:42:06] ppdet.engine.callbacks INFO: Eval iter: 0
[09/22 00:42:11] ppdet.metrics.metrics INFO: Accumulating evaluatation results...
[09/22 00:42:11] ppdet.metrics.metrics INFO: mAP(0.50, 11point) = 89.20%
[09/22 00:42:11] ppdet.engine.callbacks INFO: Total sample number: 100, average FPS: 15.840793211960511
[09/22 00:42:11] ppdet.engine INFO: Best test bbox ap is 0.892.
[09/22 00:42:12] ppdet.utils.checkpoint INFO: Save checkpoint: output_extra
[09/22 00:42:12] ppdet.engine.callbacks INFO: Epoch: [55] [  0/164] learning_rate: 0.000543 loss: 0.882563 loss_cls: 0.566874 loss_iou: 0.079454 loss_dfl: 2.273936 eta: 0:06:37 batch_cost: 0.4197 data_cost: 0.0025 ips: 9.5304 images/s, max_mem_reserved: 2161 MB, max_mem_allocated: 2011 MB
[09/22 00:42:17] ppdet.engine.callbacks INFO: Epoch: [55] [ 10/164] learning_rate: 0.000539 loss: 1.000125 loss_cls: 0.637958 loss_iou: 0.090830 loss_dfl: 2.442121 eta: 0:06:33 batch_cost: 0.3924 data_cost: 0.0027 ips: 10.1927 images/s, max_mem_reserved: 2161 MB, max_mem_allocated: 2011 MB
[09/22 00:42:21] ppdet.engine.callbacks INFO: Epoch: [55] [ 20/164] learning_rate: 0.000535 loss: 0.901473 loss_cls: 0.567971 loss_iou: 0.077992 loss_dfl: 2.593180 eta: 0:06:28 batch_cost: 0.4068 data_cost: 0.0027 ips: 9.8316 images/s, max_mem_reserved: 2161 MB, max_mem_allocated: 2011 MB
[09/22 00:42:26] ppdet.engine.callbacks INFO: Epoch: [55] [ 30/164] learning_rate: 0.000532 loss: 0.989933 loss_cls: 0.621356 loss_iou: 0.093195 loss_dfl: 2.696215 eta: 0:06:23 batch_cost: 0.4254 data_cost: 0.0025 ips: 9.4033 images/s, max_mem_reserved: 2161 MB, max_mem_allocated: 2011 MB
[09/22 00:42:30] ppdet.engine.callbacks INFO: Epoch: [55] [ 40/164] learning_rate: 0.000528 loss: 0.977448 loss_cls: 0.609615 loss_iou: 0.092291 loss_dfl: 2.924308 eta: 0:06:18 batch_cost: 0.4154 data_cost: 0.0026 ips: 9.6281 images/s, max_mem_reserved: 2161 MB, max_mem_allocated: 2011 MB
[09/22 00:42:35] ppdet.engine.callbacks INFO: Epoch: [55] [ 50/164] learning_rate: 0.000524 loss: 0.947462 loss_cls: 0.592978 loss_iou: 0.084830 loss_dfl: 2.616998 eta: 0:06:13 batch_cost: 0.4498 data_cost: 0.0025 ips: 8.8929 images/s, max_mem_reserved: 2161 MB, max_mem_allocated: 2011 MB
[09/22 00:42:40] ppdet.engine.callbacks INFO: Epoch: [55] [ 60/164] learning_rate: 0.000521 loss: 1.002359 loss_cls: 0.609866 loss_iou: 0.094065 loss_dfl: 2.734108 eta: 0:06:08 batch_cost: 0.4460 data_cost: 0.0029 ips: 8.9694 images/s, max_mem_reserved: 2161 MB, max_mem_allocated: 2011 MB
[09/22 00:42:44] ppdet.engine.callbacks INFO: Epoch: [55] [ 70/164] learning_rate: 0.000517 loss: 1.055996 loss_cls: 0.631531 loss_iou: 0.095703 loss_dfl: 2.945538 eta: 0:06:03 batch_cost: 0.4245 data_cost: 0.0031 ips: 9.4233 images/s, max_mem_reserved: 2161 MB, max_mem_allocated: 2011 MB
[09/22 00:42:49] ppdet.engine.callbacks INFO: Epoch: [55] [ 80/164] learning_rate: 0.000514 loss: 1.016265 loss_cls: 0.616295 loss_iou: 0.093475 loss_dfl: 2.634793 eta: 0:05:58 batch_cost: 0.4299 data_cost: 0.0028 ips: 9.3045 images/s, max_mem_reserved: 2161 MB, max_mem_allocated: 2011 MB
[09/22 00:42:54] ppdet.engine.callbacks INFO: Epoch: [55] [ 90/164] learning_rate: 0.000510 loss: 0.967523 loss_cls: 0.614977 loss_iou: 0.095106 loss_dfl: 2.723191 eta: 0:05:53 batch_cost: 0.4659 data_cost: 0.0025 ips: 8.5856 images/s, max_mem_reserved: 2161 MB, max_mem_allocated: 2011 MB
[09/22 00:42:58] ppdet.engine.callbacks INFO: Epoch: [55] [100/164] learning_rate: 0.000506 loss: 0.929370 loss_cls: 0.590887 loss_iou: 0.084769 loss_dfl: 2.623117 eta: 0:05:48 batch_cost: 0.4011 data_cost: 0.0025 ips: 9.9721 images/s, max_mem_reserved: 2161 MB, max_mem_allocated: 2011 MB
[09/22 00:43:03] ppdet.engine.callbacks INFO: Epoch: [55] [110/164] learning_rate: 0.000503 loss: 0.902735 loss_cls: 0.583575 loss_iou: 0.085016 loss_dfl: 2.392038 eta: 0:05:44 batch_cost: 0.4020 data_cost: 0.0027 ips: 9.9492 images/s, max_mem_reserved: 2161 MB, max_mem_allocated: 2011 MB
[09/22 00:43:08] ppdet.engine.callbacks INFO: Epoch: [55] [120/164] learning_rate: 0.000499 loss: 1.054598 loss_cls: 0.657118 loss_iou: 0.106959 loss_dfl: 2.546175 eta: 0:05:39 batch_cost: 0.4550 data_cost: 0.0026 ips: 8.7911 images/s, max_mem_reserved: 2161 MB, max_mem_allocated: 2011 MB
[09/22 00:43:12] ppdet.engine.callbacks INFO: Epoch: [55] [130/164] learning_rate: 0.000496 loss: 0.940428 loss_cls: 0.613829 loss_iou: 0.082601 loss_dfl: 2.792251 eta: 0:05:34 batch_cost: 0.4353 data_cost: 0.0027 ips: 9.1899 images/s, max_mem_reserved: 2161 MB, max_mem_allocated: 2011 MB
[09/22 00:43:17] ppdet.engine.callbacks INFO: Epoch: [55] [140/164] learning_rate: 0.000492 loss: 1.035289 loss_cls: 0.646219 loss_iou: 0.097545 loss_dfl: 2.632574 eta: 0:05:29 batch_cost: 0.4381 data_cost: 0.0029 ips: 9.1303 images/s, max_mem_reserved: 2161 MB, max_mem_allocated: 2011 MB
[09/22 00:43:21] ppdet.engine.callbacks INFO: Epoch: [55] [150/164] learning_rate: 0.000488 loss: 1.001467 loss_cls: 0.630691 loss_iou: 0.101680 loss_dfl: 2.195552 eta: 0:05:24 batch_cost: 0.3930 data_cost: 0.0028 ips: 10.1785 images/s, max_mem_reserved: 2161 MB, max_mem_allocated: 2011 MB
[09/22 00:43:26] ppdet.engine.callbacks INFO: Epoch: [55] [160/164] learning_rate: 0.000485 loss: 0.953301 loss_cls: 0.595258 loss_iou: 0.087618 loss_dfl: 2.834198 eta: 0:05:19 batch_cost: 0.4183 data_cost: 0.0029 ips: 9.5628 images/s, max_mem_reserved: 2161 MB, max_mem_allocated: 2011 MB
[09/22 00:43:28] ppdet.engine.callbacks INFO: Epoch: [56] [  0/164] learning_rate: 0.000483 loss: 1.005117 loss_cls: 0.618699 loss_iou: 0.089664 loss_dfl: 2.834198 eta: 0:05:17 batch_cost: 0.4237 data_cost: 0.0201 ips: 9.4413 images/s, max_mem_reserved: 2161 MB, max_mem_allocated: 2011 MB
[09/22 00:43:33] ppdet.engine.callbacks INFO: Epoch: [56] [ 10/164] learning_rate: 0.000480 loss: 1.004086 loss_cls: 0.633325 loss_iou: 0.094235 loss_dfl: 2.649918 eta: 0:05:12 batch_cost: 0.4491 data_cost: 0.0022 ips: 8.9058 images/s, max_mem_reserved: 2161 MB, max_mem_allocated: 2011 MB
[09/22 00:43:38] ppdet.engine.callbacks INFO: Epoch: [56] [ 20/164] learning_rate: 0.000476 loss: 0.962234 loss_cls: 0.595617 loss_iou: 0.088140 loss_dfl: 2.950827 eta: 0:05:07 batch_cost: 0.4535 data_cost: 0.0028 ips: 8.8211 images/s, max_mem_reserved: 2161 MB, max_mem_allocated: 2011 MB
[09/22 00:43:42] ppdet.engine.callbacks INFO: Epoch: [56] [ 30/164] learning_rate: 0.000473 loss: 0.900594 loss_cls: 0.576505 loss_iou: 0.080463 loss_dfl: 2.757059 eta: 0:05:03 batch_cost: 0.4114 data_cost: 0.0027 ips: 9.7222 images/s, max_mem_reserved: 2161 MB, max_mem_allocated: 2011 MB
[09/22 00:43:47] ppdet.engine.callbacks INFO: Epoch: [56] [ 40/164] learning_rate: 0.000469 loss: 0.937423 loss_cls: 0.606549 loss_iou: 0.082697 loss_dfl: 2.604857 eta: 0:04:58 batch_cost: 0.4213 data_cost: 0.0023 ips: 9.4935 images/s, max_mem_reserved: 2161 MB, max_mem_allocated: 2011 MB
[09/22 00:43:52] ppdet.engine.callbacks INFO: Epoch: [56] [ 50/164] learning_rate: 0.000466 loss: 0.934143 loss_cls: 0.585648 loss_iou: 0.085025 loss_dfl: 2.944133 eta: 0:04:53 batch_cost: 0.4257 data_cost: 0.0025 ips: 9.3956 images/s, max_mem_reserved: 2161 MB, max_mem_allocated: 2011 MB
[09/22 00:43:56] ppdet.engine.callbacks INFO: Epoch: [56] [ 60/164] learning_rate: 0.000463 loss: 1.031085 loss_cls: 0.680513 loss_iou: 0.091006 loss_dfl: 2.634106 eta: 0:04:48 batch_cost: 0.4273 data_cost: 0.0025 ips: 9.3615 images/s, max_mem_reserved: 2161 MB, max_mem_allocated: 2011 MB
[09/22 00:44:01] ppdet.engine.callbacks INFO: Epoch: [56] [ 70/164] learning_rate: 0.000459 loss: 0.914943 loss_cls: 0.576337 loss_iou: 0.081082 loss_dfl: 2.287390 eta: 0:04:43 batch_cost: 0.3982 data_cost: 0.0028 ips: 10.0455 images/s, max_mem_reserved: 2161 MB, max_mem_allocated: 2011 MB
[09/22 00:44:05] ppdet.engine.callbacks INFO: Epoch: [56] [ 80/164] learning_rate: 0.000456 loss: 1.032049 loss_cls: 0.663882 loss_iou: 0.094750 loss_dfl: 2.885383 eta: 0:04:38 batch_cost: 0.4484 data_cost: 0.0028 ips: 8.9207 images/s, max_mem_reserved: 2161 MB, max_mem_allocated: 2011 MB
[09/22 00:44:10] ppdet.engine.callbacks INFO: Epoch: [56] [ 90/164] learning_rate: 0.000452 loss: 0.921660 loss_cls: 0.597749 loss_iou: 0.080953 loss_dfl: 2.416721 eta: 0:04:33 batch_cost: 0.4048 data_cost: 0.0027 ips: 9.8805 images/s, max_mem_reserved: 2161 MB, max_mem_allocated: 2011 MB
[09/22 00:44:15] ppdet.engine.callbacks INFO: Epoch: [56] [100/164] learning_rate: 0.000449 loss: 1.037355 loss_cls: 0.651280 loss_iou: 0.104693 loss_dfl: 2.450340 eta: 0:04:28 batch_cost: 0.4457 data_cost: 0.0025 ips: 8.9745 images/s, max_mem_reserved: 2161 MB, max_mem_allocated: 2011 MB
[09/22 00:44:19] ppdet.engine.callbacks INFO: Epoch: [56] [110/164] learning_rate: 0.000445 loss: 1.059881 loss_cls: 0.658367 loss_iou: 0.099555 loss_dfl: 2.718543 eta: 0:04:24 batch_cost: 0.4066 data_cost: 0.0026 ips: 9.8369 images/s, max_mem_reserved: 2161 MB, max_mem_allocated: 2011 MB
[09/22 00:44:23] ppdet.engine.callbacks INFO: Epoch: [56] [120/164] learning_rate: 0.000442 loss: 0.935533 loss_cls: 0.604693 loss_iou: 0.083972 loss_dfl: 2.782761 eta: 0:04:19 batch_cost: 0.4040 data_cost: 0.0025 ips: 9.9022 images/s, max_mem_reserved: 2161 MB, max_mem_allocated: 2011 MB
[09/22 00:44:28] ppdet.engine.callbacks INFO: Epoch: [56] [130/164] learning_rate: 0.000439 loss: 0.896760 loss_cls: 0.599300 loss_iou: 0.076042 loss_dfl: 2.231252 eta: 0:04:14 batch_cost: 0.4157 data_cost: 0.0022 ips: 9.6215 images/s, max_mem_reserved: 2161 MB, max_mem_allocated: 2011 MB
[09/22 00:44:33] ppdet.engine.callbacks INFO: Epoch: [56] [140/164] learning_rate: 0.000435 loss: 1.066078 loss_cls: 0.672407 loss_iou: 0.104089 loss_dfl: 2.695554 eta: 0:04:09 batch_cost: 0.4297 data_cost: 0.0027 ips: 9.3078 images/s, max_mem_reserved: 2161 MB, max_mem_allocated: 2011 MB
[09/22 00:44:37] ppdet.engine.callbacks INFO: Epoch: [56] [150/164] learning_rate: 0.000432 loss: 0.962448 loss_cls: 0.610482 loss_iou: 0.084264 loss_dfl: 2.593854 eta: 0:04:04 batch_cost: 0.4237 data_cost: 0.0027 ips: 9.4415 images/s, max_mem_reserved: 2161 MB, max_mem_allocated: 2011 MB
[09/22 00:44:42] ppdet.engine.callbacks INFO: Epoch: [56] [160/164] learning_rate: 0.000428 loss: 0.928913 loss_cls: 0.580796 loss_iou: 0.082435 loss_dfl: 2.458205 eta: 0:03:59 batch_cost: 0.4204 data_cost: 0.0030 ips: 9.5141 images/s, max_mem_reserved: 2161 MB, max_mem_allocated: 2011 MB
[09/22 00:44:44] ppdet.engine.callbacks INFO: Epoch: [57] [  0/164] learning_rate: 0.000427 loss: 0.877131 loss_cls: 0.578487 loss_iou: 0.080676 loss_dfl: 2.266821 eta: 0:03:57 batch_cost: 0.4363 data_cost: 0.0196 ips: 9.1684 images/s, max_mem_reserved: 2161 MB, max_mem_allocated: 2011 MB
[09/22 00:44:48] ppdet.engine.callbacks INFO: Epoch: [57] [ 10/164] learning_rate: 0.000424 loss: 0.963632 loss_cls: 0.613863 loss_iou: 0.088815 loss_dfl: 2.348728 eta: 0:03:52 batch_cost: 0.3731 data_cost: 0.0020 ips: 10.7206 images/s, max_mem_reserved: 2161 MB, max_mem_allocated: 2011 MB
[09/22 00:44:53] ppdet.engine.callbacks INFO: Epoch: [57] [ 20/164] learning_rate: 0.000420 loss: 1.024550 loss_cls: 0.637917 loss_iou: 0.099648 loss_dfl: 2.850721 eta: 0:03:48 batch_cost: 0.4815 data_cost: 0.0028 ips: 8.3069 images/s, max_mem_reserved: 2161 MB, max_mem_allocated: 2011 MB
[09/22 00:44:58] ppdet.engine.callbacks INFO: Epoch: [57] [ 30/164] learning_rate: 0.000417 loss: 0.913646 loss_cls: 0.596025 loss_iou: 0.084806 loss_dfl: 2.549618 eta: 0:03:43 batch_cost: 0.4421 data_cost: 0.0026 ips: 9.0470 images/s, max_mem_reserved: 2161 MB, max_mem_allocated: 2011 MB
[09/22 00:45:03] ppdet.engine.callbacks INFO: Epoch: [57] [ 40/164] learning_rate: 0.000414 loss: 0.954275 loss_cls: 0.609315 loss_iou: 0.085847 loss_dfl: 2.658595 eta: 0:03:38 batch_cost: 0.4519 data_cost: 0.0024 ips: 8.8513 images/s, max_mem_reserved: 2161 MB, max_mem_allocated: 2011 MB
[09/22 00:45:08] ppdet.engine.callbacks INFO: Epoch: [57] [ 50/164] learning_rate: 0.000411 loss: 0.994918 loss_cls: 0.617036 loss_iou: 0.098181 loss_dfl: 2.603925 eta: 0:03:33 batch_cost: 0.4567 data_cost: 0.0029 ips: 8.7591 images/s, max_mem_reserved: 2161 MB, max_mem_allocated: 2011 MB
[09/22 00:45:12] ppdet.engine.callbacks INFO: Epoch: [57] [ 60/164] learning_rate: 0.000407 loss: 0.980638 loss_cls: 0.591414 loss_iou: 0.091901 loss_dfl: 3.127885 eta: 0:03:28 batch_cost: 0.3818 data_cost: 0.0025 ips: 10.4775 images/s, max_mem_reserved: 2161 MB, max_mem_allocated: 2011 MB
[09/22 00:45:17] ppdet.engine.callbacks INFO: Epoch: [57] [ 70/164] learning_rate: 0.000404 loss: 0.973862 loss_cls: 0.604352 loss_iou: 0.088929 loss_dfl: 2.915359 eta: 0:03:23 batch_cost: 0.4652 data_cost: 0.0026 ips: 8.5983 images/s, max_mem_reserved: 2161 MB, max_mem_allocated: 2011 MB
[09/22 00:45:22] ppdet.engine.callbacks INFO: Epoch: [57] [ 80/164] learning_rate: 0.000401 loss: 0.999839 loss_cls: 0.628449 loss_iou: 0.094973 loss_dfl: 2.503082 eta: 0:03:18 batch_cost: 0.4528 data_cost: 0.0028 ips: 8.8330 images/s, max_mem_reserved: 2161 MB, max_mem_allocated: 2011 MB
[09/22 00:45:26] ppdet.engine.callbacks INFO: Epoch: [57] [ 90/164] learning_rate: 0.000398 loss: 0.926972 loss_cls: 0.574498 loss_iou: 0.090168 loss_dfl: 2.654764 eta: 0:03:14 batch_cost: 0.4131 data_cost: 0.0024 ips: 9.6832 images/s, max_mem_reserved: 2161 MB, max_mem_allocated: 2011 MB
[09/22 00:45:31] ppdet.engine.callbacks INFO: Epoch: [57] [100/164] learning_rate: 0.000394 loss: 0.929752 loss_cls: 0.617049 loss_iou: 0.079403 loss_dfl: 2.315341 eta: 0:03:09 batch_cost: 0.4023 data_cost: 0.0022 ips: 9.9438 images/s, max_mem_reserved: 2161 MB, max_mem_allocated: 2011 MB
[09/22 00:45:35] ppdet.engine.callbacks INFO: Epoch: [57] [110/164] learning_rate: 0.000391 loss: 0.972721 loss_cls: 0.617362 loss_iou: 0.087824 loss_dfl: 2.457371 eta: 0:03:04 batch_cost: 0.4237 data_cost: 0.0027 ips: 9.4401 images/s, max_mem_reserved: 2161 MB, max_mem_allocated: 2011 MB
[09/22 00:45:40] ppdet.engine.callbacks INFO: Epoch: [57] [120/164] learning_rate: 0.000388 loss: 0.978591 loss_cls: 0.608353 loss_iou: 0.092246 loss_dfl: 2.773169 eta: 0:02:59 batch_cost: 0.4177 data_cost: 0.0024 ips: 9.5757 images/s, max_mem_reserved: 2161 MB, max_mem_allocated: 2011 MB
[09/22 00:45:44] ppdet.engine.callbacks INFO: Epoch: [57] [130/164] learning_rate: 0.000385 loss: 0.982215 loss_cls: 0.589385 loss_iou: 0.089513 loss_dfl: 2.803694 eta: 0:02:54 batch_cost: 0.4089 data_cost: 0.0026 ips: 9.7812 images/s, max_mem_reserved: 2161 MB, max_mem_allocated: 2011 MB
[09/22 00:45:49] ppdet.engine.callbacks INFO: Epoch: [57] [140/164] learning_rate: 0.000381 loss: 0.870532 loss_cls: 0.574172 loss_iou: 0.071438 loss_dfl: 2.887134 eta: 0:02:49 batch_cost: 0.3981 data_cost: 0.0026 ips: 10.0478 images/s, max_mem_reserved: 2161 MB, max_mem_allocated: 2011 MB
[09/22 00:45:53] ppdet.engine.callbacks INFO: Epoch: [57] [150/164] learning_rate: 0.000378 loss: 1.100069 loss_cls: 0.655979 loss_iou: 0.109706 loss_dfl: 3.010374 eta: 0:02:44 batch_cost: 0.4117 data_cost: 0.0025 ips: 9.7149 images/s, max_mem_reserved: 2161 MB, max_mem_allocated: 2011 MB
[09/22 00:45:57] ppdet.engine.callbacks INFO: Epoch: [57] [160/164] learning_rate: 0.000375 loss: 0.883012 loss_cls: 0.581941 loss_iou: 0.072647 loss_dfl: 2.581530 eta: 0:02:40 batch_cost: 0.3742 data_cost: 0.0029 ips: 10.6891 images/s, max_mem_reserved: 2161 MB, max_mem_allocated: 2011 MB
[09/22 00:45:59] ppdet.engine.callbacks INFO: Epoch: [58] [  0/164] learning_rate: 0.000374 loss: 0.920875 loss_cls: 0.596178 loss_iou: 0.082951 loss_dfl: 2.490834 eta: 0:02:38 batch_cost: 0.4357 data_cost: 0.0242 ips: 9.1808 images/s, max_mem_reserved: 2161 MB, max_mem_allocated: 2011 MB
[09/22 00:46:04] ppdet.engine.callbacks INFO: Epoch: [58] [ 10/164] learning_rate: 0.000371 loss: 0.938633 loss_cls: 0.578088 loss_iou: 0.083370 loss_dfl: 2.516650 eta: 0:02:33 batch_cost: 0.4166 data_cost: 0.0020 ips: 9.6022 images/s, max_mem_reserved: 2161 MB, max_mem_allocated: 2011 MB
[09/22 00:46:09] ppdet.engine.callbacks INFO: Epoch: [58] [ 20/164] learning_rate: 0.000368 loss: 0.965551 loss_cls: 0.602329 loss_iou: 0.086406 loss_dfl: 2.791685 eta: 0:02:28 batch_cost: 0.4506 data_cost: 0.0028 ips: 8.8778 images/s, max_mem_reserved: 2161 MB, max_mem_allocated: 2011 MB
[09/22 00:46:13] ppdet.engine.callbacks INFO: Epoch: [58] [ 30/164] learning_rate: 0.000364 loss: 0.902967 loss_cls: 0.568286 loss_iou: 0.081736 loss_dfl: 2.324455 eta: 0:02:23 batch_cost: 0.3788 data_cost: 0.0024 ips: 10.5610 images/s, max_mem_reserved: 2161 MB, max_mem_allocated: 2011 MB
[09/22 00:46:17] ppdet.engine.callbacks INFO: Epoch: [58] [ 40/164] learning_rate: 0.000361 loss: 0.874516 loss_cls: 0.555976 loss_iou: 0.080693 loss_dfl: 2.322196 eta: 0:02:18 batch_cost: 0.4052 data_cost: 0.0025 ips: 9.8711 images/s, max_mem_reserved: 2161 MB, max_mem_allocated: 2011 MB
[09/22 00:46:22] ppdet.engine.callbacks INFO: Epoch: [58] [ 50/164] learning_rate: 0.000358 loss: 0.982544 loss_cls: 0.619098 loss_iou: 0.088954 loss_dfl: 2.810639 eta: 0:02:13 batch_cost: 0.4409 data_cost: 0.0024 ips: 9.0729 images/s, max_mem_reserved: 2161 MB, max_mem_allocated: 2011 MB
[09/22 00:46:27] ppdet.engine.callbacks INFO: Epoch: [58] [ 60/164] learning_rate: 0.000355 loss: 0.987698 loss_cls: 0.611370 loss_iou: 0.097735 loss_dfl: 2.600201 eta: 0:02:09 batch_cost: 0.4220 data_cost: 0.0026 ips: 9.4797 images/s, max_mem_reserved: 2161 MB, max_mem_allocated: 2011 MB
[09/22 00:46:31] ppdet.engine.callbacks INFO: Epoch: [58] [ 70/164] learning_rate: 0.000352 loss: 0.863477 loss_cls: 0.561014 loss_iou: 0.067863 loss_dfl: 2.498954 eta: 0:02:04 batch_cost: 0.3863 data_cost: 0.0028 ips: 10.3555 images/s, max_mem_reserved: 2161 MB, max_mem_allocated: 2011 MB
[09/22 00:46:36] ppdet.engine.callbacks INFO: Epoch: [58] [ 80/164] learning_rate: 0.000349 loss: 0.993227 loss_cls: 0.627878 loss_iou: 0.093091 loss_dfl: 2.600580 eta: 0:01:59 batch_cost: 0.4384 data_cost: 0.0028 ips: 9.1236 images/s, max_mem_reserved: 2161 MB, max_mem_allocated: 2011 MB
[09/22 00:46:40] ppdet.engine.callbacks INFO: Epoch: [58] [ 90/164] learning_rate: 0.000346 loss: 0.962800 loss_cls: 0.601062 loss_iou: 0.093978 loss_dfl: 2.373323 eta: 0:01:54 batch_cost: 0.4195 data_cost: 0.0031 ips: 9.5363 images/s, max_mem_reserved: 2161 MB, max_mem_allocated: 2011 MB
[09/22 00:46:45] ppdet.engine.callbacks INFO: Epoch: [58] [100/164] learning_rate: 0.000343 loss: 0.998685 loss_cls: 0.616450 loss_iou: 0.097274 loss_dfl: 2.568976 eta: 0:01:49 batch_cost: 0.4494 data_cost: 0.0025 ips: 8.9011 images/s, max_mem_reserved: 2161 MB, max_mem_allocated: 2011 MB
[09/22 00:46:50] ppdet.engine.callbacks INFO: Epoch: [58] [110/164] learning_rate: 0.000340 loss: 0.907526 loss_cls: 0.576679 loss_iou: 0.080228 loss_dfl: 2.626661 eta: 0:01:44 batch_cost: 0.4219 data_cost: 0.0025 ips: 9.4815 images/s, max_mem_reserved: 2161 MB, max_mem_allocated: 2011 MB
[09/22 00:46:54] ppdet.engine.callbacks INFO: Epoch: [58] [120/164] learning_rate: 0.000337 loss: 0.968787 loss_cls: 0.620907 loss_iou: 0.090747 loss_dfl: 2.681824 eta: 0:01:40 batch_cost: 0.4009 data_cost: 0.0028 ips: 9.9779 images/s, max_mem_reserved: 2161 MB, max_mem_allocated: 2011 MB
[09/22 00:46:59] ppdet.engine.callbacks INFO: Epoch: [58] [130/164] learning_rate: 0.000334 loss: 1.023428 loss_cls: 0.635574 loss_iou: 0.095858 loss_dfl: 2.839140 eta: 0:01:35 batch_cost: 0.4240 data_cost: 0.0025 ips: 9.4330 images/s, max_mem_reserved: 2161 MB, max_mem_allocated: 2011 MB
[09/22 00:47:03] ppdet.engine.callbacks INFO: Epoch: [58] [140/164] learning_rate: 0.000331 loss: 0.996362 loss_cls: 0.618756 loss_iou: 0.100090 loss_dfl: 2.913382 eta: 0:01:30 batch_cost: 0.4182 data_cost: 0.0022 ips: 9.5659 images/s, max_mem_reserved: 2161 MB, max_mem_allocated: 2011 MB
[09/22 00:47:08] ppdet.engine.callbacks INFO: Epoch: [58] [150/164] learning_rate: 0.000328 loss: 0.990234 loss_cls: 0.616880 loss_iou: 0.095461 loss_dfl: 2.714645 eta: 0:01:25 batch_cost: 0.4407 data_cost: 0.0025 ips: 9.0769 images/s, max_mem_reserved: 2161 MB, max_mem_allocated: 2011 MB
[09/22 00:47:13] ppdet.engine.callbacks INFO: Epoch: [58] [160/164] learning_rate: 0.000325 loss: 0.932127 loss_cls: 0.604955 loss_iou: 0.087412 loss_dfl: 2.532615 eta: 0:01:20 batch_cost: 0.4325 data_cost: 0.0027 ips: 9.2490 images/s, max_mem_reserved: 2161 MB, max_mem_allocated: 2011 MB
[09/22 00:47:15] ppdet.engine.callbacks INFO: Epoch: [59] [  0/164] learning_rate: 0.000324 loss: 1.067726 loss_cls: 0.646926 loss_iou: 0.103511 loss_dfl: 2.919514 eta: 0:01:18 batch_cost: 0.4732 data_cost: 0.0225 ips: 8.4534 images/s, max_mem_reserved: 2161 MB, max_mem_allocated: 2011 MB
[09/22 00:47:20] ppdet.engine.callbacks INFO: Epoch: [59] [ 10/164] learning_rate: 0.000321 loss: 0.951482 loss_cls: 0.572782 loss_iou: 0.094480 loss_dfl: 3.028613 eta: 0:01:14 batch_cost: 0.4486 data_cost: 0.0022 ips: 8.9164 images/s, max_mem_reserved: 2161 MB, max_mem_allocated: 2011 MB
[09/22 00:47:25] ppdet.engine.callbacks INFO: Epoch: [59] [ 20/164] learning_rate: 0.000318 loss: 0.969733 loss_cls: 0.643234 loss_iou: 0.078789 loss_dfl: 2.575339 eta: 0:01:09 batch_cost: 0.4519 data_cost: 0.0028 ips: 8.8517 images/s, max_mem_reserved: 2161 MB, max_mem_allocated: 2011 MB
[09/22 00:47:30] ppdet.engine.callbacks INFO: Epoch: [59] [ 30/164] learning_rate: 0.000315 loss: 1.023241 loss_cls: 0.615330 loss_iou: 0.103329 loss_dfl: 2.792543 eta: 0:01:04 batch_cost: 0.4836 data_cost: 0.0026 ips: 8.2706 images/s, max_mem_reserved: 2161 MB, max_mem_allocated: 2011 MB
[09/22 00:47:34] ppdet.engine.callbacks INFO: Epoch: [59] [ 40/164] learning_rate: 0.000312 loss: 0.867676 loss_cls: 0.579922 loss_iou: 0.076679 loss_dfl: 2.259303 eta: 0:00:59 batch_cost: 0.3936 data_cost: 0.0025 ips: 10.1628 images/s, max_mem_reserved: 2161 MB, max_mem_allocated: 2011 MB
[09/22 00:47:39] ppdet.engine.callbacks INFO: Epoch: [59] [ 50/164] learning_rate: 0.000309 loss: 1.045137 loss_cls: 0.641264 loss_iou: 0.103630 loss_dfl: 2.684657 eta: 0:00:54 batch_cost: 0.4694 data_cost: 0.0021 ips: 8.5206 images/s, max_mem_reserved: 2161 MB, max_mem_allocated: 2011 MB
[09/22 00:47:44] ppdet.engine.callbacks INFO: Epoch: [59] [ 60/164] learning_rate: 0.000306 loss: 0.965751 loss_cls: 0.599793 loss_iou: 0.081783 loss_dfl: 2.656301 eta: 0:00:50 batch_cost: 0.4210 data_cost: 0.0023 ips: 9.5001 images/s, max_mem_reserved: 2161 MB, max_mem_allocated: 2011 MB
[09/22 00:47:48] ppdet.engine.callbacks INFO: Epoch: [59] [ 70/164] learning_rate: 0.000303 loss: 0.967945 loss_cls: 0.620472 loss_iou: 0.086511 loss_dfl: 2.586285 eta: 0:00:45 batch_cost: 0.4290 data_cost: 0.0028 ips: 9.3230 images/s, max_mem_reserved: 2161 MB, max_mem_allocated: 2011 MB
[09/22 00:47:53] ppdet.engine.callbacks INFO: Epoch: [59] [ 80/164] learning_rate: 0.000301 loss: 0.946722 loss_cls: 0.590264 loss_iou: 0.087756 loss_dfl: 2.568581 eta: 0:00:40 batch_cost: 0.3904 data_cost: 0.0023 ips: 10.2472 images/s, max_mem_reserved: 2161 MB, max_mem_allocated: 2011 MB
[09/22 00:47:57] ppdet.engine.callbacks INFO: Epoch: [59] [ 90/164] learning_rate: 0.000298 loss: 0.961402 loss_cls: 0.606098 loss_iou: 0.086841 loss_dfl: 2.627932 eta: 0:00:35 batch_cost: 0.4090 data_cost: 0.0024 ips: 9.7792 images/s, max_mem_reserved: 2161 MB, max_mem_allocated: 2011 MB
[09/22 00:48:02] ppdet.engine.callbacks INFO: Epoch: [59] [100/164] learning_rate: 0.000295 loss: 0.993028 loss_cls: 0.614365 loss_iou: 0.100051 loss_dfl: 2.794446 eta: 0:00:30 batch_cost: 0.4189 data_cost: 0.0023 ips: 9.5499 images/s, max_mem_reserved: 2161 MB, max_mem_allocated: 2011 MB
[09/22 00:48:06] ppdet.engine.callbacks INFO: Epoch: [59] [110/164] learning_rate: 0.000292 loss: 0.892810 loss_cls: 0.575475 loss_iou: 0.084027 loss_dfl: 2.483004 eta: 0:00:25 batch_cost: 0.3845 data_cost: 0.0024 ips: 10.4042 images/s, max_mem_reserved: 2161 MB, max_mem_allocated: 2011 MB
[09/22 00:48:11] ppdet.engine.callbacks INFO: Epoch: [59] [120/164] learning_rate: 0.000289 loss: 0.898029 loss_cls: 0.570646 loss_iou: 0.079676 loss_dfl: 2.702633 eta: 0:00:21 batch_cost: 0.4194 data_cost: 0.0026 ips: 9.5374 images/s, max_mem_reserved: 2161 MB, max_mem_allocated: 2011 MB
[09/22 00:48:15] ppdet.engine.callbacks INFO: Epoch: [59] [130/164] learning_rate: 0.000286 loss: 1.069872 loss_cls: 0.656906 loss_iou: 0.101891 loss_dfl: 2.837561 eta: 0:00:16 batch_cost: 0.4327 data_cost: 0.0026 ips: 9.2438 images/s, max_mem_reserved: 2161 MB, max_mem_allocated: 2011 MB
[09/22 00:48:20] ppdet.engine.callbacks INFO: Epoch: [59] [140/164] learning_rate: 0.000284 loss: 0.938302 loss_cls: 0.589733 loss_iou: 0.092218 loss_dfl: 2.334337 eta: 0:00:11 batch_cost: 0.4554 data_cost: 0.0030 ips: 8.7828 images/s, max_mem_reserved: 2161 MB, max_mem_allocated: 2011 MB
[09/22 00:48:25] ppdet.engine.callbacks INFO: Epoch: [59] [150/164] learning_rate: 0.000281 loss: 0.923116 loss_cls: 0.590949 loss_iou: 0.086215 loss_dfl: 2.488335 eta: 0:00:06 batch_cost: 0.4116 data_cost: 0.0027 ips: 9.7183 images/s, max_mem_reserved: 2161 MB, max_mem_allocated: 2011 MB
[09/22 00:48:29] ppdet.engine.callbacks INFO: Epoch: [59] [160/164] learning_rate: 0.000278 loss: 0.950433 loss_cls: 0.605222 loss_iou: 0.085907 loss_dfl: 2.583889 eta: 0:00:01 batch_cost: 0.3888 data_cost: 0.0027 ips: 10.2886 images/s, max_mem_reserved: 2161 MB, max_mem_allocated: 2011 MB
[09/22 00:48:31] ppdet.utils.checkpoint INFO: Save checkpoint: output_extra
[09/22 00:48:32] ppdet.engine.callbacks INFO: Eval iter: 0
[09/22 00:48:37] ppdet.metrics.metrics INFO: Accumulating evaluatation results...
[09/22 00:48:37] ppdet.metrics.metrics INFO: mAP(0.50, 11point) = 89.38%
[09/22 00:48:37] ppdet.engine.callbacks INFO: Total sample number: 100, average FPS: 16.16811586448647
[09/22 00:48:37] ppdet.engine INFO: Best test bbox ap is 0.894.
[09/22 00:48:38] ppdet.utils.checkpoint INFO: Save checkpoint: output_extra
